car_name,yr_mfr,fuel_type,kms_run,sale_price,city,times_viewed,body_type,transmission,variant
maruti swift,2015,petrol,8063,386399,noida,18715,hatchback,manual,lxi opt
maruti alto 800,2016,petrol,23104,265499,noida,2676,hatchback,manual,lxi
hyundai grand i10,2017,petrol,23402,477699,noida,609,hatchback,manual,sports 1.2 vtvt
maruti swift,2013,diesel,39124,307999,noida,6511,hatchback,manual,vdi
hyundai grand i10,2015,petrol,22116,361499,noida,3225,hatchback,manual,magna 1.2 vtvt
maruti alto k10,2018,petrol,23534,335299,noida,1055,hatchback,,vxi (o) amt
maruti ritz,2012,diesel,41213,281999,noida,909,hatchback,manual,vdi
hyundai i20,2012,petrol,38328,321499,noida,2760,hatchback,manual,asta 1.2
hyundai elite i20,2014,diesel,56402,456199,noida,2475,hatchback,manual,magna 1.4 crdi
renault kwid,2018,petrol,32703,281299,noida,2497,hatchback,manual,rxl
maruti alto 800,2014,petrol,53180,206899,noida,1446,hatchback,manual,lxi
hyundai i10,2008,petrol,44219,194699,noida,1798,hatchback,manual,sportz 1.2
hyundai i20,2012,diesel,55764,287999,noida,3115,hatchback,manual,sportz 1.4 crdi
honda brio,2012,petrol,58581,235699,noida,1752,hatchback,manual,1.2 v mt i vtec
hyundai i10,2011,petrol,49761,207499,noida,2226,hatchback,manual,magna 1.2 kappa2
honda city,2010,petrol,63808,304199,noida,2493,sedan,manual,s mt petrol
hyundai i10,2011,petrol,70126,217599,noida,2450,hatchback,manual,sportz 1.2 kappa2
hyundai eon,2013,petrol,49817,216899,noida,1498,hatchback,manual,d lite plus
maruti swift,2015,diesel,62806,396499,noida,2965,hatchback,manual,vdi abs
honda brio,2015,petrol,58396,347399,noida,620,hatchback,manual,1.2 s mt i vtec
hyundai eon,2014,petrol,59559,209799,noida,2216,hatchback,manual,era plus
hyundai verna,2012,diesel,68355,398799,noida,1960,sedan,manual,fluidic 1.6 sx crdi
maruti ritz,2010,petrol,82078,207099,noida,881,hatchback,manual,vxi bs iv
maruti swift,2013,diesel,66350,318399,noida,779,hatchback,manual,vdi
maruti alto,2010,petrol,56231,180999,noida,1161,hatchback,manual,lxi
hyundai i20,2010,petrol,72985,227699,noida,1505,hatchback,manual,magna o 1.2
hyundai santro xing,2009,petrol,79244,164899,noida,2030,hatchback,manual,gls
maruti swift,2014,petrol,71876,389699,noida,1151,hatchback,manual,vxi
maruti swift dzire,2011,petrol,90479,224299,noida,2775,sedan,manual,vxi 1.2 bs iv
ford ecosport,2013,diesel,66940,397199,noida,3986,suv,manual,1.5 trend tdci
maruti swift dzire,2013,diesel,80394,332499,noida,1491,sedan,manual,vdi bs iv
maruti swift dzire,2012,diesel,77954,306899,noida,748,sedan,manual,vdi bs iv
nissan sunny,2012,petrol,82364,287099,noida,1537,sedan,manual,xl petrol
hyundai xcent,2014,diesel,66743,276299,noida,1339,sedan,manual,s 1.1 crdi
maruti ritz,2012,diesel,114402,228699,noida,491,hatchback,manual,vdi
hyundai i20,2012,diesel,83767,244399,noida,4003,hatchback,manual,magna o 1.4 crdi
toyota etios liva,2012,diesel,87914,266299,noida,606,hatchback,manual,d 4d gd
maruti swift,2013,diesel,74429,314499,noida,1418,hatchback,manual,vdi
maruti swift,2014,diesel,81137,381299,noida,770,hatchback,manual,vdi
hyundai i20,2012,diesel,85689,302299,noida,1268,hatchback,manual,sportz 1.4 crdi
hyundai santro xing,2011,petrol,139038,165499,noida,2258,hatchback,manual,gl plus
hyundai grand i10,2013,petrol,82328,364399,noida,400,hatchback,manual,sportz 1.2 kappa vtvt
hyundai verna,2015,diesel,87238,542699,noida,1289,sedan,manual,fluidic 1.6 crdi s
maruti swift dzire,2010,petrol,95236,202499,noida,2344,sedan,manual,vxi
maruti alto k10,2012,petrol,92532,215599,noida,493,hatchback,manual,vxi
maruti celerio,2016,petrol & cng,104962,326499,noida,2613,hatchback,manual,vxi cng
maruti baleno,2016,diesel,88453,545799,noida,1463,hatchback,manual,alpha ddis 190
maruti swift dzire,2013,diesel,77823,390699,noida,468,sedan,manual,zdi
maruti swift dzire,2013,diesel,82016,274399,noida,2521,sedan,manual,ldi bs iv
hyundai i20,2012,diesel,112314,294799,noida,608,hatchback,manual,sportz 1.4 crdi
maruti swift dzire,2013,diesel,96826,352799,noida,1102,sedan,manual,vdi
maruti swift,2015,diesel,91280,405399,noida,572,hatchback,manual,vdi abs
maruti swift,2015,diesel,92527,372899,noida,1172,hatchback,manual,vdi abs
hyundai new elantra,2013,diesel,81971,604299,noida,1946,luxury sedan,manual,s 1.6 mt
hyundai i20,2012,diesel,118130,243299,noida,1385,hatchback,manual,sportz o 1.4 crdi
maruti swift,2014,diesel,124969,367999,noida,812,hatchback,manual,zdi
maruti swift,2011,diesel,133175,289199,noida,1424,hatchback,manual,zdi
maruti swift dzire,2013,diesel,110484,391499,noida,776,sedan,manual,zdi
honda amaze,2014,petrol,78097,337799,noida,1330,sedan,manual,1.2 smt i vtec
maruti ritz,2012,diesel,100995,234399,noida,701,hatchback,manual,vdi
maruti ritz,2012,diesel,123546,215699,noida,770,hatchback,manual,vdi
hyundai elite i20,2015,diesel,110531,420299,noida,1774,hatchback,manual,magna 1.4 crdi
hyundai creta,2018,diesel,78027,1149984,noida,1175,suv,automatic,1.6 crdi sx plus auto
maruti swift,2012,diesel,129639,306199,noida,569,hatchback,manual,vdi
maruti swift,2009,petrol & cng,118559,215299,noida,2935,hatchback,manual,vxi
maruti swift,2012,diesel,156680,291399,noida,482,hatchback,manual,vdi
maruti wagon r 1.0,2010,petrol & cng,176287,219999,noida,1530,hatchback,manual,lxi cng
honda amaze,2015,diesel,123934,315599,noida,1352,sedan,manual,1.5 emt i dtec
audi q3,2014,diesel,66027,1332390,noida,3871,luxury suv,,2.0 tdi quattro mt
hyundai creta,2015,diesel,88375,789799,noida,1009,suv,,1.6 sx crdi
maruti swift dzire,2012,diesel,180639,312099,noida,669,sedan,manual,vdi bs iv
hyundai elite i20,2015,diesel,116697,536999,noida,676,hatchback,manual,asta 1.4 crdi
maruti vitara brezza,2016,diesel,111613,593099,noida,755,suv,manual,vdi
honda amaze,2014,diesel,98992,293999,noida,1790,sedan,manual,1.5 exmt i dtec
hyundai elite i20,2017,diesel,148526,514799,noida,1140,hatchback,manual,sportz 1.4
toyota corolla altis,2014,diesel,103033,694599,noida,3101,luxury sedan,manual,d 4d j
maruti swift,2013,diesel,194203,284099,noida,1020,hatchback,manual,vdi
audi q3,2014,diesel,90959,1103827,noida,3892,luxury suv,,2.0 tdi
toyota innova,2015,diesel,111562,844899,noida,1356,suv,manual,2.5 vx 7 str bs iv
renault scala,2013,diesel,219642,264299,noida,1241,sedan,manual,rxz
maruti wagon r 1.0,2015,petrol,11343,334899,noida,3337,hatchback,manual,vxi
maruti alto 800,2019,petrol & cng,2510,346599,noida,2873,hatchback,manual,lxi cng
maruti alto k10,2013,petrol,21784,240199,noida,963,hatchback,manual,vxi
renault kwid,2019,petrol,4279,341199,noida,502,hatchback,manual,rxt
maruti dzire,2019,petrol,11393,516599,noida,6046,sedan,manual,lxi
maruti alto k10,2019,petrol,11221,358099,noida,1039,hatchback,,vxi opt. mt
honda city,2010,petrol,47405,360799,noida,1064,sedan,manual,s mt petrol
maruti swift,2013,petrol,43803,352799,noida,1184,hatchback,manual,vxi
hyundai eon,2013,petrol,24955,226199,noida,924,hatchback,manual,d lite plus
maruti alto 800,2016,petrol,34451,259999,noida,816,hatchback,manual,lxi
renault kwid,2016,petrol,40154,213999,noida,5697,hatchback,manual,rxt
renault kwid,2016,petrol,37916,234099,noida,5518,hatchback,manual,rxt
hyundai grand i10,2017,petrol,25826,488699,noida,935,hatchback,,sportz (o) 1.2 at vtvt
hyundai grand i10,2017,petrol & cng,38901,462899,noida,1702,hatchback,,sportz(o) 1.2 mt
maruti wagon r 1.0,2012,petrol,39131,232999,noida,1501,hatchback,manual,lxi
renault duster,2013,diesel,28769,454599,noida,2393,suv,manual,85 ps rxl opt
maruti alto k10,2018,petrol,3212,394399,noida,846,hatchback,manual,vxi
hyundai eon,2016,petrol,14776,278199,noida,1063,hatchback,manual,era plus
maruti swift,2013,diesel,50647,349299,noida,664,hatchback,manual,vdi
hyundai elite i20,2019,petrol,21556,571299,noida,1725,hatchback,,1.2 magna plus vtvt
maruti swift,2013,petrol,48461,370599,noida,775,hatchback,manual,vxi
maruti swift,2012,diesel,62476,317399,noida,693,hatchback,manual,vdi
tata tiago,2017,diesel,85779,332399,noida,1000,hatchback,manual,xt 1.05 revotorq
hyundai creta,2015,petrol,20087,823499,noida,1301,suv,manual,1.6 s
hyundai i10,2011,petrol,59431,223599,noida,1066,hatchback,manual,sportz 1.2 kappa2
toyota etios liva,2013,petrol,40911,294399,noida,1343,hatchback,manual,g
maruti ertiga,2019,petrol,8326,897199,noida,6979,suv,,zxi smart hybrid
hyundai i20,2011,petrol,71538,256699,noida,878,hatchback,manual,magna o 1.2
datsun redi go,2016,petrol,28840,221399,noida,1922,hatchback,manual,t (o)
maruti celerio,2015,petrol,53095,354999,noida,649,hatchback,manual,zxi
hyundai i20,2012,diesel,59922,276399,noida,991,hatchback,manual,magna 1.4 crdi
honda wr-v,2018,petrol,28290,709899,noida,2443,suv,manual,1.2 i-vtec vx mt
maruti baleno,2017,petrol,34205,509399,noida,519,hatchback,manual,zeta 1.2 k12
maruti swift,2015,petrol,57972,369399,noida,938,hatchback,manual,vxi
maruti swift,2008,petrol,61909,203099,noida,654,hatchback,manual,lxi 1.3
mahindra xuv500,2012,diesel,49367,479899,noida,4922,luxury suv,manual,w8 fwd
mahindra xuv500,2014,diesel,64950,555999,noida,3259,luxury suv,manual,w8 fwd
maruti sx4,2010,petrol,61261,232899,noida,1143,sedan,manual,zxi
honda amaze,2013,diesel,72461,301399,noida,778,sedan,manual,1.5 exmt i dtec
maruti swift,2013,diesel,67011,369299,noida,494,hatchback,manual,vdi
hyundai elite i20,2015,petrol,53171,480399,noida,1015,hatchback,manual,sportz 1.2
hyundai grand i10,2017,petrol,93152,377799,noida,631,hatchback,,sportz(o) 1.2 mt
volkswagen polo,2011,petrol,59541,275099,noida,496,hatchback,manual,comfortline 1.2l petrol
maruti zen estilo,2011,petrol,89510,188399,noida,1377,hatchback,manual,lxi
tata tiago,2016,petrol,55538,359399,noida,1373,hatchback,manual,xt 1.2 revotron
mahindra scorpio,2015,diesel,50968,801099,noida,2106,suv,manual,s8
toyota innova crysta,2017,diesel,42841,1415109,noida,1528,suv,manual,2.4 gx 7 str
volkswagen polo,2013,petrol,65942,317199,noida,1320,hatchback,manual,comfortline 1.2l petrol
mahindra scorpio,2016,diesel,59831,1092313,noida,3284,suv,manual,s10
hyundai creta,2016,petrol,61582,720299,noida,1680,suv,manual,1.6 sx plus petrol
mahindra scorpio,2016,diesel,61330,1030804,noida,2581,suv,manual,s10
ford figo,2012,diesel,58699,233099,noida,380,hatchback,manual,1.4 zxi duratorq
maruti swift,2009,petrol,96354,239299,noida,338,hatchback,manual,vxi
mitsubishi outlander,2009,petrol,95127,307099,noida,2828,luxury suv,manual,2.4 mivec
hyundai verna,2014,diesel,81676,520499,noida,204,sedan,manual,fluidic 1.6 sx crdi opt
hyundai verna,2014,diesel,84334,510699,noida,743,sedan,manual,fluidic 1.4 crdi cx
volkswagen ameo,2017,diesel,73768,486299,noida,1242,sedan,manual,highline 1.5
maruti zen estilo,2010,petrol,65057,208999,noida,351,hatchback,manual,lxi
maruti alto k10,2012,petrol,89988,206399,noida,750,hatchback,manual,vxi
maruti celerio,2016,petrol & cng,100780,358299,noida,1776,hatchback,manual,vxi cng
honda brio,2013,petrol,90659,251399,noida,448,hatchback,manual,1.2 s mt i vtec
hyundai santro xing,2013,petrol,79800,220699,noida,1251,hatchback,manual,gl plus
maruti swift dzire,2012,petrol,90220,290899,noida,1831,sedan,manual,lxi 1.2 bs iv
ford ecosport,2013,diesel,99113,413099,noida,1508,suv,manual,1.5titanium tdci
mahindra xuv500,2014,diesel,60070,699399,noida,1583,luxury suv,manual,w8 fwd
nissan terrano,2014,diesel,110471,469099,noida,842,suv,manual,xv 110 diesel
honda amaze,2014,petrol,86304,364599,noida,535,sedan,manual,1.2 smt i vtec
maruti ritz,2010,petrol,108338,230799,noida,490,hatchback,manual,vxi genus
hyundai i20,2012,diesel,122256,299399,noida,524,hatchback,manual,sportz 1.4 crdi
toyota etios,2015,petrol,168109,330899,noida,938,sedan,manual,g
maruti ertiga,2012,diesel,186207,440199,noida,1085,suv,manual,vdi
volkswagen vento,2013,diesel,192715,377799,noida,888,sedan,manual,highline diesel
toyota corolla altis,2014,petrol,134937,751399,noida,1166,luxury sedan,manual,gl
audi q3,2013,diesel,114155,1072517,noida,1288,luxury suv,automatic,2.0 tdi quattro
hyundai creta,2016,diesel,124714,818799,noida,924,suv,,1.6 sx at crdi
audi a6,2013,diesel,107465,1202706,noida,1937,luxury sedan,automatic,2.0 tdi premium plus
toyota fortuner,2013,diesel,154297,1213917,noida,2095,luxury suv,automatic,3.0 at 4x2
toyota innova,2014,diesel,214389,619299,noida,876,suv,manual,2.5 gx 7 str bs iv
maruti celerio,2015,petrol & cng,158356,316399,noida,1278,hatchback,manual,vxi cng
maruti swift,2015,petrol,27191,365799,noida,2550,hatchback,manual,lxi opt
maruti alto 800,2017,petrol,15581,257699,noida,3272,hatchback,manual,lxi
maruti swift dzire,2011,petrol,15248,254299,noida,2660,sedan,manual,vxi 1.2 bs iv
maruti alto k10,2018,petrol,17599,335199,noida,1102,hatchback,manual,vxi
mahindra scorpio,2013,diesel,34861,506799,noida,1701,suv,manual,lx bs iv
maruti swift,2019,petrol,9218,568299,noida,2291,hatchback,manual,vxi
hyundai grand i10,2019,petrol,7794,513399,noida,2127,hatchback,manual,sportz 1.2 kappa vtvt
datsun redi go,2018,petrol,14537,277899,noida,1185,hatchback,,1.0 t(o) at
maruti swift,2013,diesel,45994,356099,noida,1291,hatchback,manual,vdi
hyundai i10,2010,petrol,55388,190499,noida,2158,hatchback,manual,magna 1.2 kappa2
maruti sx4,2010,petrol,51871,238199,noida,1026,sedan,,zxi at
maruti ritz,2011,petrol,41762,239399,noida,1252,hatchback,manual,vxi bs iv
mahindra tuv300,2016,diesel,37219,551499,noida,3898,suv,automatic,t8 at
hyundai elite i20,2020,petrol,11146,532799,noida,6329,hatchback,,1.2 magna plus vtvt
honda city,2014,petrol,48845,530499,noida,2855,sedan,manual,v mt petrol
maruti new  wagon-r,2019,petrol,21000,397699,noida,2197,,,lxi 1.0 l
honda amaze,2017,petrol,37426,450999,noida,1624,sedan,manual,1.2 smt i vtec
renault kwid,2018,petrol,31537,283999,noida,4740,hatchback,manual,rxl
hyundai i10,2010,petrol,68453,174499,noida,1693,hatchback,manual,era 1.1 irde
honda city,2017,petrol & cng,28074,791599,noida,1517,sedan,manual,vx mt petrol
hyundai xcent,2014,diesel,68235,275699,noida,1416,sedan,manual,s 1.1 crdi opt
maruti swift dzire,2013,diesel,67411,271499,noida,1264,sedan,manual,ldi bs iv
maruti swift dzire,2012,diesel,80671,336099,noida,871,sedan,manual,vdi bs iv
maruti ritz,2009,petrol,48907,189299,noida,1318,hatchback,manual,vxi
maruti ertiga,2015,diesel,57933,574199,noida,1224,suv,manual,zdi
hyundai i20,2009,petrol,86251,175299,noida,4681,hatchback,manual,magna 1.2 vtvt
maruti alto,2019,petrol & cng,50244,313399,noida,1664,hatchback,manual,lxi
maruti alto k10,2014,petrol & cng,70930,274799,noida,808,hatchback,manual,lxi cng
maruti wagon r 1.0,2012,petrol & cng,83630,218899,noida,1670,hatchback,manual,lxi cng
hyundai verna,2018,diesel,38712,949499,noida,6516,sedan,automatic,1.6 crdi sx + at
maruti vitara brezza,2017,diesel,39663,732399,noida,1186,suv,manual,zdi plus
hyundai verna,2017,diesel,38307,747999,noida,4483,sedan,manual,1.6 crdi sx
mahindra tuv300,2015,diesel,71692,579599,noida,1830,suv,automatic,t8 at
hyundai verna,2019,diesel,25800,846799,noida,5905,sedan,,1.4 crdi ex mt
maruti ertiga,2012,diesel,89257,419599,noida,2159,suv,manual,vdi
hyundai elite i20,2018,petrol & cng,42277,523699,noida,276,hatchback,manual,asta 1.2
maruti vitara brezza,2018,diesel,28572,780799,noida,2814,suv,manual,zdi plus
ford ecosport,2018,petrol,11844,791199,noida,2157,suv,manual,1.5 titanium ti vct
maruti ertiga,2012,diesel,81227,380599,noida,2065,suv,manual,zdi
hyundai verna,2012,diesel,84027,283299,noida,3776,sedan,manual,fluidic 1.4 crdi
maruti xl6,2019,petrol,10643,877199,noida,2581,suv,,alpha shvs  mt
tata harrier,2019,diesel,50873,1280577,noida,7645,suv,,xz 2.0l kryotec
honda city,2014,diesel,74867,514499,noida,1561,sedan,manual,vx mt diesel
honda civic,2010,petrol,86619,273199,noida,3364,sedan,automatic,1.8v at
maruti swift,2009,petrol,89564,177099,noida,2924,hatchback,manual,vxi 1.3
hyundai verna,2014,diesel,75854,488299,noida,2142,sedan,manual,fluidic 1.6 sx crdi opt
honda brio,2014,petrol,76938,273899,noida,1519,hatchback,manual,1.2 s mt i vtec
hyundai i10,2015,petrol & cng,87634,297599,noida,1362,hatchback,manual,magna 1.1 irde2
mercedes benz cla class,2016,diesel,19492,2055348,noida,7142,luxury sedan,manual,cla 200 cdi sport
maruti baleno,2016,diesel,81175,538099,noida,824,hatchback,manual,alpha ddis 190
hyundai i10,2012,petrol,88696,200799,noida,663,hatchback,manual,magna 1.2 kappa2
honda amaze,2018,diesel,56926,569899,noida,2893,sedan,manual,1.5 smt i dtec
maruti ciaz,2018,diesel,57860,770199,noida,1808,sedan,manual,alpha 1.3 ddis shvs
mahindra kuv100,2016,diesel,99569,266299,noida,3386,suv,manual,k4+ d 6 str
honda city,2009,petrol,133196,201899,noida,1327,sedan,,1.5 e mt petrol
maruti eeco,2017,petrol & cng,105847,280699,noida,1936,suv,manual,7 str
maruti alto,2009,petrol & cng,109466,105999,noida,3658,hatchback,manual,lxi
audi a3,2016,petrol,76749,1663670,noida,3457,luxury sedan,automatic,40 tfsi premium
maruti swift dzire,2013,petrol,95093,288599,noida,457,sedan,manual,vxi 1.2 bs iv
mahindra xuv500,2014,diesel,82866,504199,noida,3729,luxury suv,manual,w4
toyota corolla altis,2012,petrol,118659,444299,noida,1267,luxury sedan,automatic,vl at
honda city,2014,petrol,93529,478899,noida,907,sedan,manual,sv mt petrol
hyundai creta,2017,diesel,109022,754099,noida,1382,suv,,1.6 sx crdi
hyundai i10,2013,petrol,93866,234299,noida,1412,hatchback,manual,sportz 1.2 kappa2
honda amaze,2014,diesel,110019,282299,noida,1164,sedan,manual,1.5 exmt i dtec
maruti alto 800,2014,petrol & cng,101288,212699,noida,2278,hatchback,manual,lxi cng
maruti swift,2014,petrol & cng,104448,314999,noida,1730,hatchback,manual,lxi
toyota fortuner,2012,diesel,169704,1089687,noida,2557,luxury suv,manual,3.0 mt 4x2
honda city,2015,petrol,147944,554899,noida,725,sedan,manual,vx mt petrol
hyundai santro xing,2010,petrol & cng,84568,135000,noida,442,hatchback,manual,gls cng
mahindra xuv500,2015,diesel,45412,700000,noida,179,suv,manual,w6 4x2
hyundai i20,2013,petrol,29656,339299,noida,4397,hatchback,manual,magna o 1.2
honda brio,2012,petrol,48415,199499,noida,3180,hatchback,manual,1.2 s mt i vtec
honda amaze,2019,petrol,5906,581299,noida,3004,sedan,manual,1.2 smt i vtec
hyundai santro xing,2014,petrol,45361,265899,noida,2730,hatchback,manual,gl plus
maruti alto 800,2014,petrol & cng,22307,254999,noida,244,hatchback,manual,lxi
renault kwid,2017,petrol,29238,301499,noida,988,hatchback,manual,1.0 rxt opt
maruti swift dzire,2014,diesel,27619,481099,noida,2225,sedan,manual,zdi
maruti baleno,2019,petrol,5631,602799,noida,3203,hatchback,manual,delta 1.2 k12
maruti swift,2018,petrol,11550,537399,noida,1728,hatchback,manual,vxi
maruti dzire,2018,petrol,24883,563999,noida,1204,sedan,manual,vxi
renault kwid,2016,petrol,31898,245999,noida,886,hatchback,manual,rxt
datsun redi go,2017,petrol,21259,233399,noida,29223,hatchback,manual,t (o)
maruti sx4,2008,petrol,50292,128299,noida,3149,sedan,manual,zxi
renault kwid,2016,petrol,44946,248699,noida,2343,hatchback,manual,1.0 rxt
tata nano,2015,petrol,42878,152399,noida,1940,hatchback,manual,xt twist
hyundai i10,2015,petrol,51368,305599,noida,1975,hatchback,manual,sportz 1.1 irde2
hyundai creta,2015,petrol,27144,802499,noida,800,suv,manual,1.6 s
maruti baleno,2018,petrol,28594,624399,noida,1289,hatchback,manual,alpha 1.2 k12
mahindra thar,2018,diesel,22800,764399,noida,2588,suv,manual,crde 4x4 bs iv
maruti swift dzire,2015,petrol,57988,393799,noida,1038,sedan,manual,lxi opt
honda amaze,2017,petrol & cng,57086,470799,noida,2178,sedan,manual,1.2 smt i vtec
chevrolet beat,2013,diesel,136954,157999,noida,2272,hatchback,manual,ls diesel
maruti dzire,2018,diesel,52916,558599,noida,2033,sedan,manual,vdi
maruti ertiga,2014,diesel,72120,529099,noida,2387,suv,manual,zdi
maruti swift dzire,2013,diesel,85174,297499,noida,716,sedan,manual,ldi bs iv
toyota fortuner,2015,diesel,59372,1502599,noida,3013,luxury suv,manual,3.0 mt 4x4
maruti vitara brezza,2019,diesel,33317,802799,noida,848,suv,,vdi amt
toyota innova,2013,diesel,80307,691399,noida,1198,suv,manual,2.5 gx 7 str bs iv
mahindra scorpio,2019,diesel,41908,1307948,noida,3549,suv,manual,s11
hyundai elite i20,2016,diesel,105733,469399,noida,650,hatchback,manual,sportz 1.4
mahindra scorpio,2016,diesel,71231,865499,noida,3269,suv,,s6+ intell hybrid
maruti wagon r 1.0,2016,petrol & cng,74429,276299,noida,6942,hatchback,manual,lxi
maruti ertiga,2013,diesel,191884,441199,noida,1392,suv,manual,zdi
maruti swift dzire,2013,diesel,64676,280000,noida,667,sedan,manual,vdi bs iv
maruti swift,2012,diesel,73920,240000,noida,180,hatchback,manual,vdi
maruti alto 800,2014,petrol,38295,170000,noida,247,hatchback,manual,vxi
maruti 800,2005,petrol,58000,35,noida,661,,,dx
renault kwid,2016,petrol,34501,210000,noida,489,hatchback,manual,rxt
maruti swift,2012,diesel,98040,270000,noida,186,hatchback,manual,vdi
hyundai santro xing,2005,petrol & cng,136658,47000,noida,236,hatchback,manual,xp
hyundai verna,2012,diesel,94634,482000,noida,176,sedan,manual,fluidic 1.6 sx crdi
chevrolet aveo u va,2009,petrol,42024,90000,noida,268,hatchback,manual,1.2
honda city,2005,petrol,147503,60000,noida,258,sedan,manual,1.5 exi
tata indica vista,2011,diesel,120066,115000,noida,286,hatchback,manual,lx tdi bs iii
hyundai verna,2012,diesel,98644,375000,noida,212,sedan,manual,fluidic 1.6 sx crdi opt
hyundai verna,2011,diesel,117782,250000,noida,491,sedan,manual,fluidic 1.6 ex crdi
toyota etios liva,2012,diesel,37193,250000,noida,196,hatchback,manual,d 4d gd
maruti alto k10,2011,petrol,34028,184599,gurgaon,7472,hatchback,manual,lxi
maruti alto k10,2017,petrol,11976,323999,gurgaon,5217,hatchback,manual,vxi
hyundai grand i10,2015,petrol,17181,378699,gurgaon,2256,hatchback,manual,sportz 1.2 kappa vtvt
maruti baleno,2016,petrol,20092,499499,gurgaon,5808,hatchback,manual,delta 1.2 k12
hyundai grand i10,2016,petrol,19069,461699,gurgaon,1107,hatchback,manual,sportz 1.2 kappa vtvt
maruti alto k10,2010,petrol,41190,183599,gurgaon,2489,hatchback,manual,vxi
maruti ritz,2014,diesel,29959,387499,gurgaon,1188,hatchback,,vdi elate limited edition
maruti wagon r 1.0,2013,petrol,36501,270599,gurgaon,3043,hatchback,manual,vxi
maruti alto k10,2017,petrol,27705,339399,gurgaon,1097,hatchback,,vxi (o) amt
maruti alto,2010,petrol,47182,158599,gurgaon,5319,hatchback,manual,lxi
honda city,2011,petrol,61632,343099,gurgaon,5601,sedan,manual,s mt petrol
maruti ritz,2014,diesel,44353,346099,gurgaon,1901,hatchback,,vdi elate limited edition
hyundai grand i10,2013,petrol,40273,350099,gurgaon,1178,hatchback,manual,magna 1.2 vtvt
renault kwid,2018,petrol,11949,311199,gurgaon,2499,hatchback,manual,rxl
hyundai grand i10,2016,petrol,41227,381799,gurgaon,1495,hatchback,manual,sportz 1.2 kappa vtvt
maruti swift,2014,petrol,48866,398399,gurgaon,1277,hatchback,manual,vxi
honda amaze,2017,petrol,23274,520199,gurgaon,1861,sedan,manual,1.2 smt i vtec
maruti alto 800,2018,petrol,27886,289299,gurgaon,763,hatchback,manual,lxi
maruti swift dzire,2010,petrol,45983,306099,gurgaon,722,sedan,manual,zxi 1.3
maruti ciaz,2018,petrol,4220,890399,gurgaon,1982,sedan,,alpha 1.5 at vtvt shvs
honda brio,2013,petrol,46210,277299,gurgaon,2055,hatchback,manual,1.2 s mt i vtec
hyundai verna,2012,diesel,48288,410499,gurgaon,2166,sedan,manual,fluidic 1.6 sx crdi
hyundai grand i10,2017,petrol,43373,368699,gurgaon,4513,hatchback,manual,magna 1.2 kappa vtvt
maruti alto k10,2015,petrol & cng,58187,270399,gurgaon,682,hatchback,,vxi amt
maruti swift dzire,2012,diesel,48390,326999,gurgaon,1949,sedan,manual,vdi bs iv
hyundai grand i10,2016,petrol,43120,401299,gurgaon,1741,hatchback,manual,sportz 1.2 kappa vtvt
hyundai i10,2010,petrol,47870,219699,gurgaon,1401,hatchback,manual,magna 1.2 kappa2
honda brio,2013,petrol,56137,251499,gurgaon,852,hatchback,manual,1.2 e mt i vtec
hyundai grand i10,2017,petrol,44311,406399,gurgaon,1322,hatchback,manual,era 1.2 vtvt
hyundai eon,2015,petrol,19037,245799,gurgaon,1913,hatchback,manual,era plus
renault kwid,2017,petrol,38245,229499,gurgaon,5247,hatchback,manual,rxl
maruti swift,2015,diesel,52490,424499,gurgaon,1720,hatchback,manual,vdi abs
hyundai i10,2009,petrol,53021,173899,gurgaon,2655,hatchback,manual,magna 1.2
maruti alto 800,2017,petrol,18113,307899,gurgaon,636,hatchback,manual,lxi
maruti alto k10,2017,petrol,30113,314099,gurgaon,1217,hatchback,manual,vxi
hyundai grand i10,2016,petrol,60011,394299,gurgaon,983,hatchback,manual,sportz 1.2 kappa vtvt
maruti wagon r 1.0,2017,petrol,51476,308199,gurgaon,1748,hatchback,manual,vxi
maruti alto 800,2017,petrol & cng,51147,275799,gurgaon,4168,hatchback,manual,lxi
maruti swift dzire,2012,diesel,82002,346799,gurgaon,428,sedan,manual,vdi bs iv
toyota etios liva,2014,diesel,59700,386999,gurgaon,1513,hatchback,manual,d-4d vxd
maruti alto 800,2017,petrol & cng,71937,267399,gurgaon,790,hatchback,manual,lxi cng
volkswagen polo,2013,petrol,49004,316199,gurgaon,1687,hatchback,manual,comfortline 1.2l petrol
maruti alto 800,2014,petrol,31745,266399,gurgaon,677,hatchback,manual,lxi
maruti swift,2015,diesel,63435,446199,gurgaon,2645,hatchback,manual,vdi abs
hyundai i20,2014,petrol,68678,389299,gurgaon,2557,hatchback,manual,sportz 1.2 vtvt
maruti ciaz,2016,petrol,47218,547199,gurgaon,2935,sedan,manual,vxi plus
maruti celerio,2014,petrol,43574,307299,gurgaon,1272,hatchback,manual,vxi
maruti swift,2015,diesel,66476,401299,gurgaon,708,hatchback,manual,vdi abs
maruti wagon r 1.0,2018,petrol,69958,378599,gurgaon,549,hatchback,manual,lxi
maruti swift,2019,petrol,14775,630599,gurgaon,1087,hatchback,automatic,vxi amt
hyundai i20,2013,petrol,51901,376299,gurgaon,291,hatchback,manual,sportz 1.2 vtvt
hyundai i10,2011,petrol,45122,232999,gurgaon,293,hatchback,manual,magna 1.2 kappa2
honda city,2016,petrol,56403,580899,gurgaon,1598,sedan,manual,v mt petrol
maruti vitara brezza,2017,diesel,27711,739899,gurgaon,2840,suv,manual,zdi
maruti swift,2009,petrol,79226,198799,gurgaon,4990,hatchback,manual,vxi 1.3
hyundai eon,2016,petrol,54854,268299,gurgaon,237,hatchback,manual,era plus
hyundai i20,2011,petrol,73397,285499,gurgaon,1315,hatchback,manual,magna o 1.2
hyundai i10,2011,petrol,73453,221699,gurgaon,1196,hatchback,manual,magna 1.2 kappa2
hyundai elite i20,2015,diesel,53523,516999,gurgaon,704,hatchback,manual,sportz 1.4
honda city,2009,petrol,72093,256999,gurgaon,1936,sedan,manual,s mt petrol
hyundai elite i20,2015,petrol,55683,556499,gurgaon,1053,hatchback,manual,asta 1.2
honda city,2016,diesel,51803,574899,gurgaon,4065,sedan,manual,vx mt diesel
maruti swift,2013,petrol,61470,336199,gurgaon,1044,hatchback,manual,lxi
maruti swift,2007,petrol,95040,149199,gurgaon,5101,hatchback,manual,vxi 1.3
hyundai xcent,2014,petrol,64348,413499,gurgaon,1191,sedan,manual,sx 1.2 opt
maruti baleno,2016,petrol,43864,486899,gurgaon,1825,hatchback,manual,delta 1.2 k12
hyundai grand i10,2017,petrol,65194,459499,gurgaon,353,hatchback,manual,sports 1.2 vtvt
hyundai i10,2010,petrol,66292,224399,gurgaon,396,hatchback,manual,magna 1.2 kappa2
kia seltos,2020,diesel,20199,1399656,gurgaon,7280,,,htx 1.5 diesel
maruti vitara brezza,2018,diesel,14337,1010806,gurgaon,1801,suv,automatic,zdi + amt
hyundai santro xing,2008,petrol,91018,126699,gurgaon,4082,hatchback,manual,gls
hyundai venue,2019,diesel,25835,1050802,gurgaon,2512,suv,,sx(o) crdi
hyundai eon,2012,petrol,49146,212099,gurgaon,250,hatchback,manual,d lite plus
volkswagen polo,2011,petrol,62890,238499,gurgaon,2339,hatchback,manual,highline1.2l petrol
maruti vitara brezza,2018,diesel,21843,783599,gurgaon,1782,suv,manual,zdi
maruti vitara brezza,2018,diesel,17350,921299,gurgaon,2088,suv,automatic,zdi + amt
honda city,2010,petrol,89560,305499,gurgaon,1331,sedan,manual,s mt petrol
maruti wagon r 1.0,2011,petrol & cng,66094,242799,gurgaon,496,hatchback,manual,lxi cng
maruti vitara brezza,2019,diesel,26930,796099,gurgaon,1117,suv,manual,vdi
maruti alto k10,2011,petrol,118427,177299,gurgaon,1027,hatchback,manual,vxi
maruti swift,2014,diesel,79144,381099,gurgaon,662,hatchback,manual,vdi
maruti swift,2013,diesel,68546,353499,gurgaon,404,hatchback,manual,vdi
maruti wagon r 1.0,2018,petrol & cng,77097,338099,gurgaon,3736,hatchback,manual,lxi cng
maruti swift,2015,diesel,70952,446499,gurgaon,635,hatchback,manual,vdi abs
hyundai eon,2013,petrol,63628,225399,gurgaon,669,hatchback,manual,d lite plus
hyundai i20,2009,petrol,94856,203799,gurgaon,1171,hatchback,manual,magna 1.2 vtvt
honda jazz,2016,petrol,84427,435399,gurgaon,1901,hatchback,manual,1.2 v mt
toyota etios,2011,diesel,114464,235099,gurgaon,1105,sedan,manual,gd
toyota innova,2012,diesel,78059,549699,gurgaon,2374,suv,manual,2.5 gx 8 str bs iv
maruti alto 800,2012,petrol,99207,192799,gurgaon,1965,hatchback,manual,lxi
maruti s cross,2015,diesel,85657,429599,gurgaon,2154,suv,manual,sigma 1.3
maruti swift dzire,2009,petrol,133401,198399,gurgaon,2948,sedan,manual,vxi 1.3
maruti swift,2014,diesel,83368,360999,gurgaon,1003,hatchback,manual,vdi abs
honda amaze,2014,petrol,86132,390399,gurgaon,1330,sedan,automatic,1.2 sat i vtec
hyundai verna,2018,diesel,40585,917999,gurgaon,1789,sedan,automatic,1.6 crdi sx + at
honda city,2009,petrol,99003,258599,gurgaon,1028,sedan,manual,s mt petrol
maruti swift,2015,petrol,73411,342399,gurgaon,2553,hatchback,manual,lxi opt
mahindra tuv300,2015,diesel,74165,530399,gurgaon,891,suv,automatic,t8 at
maruti swift,2012,diesel,89809,292199,gurgaon,470,hatchback,manual,vdi
hyundai i20,2012,diesel,98304,253699,gurgaon,1320,hatchback,manual,sportz o 1.4 crdi
volkswagen ameo,2016,diesel,84113,448699,gurgaon,1117,sedan,manual,highline 1.5
honda city,2010,petrol,74464,298999,gurgaon,1233,sedan,manual,v mt petrol
honda brio,2011,petrol,112222,231499,gurgaon,614,hatchback,manual,1.2 s mt i vtec
maruti ciaz,2017,diesel,70268,579799,gurgaon,1619,sedan,manual,delta 1.3 ddis shvs
ford ecosport,2016,diesel,87720,502599,gurgaon,1951,suv,manual,1.5 trend tdci
maruti swift,2015,diesel,54862,505199,gurgaon,1044,hatchback,manual,zdi
maruti swift dzire,2012,diesel,97973,350199,gurgaon,446,sedan,manual,vdi bs iv
honda amaze,2013,diesel,93447,323599,gurgaon,850,sedan,manual,1.5 smt i dtec
maruti swift,2013,diesel,87567,342199,gurgaon,354,hatchback,manual,vdi
hyundai creta,2017,diesel,60967,975299,gurgaon,1574,suv,automatic,1.6 crdi sx plus auto
hyundai elite i20,2015,diesel,82388,489199,gurgaon,1987,hatchback,manual,asta 1.4 crdi
maruti swift dzire,2012,diesel,90249,326399,gurgaon,225,sedan,manual,vdi bs iv
maruti ritz,2012,petrol,93626,203399,gurgaon,507,hatchback,manual,lxi
bmw 3 series,2012,diesel,26566,1090697,gurgaon,3103,luxury sedan,automatic,320d
maruti swift,2013,diesel,84308,319599,gurgaon,812,hatchback,manual,vdi
hyundai i20,2012,diesel,108007,316199,gurgaon,1359,hatchback,manual,asta 1.4 crdi
honda brio,2013,petrol,93013,223599,gurgaon,2632,hatchback,manual,1.2 s mt i vtec
maruti ciaz,2015,diesel,81692,474599,gurgaon,2237,sedan,manual,vdi+ shvs
hyundai i20,2010,petrol,94371,237399,gurgaon,892,hatchback,manual,magna o 1.2
maruti swift,2013,diesel,82786,264299,gurgaon,2813,hatchback,manual,ldi bs iv
toyota camry,2016,petrol,80252,1591960,gurgaon,733,luxury sedan,manual,hybrid
maruti swift dzire,2012,diesel,106913,276399,gurgaon,1391,sedan,manual,vdi bs iv
maruti swift,2013,diesel,90030,319199,gurgaon,784,hatchback,manual,vdi
hyundai grand i10,2015,petrol,64236,407299,gurgaon,110,hatchback,manual,asta 1.2 kappa vtvt opt
honda city,2017,petrol,58561,720299,gurgaon,1353,sedan,manual,v mt petrol
maruti swift,2014,diesel,97711,368799,gurgaon,597,hatchback,manual,vdi abs
maruti swift dzire,2013,diesel,106300,339699,gurgaon,521,sedan,manual,vdi
maruti swift dzire,2013,diesel,90775,362699,gurgaon,487,sedan,manual,vdi
hyundai i10,2011,petrol,105271,209599,gurgaon,761,hatchback,manual,magna 1.2 kappa2
ford fiesta,2012,petrol,107016,299599,gurgaon,2433,sedan,automatic,titanium plus petrol at
maruti swift dzire,2012,petrol,121312,289099,gurgaon,1238,sedan,manual,vxi 1.2 bs iv
maruti swift,2012,diesel,89318,307299,gurgaon,549,hatchback,manual,vdi
maruti swift dzire,2014,diesel,101891,381499,gurgaon,727,sedan,manual,vdi bs iv
hyundai eon,2015,petrol,82393,277499,gurgaon,289,hatchback,manual,magna plus
maruti s cross,2015,diesel,73479,538799,gurgaon,345,suv,manual,sigma 1.3
maruti swift dzire,2015,diesel,126440,405899,gurgaon,823,sedan,manual,vdi bs iv
maruti swift dzire,2013,diesel,104976,335799,gurgaon,336,sedan,manual,vdi bs iv
toyota corolla altis,2012,diesel,105865,366899,gurgaon,1560,luxury sedan,manual,d 4d j
audi a4,2012,diesel,46303,948899,gurgaon,4777,luxury sedan,,2.0 tdi s line
audi a4,2012,diesel,45643,1159074,gurgaon,4004,luxury sedan,automatic,2.0 tdi premium plus
maruti swift,2014,diesel,106521,385999,gurgaon,988,hatchback,manual,zdi
toyota etios,2012,diesel,121820,300599,gurgaon,666,sedan,manual,gd
maruti swift dzire,2013,diesel,100427,317199,gurgaon,623,sedan,manual,vdi bs iv
toyota etios liva,2012,diesel,160408,263599,gurgaon,537,hatchback,manual,gd
maruti ciaz,2014,diesel,103867,479099,gurgaon,826,sedan,manual,vdi plus
maruti celerio,2015,petrol & cng,105284,324499,gurgaon,3385,hatchback,automatic,vxi amt
ford ecosport,2013,diesel,130274,420199,gurgaon,1376,suv,manual,1.5 titaniumtdci opt
mahindra xuv500,2016,diesel,104467,969399,gurgaon,1844,luxury suv,,w10 at fwd
hyundai verna,2013,diesel,134080,385699,gurgaon,876,sedan,manual,fluidic 1.6 sx crdi
maruti swift dzire,2012,diesel,128836,290399,gurgaon,1043,sedan,manual,vdi bs iv
audi q3,2015,diesel,109260,1616402,gurgaon,3159,luxury suv,automatic,35 tdi quattro
toyota innova,2014,diesel,69781,1016967,gurgaon,1283,suv,manual,2.5 vx 8 str bs iv
toyota innova,2013,diesel,136399,614199,gurgaon,1123,suv,manual,2.5 gx 7 str bs iv
hyundai i20,2012,diesel,87995,261399,gurgaon,887,hatchback,manual,sportz o 1.4 crdi
maruti swift,2012,diesel,136700,318299,gurgaon,953,hatchback,manual,zdi
toyota innova,2014,diesel,82096,1013331,gurgaon,621,suv,manual,2.5 vx 8 str bs iv
hyundai creta,2015,diesel,149249,730599,gurgaon,1540,suv,,1.6 sx (o) crdi
toyota fortuner,2012,diesel,96301,1040904,gurgaon,3083,luxury suv,manual,3.0 mt 4x4
toyota fortuner,2012,diesel,166542,1102413,gurgaon,1600,luxury suv,manual,3.0 mt 4x2
toyota fortuner,2012,diesel,194439,1158367,gurgaon,1443,luxury suv,manual,3.0 mt 4x4
volkswagen polo,2011,petrol,86336,245799,gurgaon,1316,hatchback,manual,trendline 1.2l petrol
hyundai eon,2017,petrol,22003,288499,gurgaon,81,hatchback,manual,era plus (o)
maruti swift,2015,diesel,29903,453799,gurgaon,155,hatchback,manual,vdi abs
maruti wagon r 1.0,2015,petrol,19172,314699,gurgaon,2355,hatchback,manual,vxi
maruti wagon r 1.0,2015,petrol,39401,246499,gurgaon,4317,hatchback,manual,vxi
maruti alto k10,2011,petrol,80346,179299,gurgaon,133,hatchback,manual,lxi
hyundai grand i10,2014,petrol,50941,388299,gurgaon,85,hatchback,manual,sports 1.2 vtvt
maruti swift dzire,2012,diesel,64085,358999,gurgaon,942,sedan,manual,vdi bs iv
hyundai i10,2009,petrol & cng,72497,120099,gurgaon,5824,hatchback,manual,era 1.1 irde
maruti vitara brezza,2019,diesel,29804,800199,gurgaon,64,suv,manual,vdi
honda city,2010,petrol,86768,296499,gurgaon,143,sedan,manual,s mt petrol
maruti vitara brezza,2019,diesel,45528,798999,gurgaon,132,suv,,vdi amt
maruti wagon r stingray,2014,petrol,84706,293899,gurgaon,49,hatchback,manual,vxi
toyota etios liva,2014,diesel,76208,302499,gurgaon,678,hatchback,manual,d 4d gd
mahindra scorpio,2018,diesel,41612,1018886,gurgaon,579,suv,manual,s5 2wd
hyundai santro xing,2008,petrol,91288,154499,gurgaon,540,hatchback,manual,gl
maruti ritz,2014,petrol,73916,288399,gurgaon,453,hatchback,,vxi elate limited edition
honda jazz,2016,petrol,80256,449299,gurgaon,1199,hatchback,automatic,1.2 v at
maruti swift,2014,diesel,92498,359799,gurgaon,691,hatchback,manual,vdi
hyundai creta,2018,diesel,75459,1207251,gurgaon,978,suv,automatic,1.6 crdi sx plus auto
hyundai creta,2017,diesel,98685,858999,gurgaon,1258,suv,,1.6 sx plus se
maruti ritz,2010,petrol,161419,183299,gurgaon,125,hatchback,manual,vxi bs iv
hyundai i20,2009,petrol,168110,214399,gurgaon,724,hatchback,manual,magna 1.2 vtvt
toyota innova,2014,diesel,101927,748099,gurgaon,1178,suv,manual,2.5 vx 7 str bs iv
hyundai verna,2012,diesel,95741,413899,gurgaon,660,sedan,manual,fluidic 1.6 sx crdi opt
bmw 3 series,2012,diesel,67267,1056256,gurgaon,1201,luxury sedan,automatic,320d
maruti alto k10,2015,petrol,17575,295299,gurgaon,1945,hatchback,,vxi amt
maruti swift,2015,petrol,23701,414699,gurgaon,3399,hatchback,manual,vxi
maruti swift dzire,2014,diesel,29626,408099,gurgaon,5823,sedan,manual,vdi bs iv
maruti swift,2016,petrol,17015,363599,gurgaon,6196,hatchback,manual,lxi opt
honda jazz,2011,petrol,62664,219899,gurgaon,2245,hatchback,manual,1.2 base i vtec
maruti new  wagon-r,2020,petrol,6003,434699,gurgaon,6794,,,lxi 1.0 l
maruti alto k10,2016,petrol,8265,281799,gurgaon,2744,hatchback,,k10 vxi at
maruti wagon r 1.0,2016,petrol,29477,322799,gurgaon,2836,hatchback,manual,vxi
hyundai grand i10,2016,petrol,21898,394099,gurgaon,1187,hatchback,manual,magna 1.2 kappa vtvt
maruti celerio,2014,petrol,27716,305599,gurgaon,2390,hatchback,automatic,vxi amt
hyundai grand i10,2017,petrol,25355,434999,gurgaon,970,hatchback,manual,sportz 1.2 kappa vtvt
maruti dzire,2018,petrol,21043,471699,gurgaon,2009,sedan,manual,lxi
toyota corolla altis,2011,petrol,43114,417499,gurgaon,2721,luxury sedan,,1.8 g
maruti swift dzire,2012,diesel,46077,312599,gurgaon,1189,sedan,manual,vdi bs iv
hyundai verna,2013,petrol,48097,399899,gurgaon,1825,sedan,manual,fluidic 1.6 ex vtvt
volkswagen vento,2011,petrol,46475,307899,gurgaon,1604,sedan,automatic,highline petrol at
hyundai grand i10,2017,diesel,38100,395799,gurgaon,1875,hatchback,manual,sportz1.2 crdi
maruti celerio,2014,petrol,45027,285699,gurgaon,2275,hatchback,manual,vxi
hyundai grand i10,2016,petrol,15844,422099,gurgaon,1278,hatchback,manual,sportz 1.2 kappa vtvt
hyundai grand i10,2016,petrol,45391,373099,gurgaon,1097,hatchback,manual,magna 1.2 kappa vtvt
maruti ritz,2012,petrol,46907,242699,gurgaon,1359,hatchback,manual,vxi abs
hyundai grand i10,2016,petrol,37705,405599,gurgaon,926,hatchback,manual,asta 1.2 kappa vtvt opt
tata tiago,2018,petrol,14882,428499,gurgaon,2364,hatchback,manual,xz 1.2 revotron
maruti swift,2014,petrol,52879,346499,gurgaon,3023,hatchback,manual,zxi
renault kwid,2019,petrol,18699,295799,gurgaon,4296,hatchback,manual,rxl
maruti swift,2016,diesel,48780,456899,gurgaon,2052,hatchback,manual,vdi abs
volkswagen polo,2010,petrol,65467,154599,gurgaon,4411,hatchback,manual,trendline 1.2l petrol
hyundai verna,2014,diesel,48498,523699,gurgaon,3195,sedan,manual,fluidic 1.6 sx crdi
tata tiago,2016,petrol,37822,309399,gurgaon,1939,hatchback,manual,xz 1.2 revotron
maruti swift,2008,petrol,67127,179499,gurgaon,3626,hatchback,manual,vxi 1.3
volkswagen polo,2019,petrol,25167,462099,gurgaon,3421,hatchback,,trendline 1.0 l petrol
ford ecosport,2019,petrol,4400,810799,gurgaon,5349,suv,manual,1.5 trend ti vct
honda amaze,2019,petrol,6439,729299,gurgaon,3702,sedan,,1.2 v cvt i vtec
hyundai verna,2017,diesel,35270,853499,gurgaon,2353,sedan,automatic,1.6 crdi sx + at
maruti swift dzire,2016,petrol & cng,48792,385299,gurgaon,5122,sedan,manual,vxi 1.2 bs iv
honda civic,2019,petrol,13740,1744268,gurgaon,3883,sedan,,zx cvt petrol
renault kwid,2019,petrol,22471,323799,gurgaon,2693,hatchback,manual,rxt opt
maruti vitara brezza,2017,diesel,32496,773499,gurgaon,1723,suv,manual,zdi plus
toyota corolla altis,2012,petrol,73120,410299,gurgaon,2363,luxury sedan,manual,g
hyundai i20,2010,petrol,58964,222699,gurgaon,1572,hatchback,manual,sportz 1.2 o
hyundai eon,2015,petrol,51344,252099,gurgaon,556,hatchback,manual,era plus
hyundai i10,2008,petrol,69766,182599,gurgaon,1998,hatchback,manual,sportz 1.2
maruti vitara brezza,2017,diesel,41796,625099,gurgaon,1377,suv,manual,vdi opt
honda city,2008,petrol & cng,73135,232099,gurgaon,2068,sedan,manual,s mt petrol
hyundai verna,2013,petrol,63834,431099,gurgaon,2138,sedan,manual,fluidic 1.6 sx vtvt
hyundai creta,2017,diesel,40553,802999,gurgaon,2961,suv,,1.4 e plus crdi
renault kwid,2016,petrol,83683,224799,gurgaon,1639,hatchback,manual,rxl
maruti celerio,2018,petrol & cng,70583,387299,gurgaon,1842,hatchback,manual,vxi cng
honda city,2015,petrol,78491,603599,gurgaon,708,sedan,,vx (o) petrol
maruti eeco,2018,petrol & cng,44983,304299,gurgaon,2010,suv,manual,7 str
hyundai creta,2016,petrol,56105,697799,gurgaon,2067,suv,manual,1.6 s
maruti ciaz,2016,diesel,66278,584899,gurgaon,1893,sedan,manual,zdi+ shvs rs mt
maruti swift dzire,2012,petrol,80048,318599,gurgaon,516,sedan,manual,vxi 1.2 bs iv
skoda laura,2010,petrol,59658,219999,gurgaon,2364,luxury sedan,manual,ambiente 1.8 tsi
maruti baleno,2016,petrol,73846,435099,gurgaon,1905,hatchback,manual,delta 1.2 k12
honda city,2009,petrol,89020,260699,gurgaon,2131,sedan,automatic,s at
mahindra xuv500,2016,diesel,49159,981399,gurgaon,2748,luxury suv,automatic,w10 at
maruti baleno,2018,petrol & cng,74494,484099,gurgaon,2776,hatchback,manual,delta 1.2 k12
maruti baleno,2018,diesel,44149,582299,gurgaon,1682,hatchback,manual,zeta ddis 190
honda city,2009,petrol,98596,251099,gurgaon,932,sedan,manual,s mt petrol
maruti swift,2018,diesel,63056,579899,gurgaon,1283,hatchback,manual,vdi
tata tiago,2017,petrol,65370,366099,gurgaon,1718,hatchback,manual,xz 1.2 revotron
hyundai creta,2017,diesel,58298,991799,gurgaon,1812,suv,automatic,1.6 crdi sx plus auto
hyundai creta,2018,petrol,30186,1123320,gurgaon,1259,suv,,1.6 sx at petrol
mahindra tuv300,2017,diesel,80820,570999,gurgaon,2992,suv,automatic,t8 at
honda amaze,2016,petrol & cng,94910,396099,gurgaon,1349,sedan,manual,1.2 smt i vtec
maruti alto,2008,petrol,82904,118199,gurgaon,4677,hatchback,manual,lxi
toyota etios,2015,diesel,79123,410599,gurgaon,1593,sedan,manual,cross 1.4 gd
maruti vitara brezza,2016,diesel,72491,581299,gurgaon,1789,suv,manual,zdi plus dual tone
maruti wagon r 1.0,2013,petrol & cng,102048,240899,gurgaon,1486,hatchback,manual,lxi cng
mahindra xuv500,2012,diesel,94180,390799,gurgaon,2476,luxury suv,manual,w8 fwd
maruti vitara brezza,2018,diesel,44750,780799,gurgaon,585,suv,automatic,zdi amt
volkswagen polo,2013,petrol,87987,379899,gurgaon,1247,hatchback,automatic,gt tsi 1.2 petrol at
ford ecosport,2017,diesel,79368,690399,gurgaon,1618,suv,,1.5 tdci titanium plus
hyundai verna,2013,diesel,71426,433899,gurgaon,2278,sedan,manual,fluidic 1.6 sx crdi opt
maruti wagon r 1.0,2010,petrol & cng,99103,202599,gurgaon,1169,hatchback,manual,lxi cng
maruti eeco,2016,petrol & cng,73312,256799,gurgaon,2050,suv,manual,5 str cng with ac plushtr
honda city,2014,petrol,77656,508199,gurgaon,930,sedan,manual,v mt petrol
ford figo,2011,petrol,124966,166099,gurgaon,486,hatchback,manual,1.2 zxi duratec
toyota corolla,2007,petrol,110801,107799,gurgaon,12499,sedan,manual,he 1.8 j
maruti swift dzire,2015,petrol,91915,360799,gurgaon,855,sedan,manual,vxi 1.2 bs iv
renault duster,2014,diesel,83433,411699,gurgaon,1015,suv,manual,85 ps rxl opt
skoda superb,2013,diesel,100898,468999,gurgaon,4582,luxury sedan,,elegance tdi 2.0 at
mahindra xuv500,2012,diesel,125145,398799,gurgaon,3301,luxury suv,manual,w8 fwd
mahindra xuv500,2014,diesel,149605,462899,gurgaon,3422,luxury suv,manual,w4
hyundai i20,2011,petrol,58021,172013,gurgaon,11,hatchback,manual,magna o 1.2
maruti ritz,2009,petrol,103285,170000,gurgaon,165,hatchback,manual,lxi
ford figo,2012,diesel,101882,208000,gurgaon,272,hatchback,manual,1.4 zxi duratorq
maruti esteem,2006,petrol,100000,39760,gurgaon,469,sedan,manual,vxi
maruti swift dzire,2012,petrol,10150,349399,gurgaon,122,sedan,manual,vxi 1.2 bs iv
mahindra bolero,2011,diesel,157428,250000,gurgaon,1935,suv,manual,sle
hyundai grand i10,2018,petrol,11593,440999,gurgaon,1665,hatchback,automatic,sportz at 1.2 kappa vtvt
hyundai santro xing,2009,petrol,113165,125000,gurgaon,219,hatchback,manual,gls
hyundai elite i20,2017,petrol,26406,538299,gurgaon,1339,hatchback,manual,sportz 1.2
hyundai verna,2014,diesel,68661,392499,gurgaon,1794,sedan,manual,fluidic 1.4 crdi cx
maruti swift dzire,2013,petrol,68561,327099,gurgaon,678,sedan,manual,vxi 1.2 bs iv
honda civic,2019,petrol,9682,1812342,gurgaon,3339,sedan,,zx cvt petrol
volvo s60,2015,diesel,44386,1142399,gurgaon,3457,luxury sedan,automatic,kinetic d4
maruti vitara brezza,2018,diesel,44160,744599,gurgaon,84,suv,,zdi+ dual tone amt
maruti swift dzire,2014,diesel,106923,280899,gurgaon,78,sedan,manual,ldi bs iv
renault captur,2017,diesel,48000,600000,gurgaon,304,,,1.5 platine diesel
maruti ertiga,2013,diesel,105134,450000,gurgaon,266,suv,manual,zdi
mercedes benz e class,2011,diesel,62182,1500000,gurgaon,205,luxury sedan,manual,e 220 cdi elegance
maruti sx4,2012,petrol,88300,260000,gurgaon,143,,,vxi
hyundai sonata transform,2011,diesel,118777,390000,gurgaon,607,luxury sedan,automatic,2.0 crdi at
hyundai accent,2005,petrol & cng,109658,35340,gurgaon,416,sedan,manual,gls 1.6 abs
hyundai santro xing,2006,petrol,77260,70000,gurgaon,239,hatchback,manual,xl erlx euro iii
hyundai i10,2008,petrol,89675,120000,gurgaon,183,hatchback,manual,era
volkswagen vento,2012,diesel,175047,175000,gurgaon,422,sedan,manual,trendline diesel
maruti baleno,2018,petrol,16259,675000,gurgaon,196,hatchback,manual,alpha 1.2 k12
maruti swift,2014,diesel,75985,430000,gurgaon,204,hatchback,manual,vdi abs
maruti vitara brezza,2017,diesel,59250,750000,gurgaon,135,suv,manual,vdi opt
maruti eeco,2015,petrol & cng,107558,250000,gurgaon,146,suv,manual,5 str cng with ac plushtr
mahindra xuv500,2012,diesel,63249,750000,gurgaon,152,suv,manual,w8 fwd
hyundai i10,2008,petrol & cng,159036,90000,gurgaon,386,hatchback,manual,magna 1.2
maruti wagon r 1.0,2012,petrol & cng,102335,160000,gurgaon,534,hatchback,manual,lxi
maruti wagon r 1.0,2015,petrol,29643,340000,gurgaon,174,hatchback,manual,vxi
maruti wagon r,2006,petrol & cng,111757,48000,gurgaon,1009,hatchback,manual,lxi minor
hyundai creta,2015,diesel,59167,930000,gurgaon,77,,,1.6 sx (o) crdi
maruti ciaz,2015,diesel,122284,530000,gurgaon,55,sedan,manual,zdi
hyundai grand i10,2016,diesel,69336,390000,gurgaon,39,hatchback,manual,magna 1.1 crdi
hyundai verna,2013,diesel,117259,540000,gurgaon,554,sedan,manual,fluidic 1.6 crdi sx opt
mahindra xuv500,2017,diesel,26186,1275000,gurgaon,305,suv,manual,w10
mahindra scorpio,2011,diesel,120060,440000,gurgaon,329,suv,manual,vlx 2wd airbag bs iv
hyundai verna,2013,diesel,67225,460000,gurgaon,60,sedan,manual,fluidic 1.6 sx crdi
hyundai i20,2011,diesel,28710,270000,gurgaon,136,hatchback,manual,sportz 1.4 crdi 6 speed bs iv
maruti alto,2012,petrol & cng,100983,176000,gurgaon,123,hatchback,manual,lxi cng
hyundai i10,2010,petrol,40198,339099,bengaluru,13391,hatchback,manual,sportz 1.2
hyundai i10,2010,petrol,23012,297699,bengaluru,10358,hatchback,manual,magna 1.1 irde2
maruti alto,2010,petrol,32291,238899,bengaluru,3671,hatchback,manual,lxi
tata nano,2015,petrol,13978,178899,bengaluru,7725,hatchback,manual,xt twist
renault kwid,2016,petrol,6190,368799,bengaluru,16915,hatchback,manual,rxt opt
renault kwid,2017,petrol,8709,438699,bengaluru,1106,hatchback,,climber 1.0 at
tata nano,2014,petrol,25514,188499,bengaluru,1294,hatchback,manual,xt twist
tata nano,2016,petrol,13203,198599,bengaluru,2515,hatchback,manual,xt twist
maruti ritz,2011,petrol,39755,377499,bengaluru,634,hatchback,manual,lxi
maruti alto k10,2012,petrol,19565,275299,bengaluru,1707,hatchback,manual,vxi
hyundai i20,2010,petrol,47596,356499,bengaluru,5351,hatchback,manual,magna o 1.2
hyundai i10,2008,petrol,70527,286199,bengaluru,1160,hatchback,manual,magna 1.1 irde2
maruti celerio,2016,petrol,19290,444599,bengaluru,3135,hatchback,automatic,vxi amt
maruti celerio,2017,petrol,10242,437399,bengaluru,1954,hatchback,automatic,zxi amt
hyundai i10,2012,petrol,34739,300999,bengaluru,4756,hatchback,manual,era 1.1 irde
tata nano,2016,petrol,18981,193299,bengaluru,2315,hatchback,manual,xt twist
renault kwid,2015,petrol,31398,292399,bengaluru,2539,hatchback,manual,rxt
maruti ritz,2013,petrol,34146,394299,bengaluru,3223,hatchback,manual,vxi bs iv
maruti ritz,2011,petrol,27561,348199,bengaluru,1392,hatchback,manual,lxi
maruti ritz,2013,petrol,33225,420499,bengaluru,1181,hatchback,manual,vxi bs iv
hyundai i10,2011,petrol,73911,329199,bengaluru,1601,hatchback,manual,sportz 1.2 kappa2
hyundai xcent,2015,petrol,28815,496499,bengaluru,5537,sedan,automatic,sx at 1.2 opt
maruti alto k10,2015,petrol,24612,313199,bengaluru,2757,hatchback,manual,vxi
hyundai santro xing,2007,petrol,20585,214899,bengaluru,1791,hatchback,manual,gl
maruti alto,2012,petrol,39773,268799,bengaluru,853,hatchback,manual,lxi
maruti alto 800,2013,petrol,36029,296699,bengaluru,835,hatchback,manual,lxi
hyundai eon,2014,petrol,11139,328499,bengaluru,1715,hatchback,manual,magna plus
hyundai grand i10,2013,petrol,23439,425699,bengaluru,1886,hatchback,manual,sportz 1.2 kappa vtvt
maruti alto,2012,petrol,17312,233599,bengaluru,15859,hatchback,manual,lxi
maruti celerio,2015,petrol,15252,443499,bengaluru,124,hatchback,automatic,vxi amt
maruti alto k10,2012,petrol,44118,278799,bengaluru,683,hatchback,manual,lxi
hyundai i20,2010,petrol,35088,377599,bengaluru,683,hatchback,manual,magna o 1.2
hyundai i10,2015,petrol,24628,372499,bengaluru,3272,hatchback,manual,magna 1.1 irde2
maruti swift,2012,petrol,29624,447099,bengaluru,1209,hatchback,manual,vxi
hyundai santro xing,2011,petrol,10252,315099,bengaluru,1107,hatchback,manual,gl plus
maruti wagon r 1.0,2011,petrol,6863,320899,bengaluru,9404,hatchback,manual,vxi
maruti alto k10,2013,petrol,54931,251199,bengaluru,881,hatchback,manual,vxi
maruti celerio,2016,petrol,24432,477899,bengaluru,809,hatchback,automatic,zxi amt
honda brio,2013,petrol,23011,363899,bengaluru,6858,hatchback,manual,1.2 s mt i vtec
hyundai i10,2012,petrol,22030,314299,bengaluru,1124,hatchback,manual,era 1.1 irde
maruti eeco,2015,petrol,28768,324599,bengaluru,6484,suv,manual,5 str with ac plushtr
maruti alto 800,2013,petrol,14346,289099,bengaluru,665,hatchback,manual,lxi
maruti eeco,2010,petrol,57125,260899,bengaluru,2212,suv,manual,5 str with ac plushtr
maruti celerio,2015,petrol,21715,426699,bengaluru,1565,hatchback,automatic,vxi amt
maruti alto 800,2013,petrol,47169,263799,bengaluru,875,hatchback,manual,lxi
tata nano,2013,petrol,36275,133399,bengaluru,3673,hatchback,manual,lx
maruti alto 800,2017,petrol,6202,374799,bengaluru,985,hatchback,manual,vxi
maruti alto,2010,petrol,28345,217599,bengaluru,1150,hatchback,manual,lxi
renault kwid,2016,petrol,8540,356699,bengaluru,2603,hatchback,manual,rxt opt
maruti alto,2010,petrol,36141,261999,bengaluru,398,hatchback,manual,lxi
maruti alto 800,2014,petrol,42845,252299,bengaluru,1450,hatchback,manual,lxi
renault kwid,2017,petrol,12375,356499,bengaluru,1372,hatchback,manual,1.0 rxt
maruti alto k10,2016,petrol,28652,395599,bengaluru,483,hatchback,,vxi (o) amt
mahindra e2o,2016,electric,5000,366399,bengaluru,3610,hatchback,manual,t2
hyundai grand i10,2015,petrol,10755,501099,bengaluru,1143,hatchback,manual,sports 1.2 vtvt
renault kwid,2016,petrol,27002,371699,bengaluru,959,hatchback,manual,rxt opt
maruti zen estilo,2008,petrol,41579,219799,bengaluru,777,hatchback,manual,vxi
maruti swift,2017,petrol,17942,571499,bengaluru,3160,hatchback,manual,vxi
hyundai i20,2010,petrol,32707,407399,bengaluru,1356,hatchback,manual,sportz 1.2 o
maruti swift,2015,petrol,24449,472399,bengaluru,1357,hatchback,manual,lxi opt
maruti wagon r 1.0,2013,petrol,46248,398099,bengaluru,516,hatchback,manual,vxi
maruti alto k10,2012,petrol,36453,300899,bengaluru,81,hatchback,manual,vxi
hyundai eon,2017,petrol,27757,339799,bengaluru,964,hatchback,manual,magna plus
maruti ritz,2012,petrol,32591,390799,bengaluru,823,hatchback,manual,vxi bs iv
renault kwid,2017,petrol,28568,416199,bengaluru,872,hatchback,,climber 1.0 at
maruti swift,2012,petrol,42699,462699,bengaluru,2150,hatchback,manual,vxi
maruti eeco,2019,petrol,15290,476299,bengaluru,1469,suv,manual,7 str
maruti omni e,2013,petrol,35235,255499,bengaluru,2330,,,std
hyundai eon,2017,petrol,11167,355399,bengaluru,1468,hatchback,manual,magna plus
maruti eeco,2013,petrol,18428,340699,bengaluru,748,suv,manual,5 str with ac plushtr
maruti alto k10,2011,petrol,46155,224099,bengaluru,2345,hatchback,manual,lxi
hyundai i10,2010,petrol,25571,370199,bengaluru,333,hatchback,manual,magna 1.2 kappa2
hyundai i10,2015,petrol,17835,389399,bengaluru,4693,hatchback,manual,sportz 1.1 irde2
honda jazz,2016,petrol,28762,576099,bengaluru,2725,hatchback,manual,1.2 v mt
maruti alto,2012,petrol,10260,254999,bengaluru,1232,hatchback,manual,lxi
hyundai eon,2015,petrol,22017,322799,bengaluru,882,hatchback,manual,magna plus
hyundai i10,2012,petrol,41889,368299,bengaluru,1510,hatchback,automatic,sportz 1.2 at kappa2
tata indica vista,2012,diesel,59345,321999,bengaluru,2136,hatchback,manual,vx quadrajet
hyundai eon,2014,petrol,32866,293399,bengaluru,1470,hatchback,manual,magna plus
maruti ritz,2010,petrol,38191,400299,bengaluru,477,hatchback,manual,vxi bs iv
maruti swift,2012,petrol,32292,457099,bengaluru,1560,hatchback,manual,vxi
maruti wagon r 1.0,2010,petrol,22696,351299,bengaluru,557,hatchback,manual,vxi
maruti alto 800,2016,petrol,23598,310299,bengaluru,976,hatchback,manual,vxi
hyundai i10,2009,petrol,35925,326299,bengaluru,449,hatchback,manual,sportz 1.2
maruti swift dzire,2013,petrol,20587,511399,bengaluru,1356,sedan,manual,zxi 1.2 bs iv
hyundai i20,2012,diesel,34182,368899,bengaluru,4714,hatchback,manual,magna 1.4 crdi
hyundai i10,2013,petrol,38726,364999,bengaluru,766,hatchback,manual,magna 1.2 kappa2
renault kwid,2017,petrol,24651,334999,bengaluru,1340,hatchback,manual,1.0 rxt
maruti wagon r 1.0,2013,petrol,17291,354699,bengaluru,2623,hatchback,manual,vxi
maruti alto,2009,petrol,428123,205699,bengaluru,652,hatchback,manual,lxi
renault kwid,2017,petrol,11194,408299,bengaluru,1609,hatchback,,rxt 1.0 easy-r  at
hyundai i10,2011,petrol,33686,337099,bengaluru,547,hatchback,manual,sportz 1.2 kappa2
maruti alto k10,2014,petrol,32647,374199,bengaluru,371,hatchback,manual,vxi
maruti wagon r 1.0,2016,petrol,23213,439099,bengaluru,535,hatchback,manual,vxi
hyundai eon,2014,petrol,25857,324499,bengaluru,507,hatchback,manual,magna plus
hyundai grand i10,2016,petrol,34448,443299,bengaluru,1635,hatchback,manual,magna 1.2 vtvt
maruti celerio,2018,petrol,10044,514599,bengaluru,1331,hatchback,automatic,zxi opt amt
toyota etios liva,2011,petrol,34888,422299,bengaluru,345,hatchback,manual,g
hyundai i10,2013,petrol,20524,405999,bengaluru,604,hatchback,manual,sportz 1.2 kappa2
maruti celerio,2015,petrol,25908,410899,bengaluru,880,hatchback,automatic,vxi amt
maruti swift dzire,2015,petrol,46783,445999,bengaluru,3207,sedan,manual,lxi 1.2 bs iv
maruti celerio,2015,petrol,38701,408899,bengaluru,935,hatchback,automatic,vxi amt
maruti celerio,2015,petrol,55157,402199,bengaluru,1558,hatchback,automatic,vxi amt
maruti swift,2018,petrol,12731,643099,bengaluru,2454,hatchback,manual,vxi
hyundai grand i10,2015,petrol,44013,472299,bengaluru,731,hatchback,manual,sports 1.2 vtvt
maruti alto k10,2014,petrol,39824,301199,bengaluru,728,hatchback,manual,vxi
maruti alto,2020,petrol,3175,392599,bengaluru,2232,hatchback,manual,vxi
hyundai santro xing,2008,petrol,57944,186399,bengaluru,3289,hatchback,manual,gls
maruti celerio,2015,petrol,23775,391599,bengaluru,1391,hatchback,automatic,vxi amt
hyundai i20,2012,petrol,38630,429799,bengaluru,1820,hatchback,manual,sportz 1.2 vtvt
toyota etios,2012,petrol,30224,419199,bengaluru,6468,sedan,manual,g
honda city,2011,petrol,34963,457499,bengaluru,2406,sedan,manual,s mt petrol
maruti alto k10,2015,petrol,26140,319099,bengaluru,673,hatchback,manual,vxi
renault kwid,2017,petrol,22422,354999,bengaluru,783,hatchback,manual,1.0 rxl
hyundai grand i10,2017,petrol,21549,491599,bengaluru,3252,hatchback,manual,magna 1.2 kappa vtvt
maruti swift dzire,2009,petrol,63584,274599,bengaluru,2667,sedan,manual,vxi 1.3
maruti alto k10,2011,petrol,62717,221299,bengaluru,888,hatchback,manual,vxi
tata nano,2015,petrol,29556,236099,bengaluru,854,hatchback,automatic,twist xta
maruti alto,2012,petrol,25985,304199,bengaluru,393,hatchback,manual,lxi
toyota etios,2011,petrol,16438,383499,bengaluru,3878,sedan,manual,g
maruti alto 800,2012,petrol,24679,257799,bengaluru,659,hatchback,manual,lxi
maruti wagon r 1.0,2014,petrol,27274,416899,bengaluru,385,hatchback,manual,vxi
hyundai i20,2010,petrol,19693,442899,bengaluru,1331,hatchback,manual,asta 1.2 o with sunroof
hyundai elite i20,2018,petrol,11156,731099,bengaluru,1642,hatchback,manual,asta 1.2
maruti swift,2011,diesel,74130,361099,bengaluru,3169,hatchback,manual,vdi
hyundai i10,2009,petrol,38304,294599,bengaluru,647,hatchback,manual,sportz 1.2
maruti alto k10,2012,petrol,67346,266599,bengaluru,648,hatchback,manual,vxi
maruti swift dzire,2013,petrol,23279,491999,bengaluru,734,sedan,manual,vxi 1.2 bs iv
hyundai eon,2014,petrol,30303,331899,bengaluru,379,hatchback,manual,magna plus
maruti celerio,2014,petrol,35366,410999,bengaluru,459,hatchback,automatic,vxi amt
maruti wagon r 1.0,2016,petrol,27428,432999,bengaluru,420,hatchback,manual,vxi
maruti wagon r 1.0,2011,petrol,33891,321599,bengaluru,494,hatchback,manual,vxi
maruti wagon r 1.0,2011,petrol,58519,307999,bengaluru,568,hatchback,manual,vxi
renault kwid,2018,petrol,14176,438499,bengaluru,555,hatchback,,rxt 1.0 easy-r  at
maruti alto 800,2015,petrol,21980,319099,bengaluru,533,hatchback,manual,lxi
maruti wagon r 1.0,2011,petrol,63460,318399,bengaluru,544,hatchback,manual,vxi
honda brio,2012,petrol,30556,360999,bengaluru,35414,hatchback,manual,1.2 s mt i vtec
maruti alto,2019,petrol,13217,353199,bengaluru,1253,hatchback,manual,lxi
hyundai eon,2011,petrol,27318,281699,bengaluru,1165,hatchback,manual,magna
hyundai i10,2013,petrol,59237,420699,bengaluru,565,hatchback,automatic,sportz 1.2 at kappa2
maruti celerio,2015,petrol,32958,429099,bengaluru,517,hatchback,automatic,vxi amt
hyundai i20,2011,petrol,35585,411999,bengaluru,754,hatchback,manual,magna o 1.2
maruti a star,2012,petrol,27067,343999,bengaluru,785,hatchback,automatic,vxi abs at
maruti swift,2010,petrol,68339,350499,bengaluru,970,hatchback,manual,vxi
maruti swift dzire,2014,petrol,3813,538899,bengaluru,1721,sedan,manual,vxi 1.2 bs iv
hyundai i10,2010,petrol,48371,317299,bengaluru,568,hatchback,manual,sportz 1.2
maruti swift,2015,petrol,24740,501299,bengaluru,1498,hatchback,manual,vxi
maruti ritz,2014,petrol,52410,432999,bengaluru,491,hatchback,manual,vxi bs iv
hyundai i10,2011,petrol,39213,392499,bengaluru,349,hatchback,manual,sportz 1.2 kappa2
maruti swift,2015,petrol,35276,497899,bengaluru,1165,hatchback,manual,vxi
maruti omni e,2018,petrol,16503,349599,bengaluru,992,,,8 str
hyundai i10,2010,petrol,62086,331399,bengaluru,303,hatchback,manual,sportz 1.2
hyundai i20,2011,petrol,34630,404799,bengaluru,2757,hatchback,manual,sportz 1.2 o
maruti celerio,2015,petrol,30446,431399,bengaluru,542,hatchback,automatic,zxi amt
toyota etios liva,2011,petrol,44575,389199,bengaluru,1406,hatchback,manual,g
renault kwid,2019,petrol,13190,443499,bengaluru,2684,hatchback,automatic,rxt 1.0 easy-r at option
hyundai santro xing,2011,petrol,49419,241599,bengaluru,2090,hatchback,manual,gl plus
maruti alto k10,2014,petrol,39855,363999,bengaluru,500,hatchback,manual,vxi
maruti swift,2012,petrol,34311,457999,bengaluru,1298,hatchback,manual,vxi
hyundai santro xing,2013,petrol,45209,298299,bengaluru,843,hatchback,manual,gls
maruti swift,2012,petrol,36836,497799,bengaluru,1358,hatchback,manual,zxi
hyundai i20,2010,petrol,53506,347399,bengaluru,836,hatchback,manual,sportz 1.2 o
hyundai i10,2012,petrol,40807,330899,bengaluru,1429,hatchback,manual,sportz 1.2 kappa2
hyundai eon,2017,petrol,22418,369199,bengaluru,504,hatchback,manual,era plus (o)
maruti ritz,2014,petrol,54073,385699,bengaluru,718,hatchback,manual,vxi bs iv
hyundai i10,2010,petrol,37163,318299,bengaluru,685,hatchback,manual,sportz 1.2 kappa2
hyundai grand i10,2014,petrol,26578,506199,bengaluru,361,hatchback,manual,sportz 1.2 kappa vtvt
maruti ritz,2015,petrol,18966,505899,bengaluru,1075,hatchback,manual,zxi abs
maruti alto k10,2018,petrol,17788,404399,bengaluru,555,hatchback,manual,vxi opt
maruti celerio,2017,petrol,30029,505699,bengaluru,1546,hatchback,automatic,zxi opt amt
renault kwid,2016,petrol,17171,333199,bengaluru,1983,hatchback,manual,rxt
maruti ignis,2017,petrol,12173,588699,bengaluru,957,hatchback,automatic,delta 1.2 k12 amt
hyundai i10,2013,petrol,14965,477099,bengaluru,680,hatchback,automatic,sportz 1.2 at kappa2
maruti baleno,2016,petrol,34615,614899,bengaluru,1106,hatchback,manual,delta 1.2 k12
maruti alto k10,2018,petrol,6428,410599,bengaluru,488,hatchback,,vxi (o) amt
maruti celerio,2014,petrol,26028,435099,bengaluru,378,hatchback,automatic,vxi amt
maruti swift,2010,diesel,48994,406399,bengaluru,1884,hatchback,manual,vdi abs
maruti zen estilo,2010,petrol,43249,225499,bengaluru,933,hatchback,manual,lxi
renault kwid,2016,petrol,20505,325399,bengaluru,1503,hatchback,manual,rxt
honda amaze,2015,petrol,9075,468099,bengaluru,3105,sedan,manual,1.2 smt i vtec
hyundai i20,2011,petrol,45165,415099,bengaluru,477,hatchback,manual,sportz 1.2 o
maruti dzire,2017,petrol,12021,713199,bengaluru,2610,sedan,automatic,zxi plus amt
tata nano,2015,petrol,21822,200699,bengaluru,544,hatchback,manual,xt twist
maruti baleno,2017,petrol,13001,672199,bengaluru,791,hatchback,manual,zeta 1.2 k12
renault kwid,2016,petrol,46013,343199,bengaluru,638,hatchback,manual,rxt opt
mahindra kuv100,2016,diesel,38594,408099,bengaluru,9362,suv,manual,k6 d 6 str
hyundai i10,2011,petrol,53572,385599,bengaluru,338,hatchback,manual,sportz 1.2 kappa2
maruti a star,2012,petrol,59747,304999,bengaluru,919,hatchback,automatic,vxi abs at
hyundai grand i10,2017,petrol,15075,608899,bengaluru,651,hatchback,,sportz (o) 1.2 at vtvt
renault kwid,2016,petrol,29645,315099,bengaluru,846,hatchback,manual,rxl
hyundai santro xing,2011,petrol,69819,246199,bengaluru,1302,hatchback,manual,gl plus
toyota corolla altis,2008,petrol,55593,394699,bengaluru,2006,luxury sedan,,1.8 gl
renault kwid,2016,petrol,30759,369099,bengaluru,465,hatchback,manual,rxt opt
maruti celerio,2016,petrol,42195,454199,bengaluru,659,hatchback,manual,zxi opt
hyundai grand i10,2015,petrol,19346,492699,bengaluru,513,hatchback,manual,sportz 1.2 kappa vtvt
hyundai eon,2014,petrol,56757,270199,bengaluru,1558,hatchback,manual,d lite plus
hyundai i10,2015,petrol,23841,458599,bengaluru,570,hatchback,manual,sportz 1.1 irde2
maruti swift dzire,2014,petrol,14670,575899,bengaluru,495,sedan,manual,vxi 1.2 bs iv
hyundai grand i10,2015,petrol,14867,494199,bengaluru,632,hatchback,manual,sportz 1.2 kappa vtvt
maruti swift,2011,petrol,53404,409499,bengaluru,938,hatchback,manual,zxi
maruti alto,2012,petrol,16071,298999,bengaluru,572,hatchback,manual,lxi
maruti alto 800,2013,petrol,22219,293299,bengaluru,328,hatchback,manual,lxi
maruti alto,2008,petrol,45476,190399,bengaluru,1863,hatchback,manual,lxi
toyota etios liva,2011,petrol,54931,368799,bengaluru,2112,hatchback,manual,g
hyundai i20 active,2016,petrol,30190,631999,bengaluru,148,hatchback,manual,1.2 sx
maruti wagon r 1.0,2012,petrol,60223,311099,bengaluru,823,hatchback,manual,vxi
hyundai i10,2010,petrol,43402,283299,bengaluru,498,hatchback,manual,magna 1.2
maruti alto k10,2012,petrol,34268,290499,bengaluru,338,hatchback,manual,vxi
tata nano,2017,petrol,12804,268099,bengaluru,1159,hatchback,automatic,twist xta
maruti wagon r 1.0,2017,petrol,21187,425699,bengaluru,1749,hatchback,,vxi+ (o) mt
hyundai i10,2010,petrol,49583,366799,bengaluru,33,hatchback,manual,sportz 1.2
maruti alto,2010,petrol,47758,261599,bengaluru,344,hatchback,manual,lxi
renault kwid,2016,petrol,29788,376899,bengaluru,369,hatchback,manual,rxt opt
maruti zen estilo,2010,petrol,46535,206599,bengaluru,1183,hatchback,manual,lxi
maruti alto,2008,petrol,33618,197699,bengaluru,1546,hatchback,manual,lxi
maruti eeco,2019,petrol,13902,464799,bengaluru,807,suv,manual,5 str with ac plushtr
renault kwid,2016,petrol,39669,307099,bengaluru,1038,hatchback,manual,rxt
renault kwid,2017,petrol,29546,330999,bengaluru,2339,hatchback,,rxl1.0 easy-r at
hyundai santro xing,2008,petrol,40542,184299,bengaluru,4103,hatchback,manual,gls
hyundai grand i10,2016,petrol,22110,574199,bengaluru,953,hatchback,automatic,asta 1.2 at vtvt
hyundai i20,2014,petrol,33972,502399,bengaluru,1961,hatchback,manual,sportz 1.2 vtvt
maruti swift,2011,petrol,59096,400799,bengaluru,980,hatchback,manual,vxi
renault kwid,2016,petrol,15874,389899,bengaluru,444,hatchback,manual,rxt opt
hyundai i10,2010,petrol,49994,332899,bengaluru,232,hatchback,manual,magna 1.1 irde2
hyundai i20,2011,petrol,59735,334699,bengaluru,1393,hatchback,manual,asta 1.2
hyundai i20,2011,petrol,51746,359399,bengaluru,1276,hatchback,manual,magna o 1.2
tata nano,2016,petrol,19280,247599,bengaluru,1095,hatchback,automatic,twist xta
hyundai i20,2013,petrol,24570,463399,bengaluru,1114,hatchback,manual,magna o 1.2
maruti alto k10,2012,petrol,59253,243699,bengaluru,1244,hatchback,manual,vxi
maruti baleno,2016,petrol,3546,637399,bengaluru,875,hatchback,manual,delta 1.2 k12
hyundai grand i10,2016,petrol,19472,507499,bengaluru,1552,hatchback,manual,asta at 1.2 kappa vtvt
maruti wagon r 1.0,2012,petrol,60412,323499,bengaluru,421,hatchback,manual,vxi
maruti alto k10,2016,petrol,36800,353199,bengaluru,321,hatchback,manual,vxi
maruti celerio,2016,petrol,7113,481399,bengaluru,391,hatchback,manual,vxi
hyundai i10,2010,petrol,36981,343299,bengaluru,361,hatchback,manual,sportz 1.2
maruti alto k10,2015,petrol,27835,339199,bengaluru,610,hatchback,manual,vxi
maruti swift,2014,petrol,24268,532799,bengaluru,587,hatchback,manual,vxi
toyota etios liva,2017,petrol,35447,493799,bengaluru,2209,hatchback,manual,g
hyundai eon,2011,petrol,34450,268599,bengaluru,965,hatchback,manual,era
renault pulse,2016,petrol,30523,383599,bengaluru,982,hatchback,manual,rx l petrol
hyundai i10,2013,petrol,46057,431199,bengaluru,564,hatchback,automatic,sportz 1.2 at kappa2
hyundai i10,2012,petrol,39970,356999,bengaluru,253,hatchback,manual,era 1.1 irde
maruti alto k10,2014,petrol,34163,367199,bengaluru,285,hatchback,manual,vxi
maruti swift,2013,petrol,45342,435999,bengaluru,895,hatchback,manual,vxi
chevrolet spark,2009,petrol,20028,198099,bengaluru,1351,hatchback,manual,ls 1.0
hyundai i10,2013,petrol,44121,353999,bengaluru,549,hatchback,manual,magna 1.1 irde2
hyundai i10,2011,petrol,48576,356399,bengaluru,317,hatchback,automatic,sportz 1.2 at kappa2
hyundai elite i20,2016,petrol,28797,583399,bengaluru,1192,hatchback,manual,sportz 1.2
hyundai i20,2010,petrol,42056,391499,bengaluru,681,hatchback,manual,sportz 1.2 o
hyundai i10,2010,petrol,40429,302699,bengaluru,1554,hatchback,manual,magna 1.2
maruti alto k10,2011,petrol,39169,286799,bengaluru,366,hatchback,manual,vxi
maruti alto 800,2014,petrol,35551,287599,bengaluru,295,hatchback,manual,lxi
tata nano,2014,petrol,38527,178799,bengaluru,906,hatchback,manual,xt twist
hyundai eon,2011,petrol,10967,281899,bengaluru,972,hatchback,manual,magna o
tata nano,2015,petrol,5839,283799,bengaluru,437,hatchback,automatic,twist xta
hyundai eon,2017,petrol,26189,313099,bengaluru,77,hatchback,manual,era plus
hyundai santro xing,2008,petrol & lpg,60152,238599,bengaluru,473,hatchback,manual,gl
hyundai i20,2011,petrol,65735,354799,bengaluru,437,hatchback,manual,magna o 1.2
renault kwid,2017,petrol,24005,382799,bengaluru,670,hatchback,,rxt 1.0 easy-r  at
maruti omni e,2017,petrol,28486,332199,bengaluru,715,,,8 str
hyundai elite i20,2015,petrol,50622,507099,bengaluru,1356,hatchback,manual,sportz 1.2
maruti alto k10,2014,petrol,51984,319199,bengaluru,552,hatchback,manual,vxi
hyundai eon,2012,petrol,37867,295099,bengaluru,329,hatchback,manual,magna plus
maruti celerio,2017,petrol,23044,510699,bengaluru,531,hatchback,automatic,zxi opt amt
maruti ritz,2011,petrol,60921,374799,bengaluru,295,hatchback,manual,vxi bs iv
hyundai grand i10,2015,petrol,35751,504399,bengaluru,504,hatchback,manual,asta 1.2 (o) vtvt
maruti swift,2014,petrol,34483,515799,bengaluru,1078,hatchback,manual,zxi
maruti alto k10,2011,petrol,38847,258199,bengaluru,467,hatchback,manual,vxi
maruti wagon r 1.0,2013,petrol,58454,330799,bengaluru,486,hatchback,manual,vxi
maruti a star,2010,petrol,25549,293299,bengaluru,625,hatchback,manual,vxi
maruti celerio,2015,petrol,59844,393299,bengaluru,814,hatchback,automatic,vxi amt
maruti swift,2010,petrol,57869,370199,bengaluru,890,hatchback,manual,vxi
maruti swift,2017,petrol,23536,514799,bengaluru,902,hatchback,manual,lxi opt
honda mobilio,2015,petrol,40621,504899,bengaluru,1654,suv,manual,1.5 v i vtec
honda city,2014,petrol,20078,659499,bengaluru,1116,sedan,manual,s mt petrol
renault kwid,2017,petrol,32578,360699,bengaluru,988,hatchback,,rxt 1.0 easy-r  at
maruti ignis,2017,petrol,24945,554899,bengaluru,1220,hatchback,,alpha 1.2 k12 dual tone
maruti baleno,2017,petrol,9679,677799,bengaluru,824,hatchback,manual,zeta 1.2 k12
maruti alto,2010,petrol,24045,207199,bengaluru,1040,hatchback,manual,lxi
maruti wagon r 1.0,2010,petrol,54397,291499,bengaluru,471,hatchback,manual,lxi
hyundai i10,2010,petrol,23373,324499,bengaluru,482,hatchback,manual,magna 1.2
toyota etios,2012,diesel,47671,439299,bengaluru,1523,sedan,manual,gd
hyundai eon,2014,petrol,36253,294899,bengaluru,521,hatchback,manual,era plus
hyundai xcent,2015,petrol,30533,489299,bengaluru,925,sedan,manual,s 1.2
maruti alto 800,2012,petrol,48891,260199,bengaluru,379,hatchback,manual,lxi
hyundai i20,2011,petrol,76229,402999,bengaluru,319,hatchback,manual,magna o 1.2
hyundai getz prime,2009,petrol,52710,204799,bengaluru,5240,hatchback,manual,1.1 gvs
volkswagen polo,2014,petrol,21527,543599,bengaluru,1479,hatchback,manual,highline1.2l petrol
maruti swift dzire,2014,petrol,41623,539699,bengaluru,431,sedan,manual,vxi 1.2 bs iv
hyundai santro xing,2008,petrol,67059,196199,bengaluru,994,hatchback,manual,gls
hyundai i10,2009,petrol,26687,314499,bengaluru,756,hatchback,automatic,magna 1.2 at
maruti wagon r 1.0,2014,petrol,46468,365999,bengaluru,427,hatchback,manual,vxi
maruti baleno,2016,petrol,13181,628199,bengaluru,588,hatchback,manual,delta 1.2 k12
toyota etios liva,2016,petrol,33185,522099,bengaluru,1652,hatchback,manual,v  limited
hyundai grand i10,2014,petrol,52726,401099,bengaluru,758,hatchback,manual,asta at 1.2 kappa vtvt
maruti baleno,2016,petrol,31528,620599,bengaluru,460,hatchback,manual,zeta 1.2 k12
maruti wagon r 1.0,2015,petrol,47468,386999,bengaluru,561,hatchback,manual,vxi
maruti swift,2012,petrol,39236,483599,bengaluru,670,hatchback,manual,vxi
hyundai grand i10,2016,petrol,26486,473999,bengaluru,889,hatchback,manual,sportz 1.2 kappa vtvt
maruti swift,2018,petrol,3642,658899,bengaluru,1202,hatchback,manual,vxi
hyundai i10,2010,petrol,27225,308899,bengaluru,1310,hatchback,manual,magna 1.2
toyota etios,2012,diesel,62639,424199,bengaluru,1658,sedan,manual,gd
hyundai elite i20,2015,petrol,12903,638599,bengaluru,824,hatchback,manual,asta 1.2
hyundai eon,2014,petrol,27253,321599,bengaluru,382,hatchback,manual,magna plus
maruti swift,2017,petrol,17602,612699,bengaluru,912,hatchback,manual,vxi
hyundai i20,2010,petrol,56045,383099,bengaluru,508,hatchback,manual,sportz 1.2 o
maruti ritz,2011,petrol,62420,392899,bengaluru,371,hatchback,manual,vxi bs iv
maruti alto,2008,petrol,73710,187799,bengaluru,865,hatchback,manual,lxi
hyundai santro xing,2010,petrol,67770,228599,bengaluru,698,hatchback,manual,gl
hyundai i10,2011,petrol,63546,273299,bengaluru,1716,hatchback,manual,magna 1.2 kappa2
maruti eeco,2018,petrol,28457,392699,bengaluru,1119,suv,manual,5 str with ac plushtr
tata tiago,2017,petrol,50292,471199,bengaluru,2190,hatchback,manual,xz 1.2 revotron
maruti wagon r 1.0,2013,petrol,52421,389799,bengaluru,333,hatchback,manual,vxi
hyundai i10,2015,petrol,39456,444799,bengaluru,482,hatchback,manual,sportz 1.1 irde2
maruti dzire,2018,petrol,21352,681399,bengaluru,116,sedan,manual,vxi
hyundai i20,2013,diesel,78618,403199,bengaluru,1771,hatchback,manual,magna o 1.4 crdi
maruti alto k10,2012,petrol,64058,263099,bengaluru,426,hatchback,manual,vxi
hyundai elite i20,2015,petrol,44930,616199,bengaluru,1120,hatchback,manual,asta 1.2
hyundai i10,2009,petrol,66948,266999,bengaluru,1047,hatchback,automatic,sportz 1.2 at
maruti wagon r 1.0,2013,petrol,23401,352699,bengaluru,477,hatchback,manual,vxi
maruti alto k10,2011,petrol,66875,268199,bengaluru,342,hatchback,manual,vxi
maruti alto,2009,petrol,43770,226399,bengaluru,640,hatchback,manual,lxi
maruti alto k10,2014,petrol,43290,342299,bengaluru,300,hatchback,manual,vxi
hyundai elite i20,2014,diesel,62516,599099,bengaluru,1348,hatchback,manual,sportz (o) 1.4
maruti swift,2011,diesel,107079,366499,bengaluru,1291,hatchback,manual,vdi
hyundai verna,2013,petrol,50364,552799,bengaluru,1531,sedan,manual,fluidic 1.6 sx vtvt
hyundai i10,2010,petrol,35835,353799,bengaluru,402,hatchback,manual,sportz 1.2 kappa2
tata nano,2016,petrol,31828,197599,bengaluru,1773,hatchback,manual,xt twist
volkswagen polo,2013,diesel,56244,343899,bengaluru,5477,hatchback,manual,comfortline 1.2l diesel
maruti omni e,2016,petrol,39227,265599,bengaluru,1308,,,8 str
maruti alto k10,2011,petrol,63550,222999,bengaluru,540,hatchback,manual,vxi
honda city,2015,petrol,50210,658299,bengaluru,2022,sedan,manual,v mt petrol
honda city,2011,petrol,74354,484399,bengaluru,664,sedan,manual,s mt petrol
maruti swift dzire,2013,petrol,22236,470699,bengaluru,949,sedan,,vxi regal limited edition
maruti ertiga,2015,diesel,47724,786899,bengaluru,923,suv,manual,zdi
tata nano,2015,petrol,35074,247699,bengaluru,663,hatchback,automatic,twist xta
hyundai elite i20,2019,petrol,16097,721099,bengaluru,1749,hatchback,manual,asta 1.2 (o)
honda city,2010,petrol,64985,421999,bengaluru,1250,sedan,manual,v mt petrol
chevrolet beat,2012,petrol,30968,250899,bengaluru,1452,hatchback,manual,ls petrol
honda amaze,2018,petrol,19150,711099,bengaluru,1411,sedan,,1.2 v cvt i vtec
tata tiago,2017,petrol,32330,519099,bengaluru,876,hatchback,manual,xz 1.2 revotron
ford figo,2012,diesel,43307,355899,bengaluru,1048,hatchback,manual,1.4 exi duratorq
renault kwid,2016,petrol,51712,284199,bengaluru,2108,hatchback,manual,rxt
hyundai i20,2011,petrol,71654,380399,bengaluru,1184,hatchback,manual,asta 1.2 o with sunroof
maruti eeco,2015,petrol,36647,401099,bengaluru,59,suv,manual,5 str with ac plushtr
hyundai i10,2010,petrol,65697,349299,bengaluru,323,hatchback,manual,sportz 1.2 kappa2
maruti swift dzire,2013,petrol,53166,442399,bengaluru,850,sedan,,vxi regal limited edition
maruti baleno,2016,petrol,39609,586499,bengaluru,1023,hatchback,manual,delta 1.2 k12
hyundai eon,2012,petrol,65435,252699,bengaluru,1044,hatchback,manual,magna
hyundai grand i10 nios,2019,petrol,6430,717699,bengaluru,1543,hatchback,,sportz 1.2 at
maruti swift,2018,petrol,9948,641899,bengaluru,1427,hatchback,automatic,vxi amt
maruti alto k10,2010,petrol,99476,198999,bengaluru,931,hatchback,manual,vxi
ford figo,2010,petrol,72728,259499,bengaluru,2490,hatchback,manual,1.2 exi duratec
hyundai i10,2012,petrol,52419,338199,bengaluru,381,hatchback,manual,era 1.1 irde
maruti wagon r,2009,petrol,43468,241999,bengaluru,930,hatchback,manual,lxi
maruti swift,2014,petrol,51232,519999,bengaluru,377,hatchback,manual,vxi
hyundai i10,2009,petrol,45611,259999,bengaluru,827,hatchback,manual,magna 1.2
maruti swift,2015,petrol,40944,537599,bengaluru,501,hatchback,manual,vxi
maruti swift,2019,petrol,10705,643399,bengaluru,1165,hatchback,manual,vxi
hyundai i20,2012,petrol,61801,448199,bengaluru,607,hatchback,manual,sportz 1.2 vtvt
hyundai elite i20,2019,petrol,21040,667199,bengaluru,5183,hatchback,,1.2 magna plus vtvt
honda brio,2015,petrol,32984,474599,bengaluru,740,hatchback,manual,1.2 s mt i vtec
hyundai i10,2009,petrol,44610,262499,bengaluru,185,hatchback,manual,sportz 1.2
tata nano,2013,petrol,63792,134899,bengaluru,1131,hatchback,manual,lx
maruti new  wagon-r,2019,petrol,19013,503099,bengaluru,989,,,vxi (o)1.ol ags
maruti a star,2010,petrol,59671,227599,bengaluru,939,hatchback,manual,vxi
maruti swift,2016,petrol,35352,559899,bengaluru,55,hatchback,manual,lxi opt
maruti omni e,2016,petrol,43664,297499,bengaluru,822,,,8 str
chevrolet beat,2010,petrol,47003,234699,bengaluru,1048,hatchback,manual,ls petrol
hyundai i10,2010,petrol,40200,379499,bengaluru,549,hatchback,automatic,sportz 1.2 at kappa2
maruti swift,2010,petrol,88390,287399,bengaluru,2778,hatchback,manual,vxi
maruti swift dzire,2013,diesel,53702,493599,bengaluru,1222,sedan,manual,zdi
hyundai i10,2011,petrol,61322,353999,bengaluru,206,hatchback,manual,magna 1.2 kappa2
hyundai verna,2013,petrol,43825,565599,bengaluru,1934,sedan,manual,fluidic 1.6 sx vtvt
volkswagen polo,2013,petrol,45204,642599,bengaluru,1131,hatchback,automatic,gt tsi 1.2 petrol at
maruti alto k10,2010,petrol,42705,263299,bengaluru,361,hatchback,manual,vxi
honda city,2015,petrol,22337,713899,bengaluru,1206,sedan,manual,v mt petrol
maruti swift dzire,2013,diesel,48132,511599,bengaluru,1142,sedan,manual,vdi bs iv
maruti swift,2012,petrol,42779,484199,bengaluru,549,hatchback,manual,zxi
maruti ciaz,2018,petrol,16598,830599,bengaluru,1327,sedan,,delta 1.5 shvs vvt at
maruti swift dzire,2014,petrol,50960,498799,bengaluru,471,sedan,manual,vxi 1.2 bs iv
maruti eeco,2012,petrol,46403,339299,bengaluru,451,suv,manual,5 str with ac plushtr
hyundai santro xing,2008,petrol,41350,232299,bengaluru,29,hatchback,manual,gl
maruti baleno,2017,petrol,14962,634899,bengaluru,448,hatchback,manual,delta 1.2 k12
maruti baleno,2017,petrol,30068,635999,bengaluru,622,hatchback,manual,zeta 1.2 k12
maruti swift dzire,2013,petrol,38521,515099,bengaluru,535,sedan,manual,zxi 1.2 bs iv
chevrolet beat,2010,petrol,33225,232699,bengaluru,962,hatchback,manual,lt petrol
hyundai i10,2007,petrol,79620,209499,bengaluru,1391,hatchback,manual,magna
maruti swift,2018,petrol,22678,629999,bengaluru,978,hatchback,manual,vxi
maruti alto,2008,petrol,45812,217399,bengaluru,833,hatchback,manual,lxi
maruti ritz,2011,diesel,71585,363699,bengaluru,667,hatchback,manual,vdi
maruti alto k10,2010,petrol,56300,259099,bengaluru,328,hatchback,manual,lxi
maruti alto k10,2015,petrol,53989,316799,bengaluru,178,hatchback,manual,vxi
hyundai i10,2011,petrol,73153,336199,bengaluru,212,hatchback,manual,magna 1.2 kappa2
maruti ritz,2013,petrol,58907,377899,bengaluru,348,hatchback,manual,lxi
hyundai i20,2010,petrol,55232,391199,bengaluru,351,hatchback,manual,magna o 1.2
maruti alto k10,2018,petrol,29928,393399,bengaluru,501,hatchback,manual,vxi opt
maruti vitara brezza,2019,diesel,4566,900799,bengaluru,2134,suv,manual,vdi
honda jazz,2017,petrol,22899,712899,bengaluru,1103,hatchback,automatic,1.2 v at
volkswagen polo,2012,petrol,41418,500899,bengaluru,614,hatchback,manual,highline1.2l petrol
maruti alto k10,2014,petrol,65190,303899,bengaluru,508,hatchback,manual,vxi
honda amaze,2018,diesel,36367,777199,bengaluru,1097,sedan,,1.5 v cvt i-dtec
maruti swift dzire,2012,diesel,74010,445299,bengaluru,741,sedan,manual,vdi bs iv
hyundai verna,2008,petrol,66836,274099,bengaluru,2883,sedan,manual,xi
maruti alto k10,2012,petrol,68156,238699,bengaluru,550,hatchback,manual,vxi
maruti baleno,2019,petrol,21250,666699,bengaluru,1687,hatchback,manual,delta 1.2 k12
maruti wagon r,2009,petrol,45139,239799,bengaluru,1040,hatchback,manual,lxi minor
maruti swift dzire,2013,petrol,56518,484299,bengaluru,1517,sedan,manual,vxi 1.2 bs iv
hyundai i20,2010,petrol,61105,428399,bengaluru,282,hatchback,manual,sportz 1.2 o
maruti swift,2014,petrol,59761,486499,bengaluru,1175,hatchback,manual,vxi
hyundai elite i20,2015,petrol,41499,556299,bengaluru,740,hatchback,manual,magna 1.2
ford figo,2011,petrol,66451,287199,bengaluru,1507,hatchback,manual,1.2 zxi duratec
honda city,2012,petrol,45163,466499,bengaluru,2080,sedan,manual,v mt petrol
honda city,2014,petrol,48559,612199,bengaluru,1308,sedan,manual,v mt petrol
honda brio,2012,petrol,48171,369799,bengaluru,668,hatchback,manual,1.2 v mt i vtec
hyundai santro xing,2007,petrol,104893,183499,bengaluru,1820,hatchback,manual,xo erlx euro iii
volkswagen cross polo,2015,petrol,57353,494299,bengaluru,1236,hatchback,manual,highline petrol
maruti ertiga,2015,diesel,53684,684999,bengaluru,1237,suv,manual,vdi abs
maruti wagon r,2009,petrol,65823,232299,bengaluru,1014,hatchback,manual,vxi bs iii
maruti alto 800,2013,petrol,70555,244899,bengaluru,993,hatchback,manual,lxi
maruti wagon r 1.0,2013,petrol,72925,389399,bengaluru,22,hatchback,manual,vxi
maruti dzire,2017,petrol,34120,668199,bengaluru,508,sedan,manual,zxi plus
hyundai i10,2008,petrol,68811,260499,bengaluru,757,hatchback,manual,magna 1.1 irde2
hyundai elite i20,2016,diesel,46454,731099,bengaluru,916,hatchback,manual,1.4 crdi asta (o)
renault triber,2019,petrol,5436,661199,bengaluru,314,suv,,1.0 rxt
hyundai i20,2009,petrol,85871,275499,bengaluru,1521,hatchback,manual,magna 1.2 vtvt
renault duster,2013,diesel,60187,629899,bengaluru,1497,suv,manual,rxl pack diesel 85
honda jazz,2015,petrol,49959,490999,bengaluru,1180,hatchback,manual,1.2 sv petrol
maruti alto k10,2012,petrol,81811,266199,bengaluru,443,hatchback,manual,vxi
maruti baleno,2016,petrol,45087,551899,bengaluru,1615,hatchback,manual,delta 1.2 k12
maruti ciaz,2017,petrol,22556,720399,bengaluru,913,sedan,automatic,zxi plus amt
maruti alto,2009,petrol,57357,186899,bengaluru,2325,hatchback,manual,lxi
maruti swift,2010,petrol,118439,295499,bengaluru,1097,hatchback,manual,vxi
maruti alto,2011,petrol,42491,283299,bengaluru,328,hatchback,manual,lxi
maruti celerio,2019,petrol,19006,535199,bengaluru,655,hatchback,manual,zxi opt
hyundai grand i10,2014,petrol,26036,529799,bengaluru,297,hatchback,manual,asta 1.2 (o) vtvt
maruti ritz,2010,petrol,69401,349599,bengaluru,638,hatchback,manual,zxi
hyundai i20,2014,petrol,56580,477799,bengaluru,3339,hatchback,manual,asta 1.2
hyundai i10,2009,petrol,42203,298899,bengaluru,27,hatchback,manual,magna 1.2
renault kwid,2018,petrol,32733,414099,bengaluru,529,hatchback,,climber 1.0 at
maruti wagon r 1.0,2014,petrol,57275,367799,bengaluru,540,hatchback,manual,vxi
maruti alto k10,2011,petrol,66167,274999,bengaluru,253,hatchback,manual,lxi
maruti a star,2008,petrol,60195,216999,bengaluru,634,hatchback,manual,vxi
honda jazz,2018,petrol,11839,731399,bengaluru,1134,hatchback,manual,vx  1.2
maruti alto,2011,petrol,46746,281699,bengaluru,34,hatchback,manual,lxi
hyundai i10,2012,petrol,82823,381599,bengaluru,227,hatchback,manual,sportz 1.2 kappa2
hyundai i10,2012,petrol,69377,344299,bengaluru,318,hatchback,manual,era 1.1 irde
maruti swift dzire,2009,petrol,49308,394099,bengaluru,112,sedan,manual,vxi 1.3
maruti wagon r stingray,2013,petrol,77367,345499,bengaluru,562,hatchback,manual,vxi
maruti ertiga,2018,diesel,23374,891899,bengaluru,2767,suv,manual,vdi shvs
maruti ritz,2009,petrol,54431,300499,bengaluru,706,hatchback,manual,vxi
hyundai xcent,2014,petrol,89674,449999,bengaluru,682,sedan,manual,sx 1.2 opt
maruti a star,2010,petrol,77711,250399,bengaluru,467,hatchback,manual,vxi
maruti baleno,2019,petrol,7600,673299,bengaluru,1555,hatchback,manual,delta 1.2 k12
volkswagen ameo,2017,diesel,38584,609099,bengaluru,2079,sedan,automatic,highline plus dsg 1.5
maruti swift dzire,2014,petrol,64614,493799,bengaluru,460,sedan,manual,vxi 1.2 bs iv
hyundai elite i20,2018,petrol,33951,709999,bengaluru,967,hatchback,manual,asta 1.2 (o)
maruti wagon r stingray,2013,petrol,56462,389099,bengaluru,411,hatchback,manual,vxi
maruti vitara brezza,2018,diesel,16556,910199,bengaluru,1785,suv,automatic,zdi amt
renault duster,2015,diesel,77939,640799,bengaluru,1497,suv,manual,rxz diesel 110
volkswagen polo,2018,petrol,14516,921499,bengaluru,905,hatchback,manual,gt tsi
maruti celerio,2019,petrol,10442,508799,bengaluru,852,hatchback,manual,zxi
hyundai i20,2012,diesel,95289,413499,bengaluru,1772,hatchback,manual,asta 1.4 crdi
hyundai i20,2011,diesel,127738,330299,bengaluru,1393,hatchback,manual,sportz o 1.4 crdi
maruti alto,2008,petrol,84335,172199,bengaluru,2351,hatchback,manual,lxi
maruti baleno,2016,diesel,61270,690999,bengaluru,885,hatchback,manual,alpha ddis 190
maruti swift,2019,petrol,7641,630399,bengaluru,2039,hatchback,manual,vxi
maruti ritz,2011,petrol,76052,362899,bengaluru,298,hatchback,manual,vxi bs iv
hyundai elite i20,2019,petrol,3391,637599,bengaluru,1981,hatchback,,1.2 magna plus vtvt
hyundai i10,2008,petrol,87637,251999,bengaluru,530,hatchback,manual,magna
ford figo aspire,2019,petrol,21554,614799,bengaluru,1384,sedan,,1.2 trend+ petrol
hyundai i10,2009,petrol,102544,263499,bengaluru,364,hatchback,manual,sportz 1.2
maruti zen estilo,2008,petrol,71113,168499,bengaluru,1933,hatchback,manual,lxi
maruti swift,2016,diesel,48833,609499,bengaluru,709,hatchback,manual,vdi
hyundai santro xing,2007,petrol,82791,198299,bengaluru,667,hatchback,manual,xo erlx euro iii
honda jazz,2017,petrol,14164,728499,bengaluru,802,hatchback,automatic,1.2 v at
ford figo,2013,diesel,90057,298099,bengaluru,2833,hatchback,manual,1.4 zxi duratorq
maruti swift dzire,2014,diesel,64332,413899,bengaluru,2450,sedan,manual,vdi bs iv
maruti dzire,2018,petrol,28249,641999,bengaluru,1637,sedan,automatic,vxi amt
maruti wagon r 1.0,2011,petrol,65270,365399,bengaluru,25,hatchback,manual,vxi
maruti ritz,2011,petrol,81119,381099,bengaluru,359,hatchback,manual,vxi bs iv
maruti wagon r 1.0,2010,petrol,85595,284999,bengaluru,697,hatchback,manual,vxi
maruti alto k10,2011,petrol,64152,286199,bengaluru,277,hatchback,manual,lxi
maruti swift,2014,diesel,61970,483399,bengaluru,416,hatchback,manual,vdi
hyundai i20,2009,petrol,60745,337899,bengaluru,96,hatchback,manual,magna 1.2 vtvt
maruti ritz,2010,petrol,78605,356899,bengaluru,35,hatchback,manual,vxi bs iv
maruti swift,2010,diesel,87033,307499,bengaluru,1033,hatchback,manual,ldi bs iv
hyundai grand i10,2015,petrol,43106,565999,bengaluru,46,hatchback,manual,asta 1.2 (o) vtvt
volkswagen polo,2015,petrol,37437,517099,bengaluru,1651,hatchback,manual,comfortline 1.2l petrol
maruti swift,2013,diesel,86307,513299,bengaluru,1383,hatchback,manual,zdi
hyundai elite i20,2016,diesel,44970,681199,bengaluru,914,hatchback,manual,asta 1.4 crdi
hyundai i10,2011,petrol,71708,348899,bengaluru,263,hatchback,manual,magna 1.2 kappa2
hyundai elite i20,2018,petrol,26118,730199,bengaluru,1103,hatchback,manual,asta 1.2
maruti swift,2017,diesel,40163,625099,bengaluru,697,hatchback,manual,vdi abs
volkswagen polo,2018,petrol,13259,912099,bengaluru,1066,hatchback,manual,gt tsi
hyundai i10,2009,petrol,65199,280299,bengaluru,362,hatchback,manual,sportz 1.2
volkswagen vento,2011,diesel,124220,335899,bengaluru,2154,sedan,manual,highline diesel
hyundai i20,2010,petrol,88825,393799,bengaluru,283,hatchback,manual,magna o 1.2
maruti swift,2016,diesel,50069,655799,bengaluru,1207,hatchback,manual,zdi
volkswagen polo,2018,petrol,30455,844799,bengaluru,741,hatchback,manual,gt tsi
hyundai i10,2009,petrol,63634,320699,bengaluru,430,hatchback,automatic,sportz 1.2 at
honda city,2019,petrol,21305,853999,bengaluru,827,sedan,manual,1.5 v mt
hyundai eon,2011,petrol,77484,228199,bengaluru,1499,hatchback,manual,era
maruti dzire,2019,petrol,13444,719299,bengaluru,1271,sedan,automatic,vxi amt
hyundai i20,2013,diesel,73374,440699,bengaluru,1395,hatchback,manual,sportz 1.4 crdi
maruti vitara brezza,2017,diesel,64317,884599,bengaluru,516,suv,manual,zdi
maruti eeco,2019,petrol,2974,498299,bengaluru,427,suv,manual,5 str with ac plushtr
hyundai elite i20,2018,diesel,43620,753399,bengaluru,992,hatchback,manual,asta 1.4 crdi
maruti alto,2009,petrol,102742,200199,bengaluru,461,hatchback,manual,lxi
maruti vitara brezza,2018,diesel,25004,994099,bengaluru,1561,suv,automatic,zdi + amt
hyundai i10,2009,petrol,85451,276899,bengaluru,436,hatchback,manual,sportz 1.2
maruti wagon r,2007,petrol,47752,191799,bengaluru,1880,hatchback,manual,lxi
hyundai i10,2012,petrol,96495,299199,bengaluru,607,hatchback,manual,magna 1.2 kappa2
maruti alto,2009,petrol,94064,233399,bengaluru,454,hatchback,manual,lxi
ford figo,2010,petrol,107442,219899,bengaluru,1551,hatchback,manual,1.2 titanium duratec
maruti swift dzire,2013,diesel,69231,483399,bengaluru,881,sedan,manual,vdi bs iv
fiat grand punto,2013,diesel,96486,284399,bengaluru,2530,hatchback,manual,active 1.3
hyundai i10,2011,petrol,108720,324999,bengaluru,301,hatchback,manual,sportz 1.2 kappa2
maruti swift dzire,2015,diesel,59917,555099,bengaluru,1800,sedan,,vdi abs
maruti a star,2009,petrol,71441,256799,bengaluru,320,hatchback,manual,vxi
hyundai grand i10,2013,petrol,71850,408499,bengaluru,580,hatchback,manual,sportz 1.2 kappa vtvt
hyundai i10,2009,petrol,88231,270899,bengaluru,441,hatchback,manual,sportz 1.2
maruti celerio,2017,petrol,72907,442099,bengaluru,546,hatchback,automatic,zxi amt
hyundai santro xing,2008,petrol & lpg,67270,223999,bengaluru,681,hatchback,manual,gls lpg
maruti sx4,2010,petrol,86200,314499,bengaluru,878,sedan,manual,zxi mt bs iv
maruti swift,2008,petrol,79647,262199,bengaluru,2386,hatchback,manual,vxi 1.3
honda city,2019,petrol,3478,942299,bengaluru,2266,sedan,manual,1.5 v mt
nissan micra,2010,petrol,67928,275699,bengaluru,1032,hatchback,manual,xl petrol
chevrolet sail uva,2013,petrol,61950,255499,bengaluru,2771,hatchback,manual,1.2 ls abs
hyundai verna,2011,petrol,41502,503299,bengaluru,200,sedan,manual,fluidic 1.6 ex vtvt
maruti celerio,2016,petrol,52584,412699,bengaluru,1084,hatchback,automatic,zxi amt
toyota yaris,2019,petrol,12672,800199,bengaluru,2673,sedan,manual,j mt
hyundai i20 active,2016,diesel,56435,674499,bengaluru,1295,hatchback,manual,1.4 sx
ford ecosport,2014,petrol,63766,618499,bengaluru,2167,suv,automatic,1.5 titanium ti vct at
volkswagen polo,2016,petrol,53799,570499,bengaluru,1247,hatchback,manual,highline1.2l petrol
ford ecosport,2015,diesel,69479,712999,bengaluru,1221,suv,manual,1.5 titaniumtdci opt
volkswagen polo,2018,petrol,15934,903499,bengaluru,1016,hatchback,manual,gt tsi
renault captur,2019,petrol,30902,834899,bengaluru,1390,suv,,rxe petrol mt
hyundai verna,2018,petrol,31913,878099,bengaluru,785,sedan,manual,1.6 sx vtvt
renault duster,2017,petrol,30059,710799,bengaluru,1613,suv,manual,rxl petrol 104
maruti alto,2009,petrol,67415,219499,bengaluru,795,hatchback,manual,lxi
hyundai i10,2007,petrol,72432,225499,bengaluru,832,hatchback,manual,magna
maruti dzire,2017,diesel,55499,666699,bengaluru,1334,sedan,manual,vdi
maruti wagon r 1.0,2013,petrol,59930,335399,bengaluru,618,hatchback,manual,lxi
ford ecosport,2018,petrol,40179,919099,bengaluru,646,suv,,1.5 titanium plus ti vct at
renault kwid,2016,petrol,68833,289399,bengaluru,1473,hatchback,manual,rxt
maruti celerio,2017,petrol,57992,461099,bengaluru,472,hatchback,automatic,zxi opt amt
hyundai i20,2014,diesel,128553,466399,bengaluru,1232,hatchback,manual,asta 1.4 crdi
hyundai i10,2010,petrol,67892,327199,bengaluru,318,hatchback,manual,magna 1.2
maruti celerio,2017,petrol,45025,419299,bengaluru,784,hatchback,manual,vxi (o)
hyundai i20,2010,petrol,72693,356899,bengaluru,622,hatchback,manual,asta 1.2
maruti s cross,2015,diesel,56672,662899,bengaluru,2106,suv,manual,zeta 1.3
maruti swift dzire,2015,petrol,69826,557799,bengaluru,661,sedan,manual,zxi 1.2 bs iv
toyota innova,2015,diesel,78800,1261387,bengaluru,2711,suv,manual,2.5 vx 7 str bs iv
fiat grand punto,2009,petrol,56137,269199,bengaluru,781,hatchback,manual,active 1.2
ford ecosport,2014,petrol,62745,686599,bengaluru,1008,suv,automatic,1.5 titanium ti vct at
hyundai elite i20,2018,petrol,22993,720599,bengaluru,633,hatchback,manual,asta 1.2
maruti vitara brezza,2018,diesel,27039,909599,bengaluru,1277,suv,,vdi amt
hyundai i20,2012,diesel,119610,376099,bengaluru,929,hatchback,manual,magna 1.4 crdi
hyundai santro xing,2007,petrol,69390,207599,bengaluru,335,hatchback,manual,xo erlx euro iii
honda city,2017,petrol,19307,777199,bengaluru,1834,sedan,manual,sv mt petrol
mahindra thar,2017,diesel,30589,790299,bengaluru,3959,suv,manual,crde 4x4 bs iv
maruti swift,2010,petrol,75257,379799,bengaluru,676,hatchback,manual,vxi abs
maruti swift,2016,petrol,51594,518199,bengaluru,630,hatchback,manual,lxi opt
maruti eeco,2015,petrol,81268,298199,bengaluru,746,suv,manual,5 str with ac plushtr
volkswagen polo,2011,diesel,100966,368699,bengaluru,1443,hatchback,manual,highline1.2l diesel
maruti swift dzire,2012,petrol,147268,447899,bengaluru,548,sedan,manual,zxi 1.2 bs iv
hyundai i10,2013,petrol,63140,361699,bengaluru,594,hatchback,manual,magna 1.2 kappa2
hyundai i10,2011,petrol,106988,330799,bengaluru,265,hatchback,manual,magna 1.2 kappa2
maruti swift,2019,petrol,30625,732099,bengaluru,937,hatchback,,zxi plus amt
maruti alto k10,2011,petrol,85649,211199,bengaluru,638,hatchback,manual,lxi
mahindra e2o,2014,electric,67449,267199,bengaluru,2191,hatchback,manual,t2
hyundai elite i20,2018,petrol,27247,773599,bengaluru,1313,hatchback,manual,asta 1.2 dual tone
maruti swift,2014,petrol,106319,453899,bengaluru,656,hatchback,manual,vxi
maruti alto,2010,petrol,91313,207499,bengaluru,585,hatchback,manual,lxi
maruti ertiga,2015,diesel,51013,699399,bengaluru,639,suv,manual,vdi abs
maruti wagon r duo,2010,petrol & lpg,63163,242999,bengaluru,973,hatchback,manual,lxi lpg
maruti swift dzire,2016,petrol,52435,521399,bengaluru,1421,sedan,manual,vxi opt
maruti vitara brezza,2016,diesel,85074,717599,bengaluru,928,suv,manual,vdi opt
maruti swift,2014,petrol,69261,451499,bengaluru,631,hatchback,manual,vxi
ford figo,2010,petrol,75066,270699,bengaluru,849,hatchback,manual,1.2 zxi duratec
volkswagen polo,2016,petrol,69898,633199,bengaluru,1561,hatchback,automatic,gt tsi 1.2 petrol at
honda amaze,2014,diesel,81253,444199,bengaluru,1053,sedan,manual,1.5 smt i dtec
volkswagen vento,2011,diesel,96475,387199,bengaluru,1383,sedan,manual,highline diesel
maruti ritz,2010,petrol,137545,245599,bengaluru,995,hatchback,manual,vxi bs iv
tata hexa,2017,diesel,37975,1356731,bengaluru,2670,suv,automatic,varicor 400 xta
maruti alto,2008,petrol,76502,215299,bengaluru,249,hatchback,manual,lxi
mahindra kuv100,2016,diesel,64633,436899,bengaluru,961,suv,manual,k8 d 6 str
maruti ritz,2009,petrol,83374,292099,bengaluru,264,hatchback,manual,vxi abs
honda city,2016,petrol,33050,753599,bengaluru,760,sedan,,vx (o) petrol
volkswagen polo,2013,diesel,77659,446799,bengaluru,2957,hatchback,manual,gt tdi 1.6 mt diesel
maruti ertiga,2013,diesel,112013,601299,bengaluru,756,suv,manual,zdi
volkswagen polo,2012,diesel,129687,369599,bengaluru,1668,hatchback,manual,highline1.2l diesel
maruti swift dzire,2015,petrol,58291,572399,bengaluru,824,sedan,manual,zxi 1.2 bs iv
ford fiesta,2009,petrol,95319,283699,bengaluru,1568,sedan,manual,1.6 zxi abs
maruti alto k10,2012,petrol,93827,222999,bengaluru,400,hatchback,manual,vxi
maruti alto k10,2015,petrol,70098,290099,bengaluru,739,hatchback,manual,vxi
fiat grand punto,2012,diesel,83863,292399,bengaluru,966,hatchback,manual,dynamic 1.3
hyundai venue,2019,petrol,2264,971599,bengaluru,3422,suv,,1.0l turbo gdi sx mt
hyundai i10,2009,petrol,94539,283499,bengaluru,478,hatchback,automatic,sportz 1.2 at
maruti wagon r,2009,petrol,63993,281199,bengaluru,54,hatchback,manual,vxi minor
toyota innova crysta,2017,diesel,38228,1984244,bengaluru,3188,suv,automatic,2.8 zx at 7 str
hyundai elite i20,2015,petrol,76693,599499,bengaluru,62,hatchback,manual,asta 1.2
toyota innova crysta,2017,diesel,36613,1878194,bengaluru,2592,suv,automatic,2.8 zx at 7 str
hyundai grand i10,2016,petrol,76685,449999,bengaluru,450,hatchback,manual,sportz 1.2 kappa vtvt
hyundai xcent,2014,petrol,97307,406999,bengaluru,993,sedan,manual,s 1.2
maruti ritz,2009,petrol,93600,299399,bengaluru,705,hatchback,manual,vxi
volkswagen vento,2015,diesel,86812,675599,bengaluru,2594,sedan,automatic,highline tdi at
hyundai elite i20,2016,petrol,62140,633799,bengaluru,702,hatchback,manual,asta 1.2 (o)
hyundai i10,2010,petrol,90132,265799,bengaluru,556,hatchback,manual,magna 1.2
mahindra xuv500,2016,diesel,81252,825199,bengaluru,2736,luxury suv,manual,w4 4x2
ford ecosport,2018,diesel,19487,987399,bengaluru,563,suv,,1.5 tdci titanium plus
maruti swift,2009,petrol,77463,381399,bengaluru,606,hatchback,manual,zxi 1.3
maruti swift dzire,2013,petrol,78058,443799,bengaluru,552,sedan,manual,vxi 1.2 bs iv
hyundai i20,2013,diesel,73269,433499,bengaluru,738,hatchback,manual,sportz 1.4 crdi
maruti vitara brezza,2018,diesel,31071,888699,bengaluru,1247,suv,manual,zdi
hyundai verna,2018,petrol,34000,1047368,bengaluru,2157,sedan,automatic,1.6 sx vtvt at (o)
maruti alto,2011,petrol,102352,195099,bengaluru,1652,hatchback,manual,lxi
maruti wagon r 1.0,2011,petrol,94359,313699,bengaluru,246,hatchback,manual,vxi
hyundai creta,2017,diesel,71208,1180688,bengaluru,1795,suv,,1.6 sx (o) crdi
hyundai santa fe,2015,diesel,66961,1538430,bengaluru,2909,luxury suv,automatic,4wd at
maruti ritz,2014,petrol,86798,367999,bengaluru,591,hatchback,manual,vxi bs iv
hyundai grand i10,2015,petrol,77606,483299,bengaluru,371,hatchback,manual,asta 1.2 (o) vtvt
mahindra thar,2019,diesel,5652,1031208,bengaluru,1319,suv,manual,crde 4x4 bs iv
honda city,2015,petrol,65102,624699,bengaluru,858,sedan,manual,v mt petrol
volkswagen vento,2010,petrol,89162,406799,bengaluru,1494,sedan,automatic,highline petrol at
maruti swift dzire,2011,diesel,91825,422799,bengaluru,402,sedan,manual,ldi bs iv
hyundai santro xing,2008,petrol,104288,253099,bengaluru,292,hatchback,manual,gls
hyundai elite i20,2015,petrol,81374,580199,bengaluru,579,hatchback,manual,asta 1.2
maruti zen estilo,2010,petrol,89736,221599,bengaluru,621,hatchback,manual,vxi
fiat grand punto,2014,diesel,78875,388299,bengaluru,1342,hatchback,manual,emotion 1.3
toyota innova,2009,diesel,68496,713999,bengaluru,2759,suv,manual,2.5 v 8 str
maruti swift,2012,petrol,83637,430499,bengaluru,487,hatchback,manual,vxi
hyundai xcent,2014,petrol,78401,455499,bengaluru,534,sedan,manual,sx 1.2 opt
maruti swift,2010,petrol,106323,328599,bengaluru,619,hatchback,manual,vxi
hyundai new elantra,2013,petrol,98614,592499,bengaluru,348,luxury sedan,automatic,sx 1.8 at
hyundai elite i20,2014,petrol,82997,477599,bengaluru,1162,hatchback,manual,sportz 1.2
hyundai grand i10,2015,petrol,72459,430899,bengaluru,383,hatchback,manual,sports 1.2 vtvt
mahindra xuv500,2013,diesel,73656,800299,bengaluru,1985,luxury suv,manual,w8 fwd
maruti swift dzire,2014,diesel,87454,539099,bengaluru,676,sedan,manual,zdi
hyundai i20,2010,diesel,91409,345699,bengaluru,1083,hatchback,manual,asta 1.4 crdi
hyundai i10,2010,petrol,97299,304699,bengaluru,335,hatchback,manual,magna 1.2 kappa2
maruti swift dzire,2011,petrol,137461,291199,bengaluru,1958,sedan,manual,vxi 1.2 bs iv
maruti swift dzire,2014,diesel,75129,489699,bengaluru,666,sedan,manual,vdi bs iv
maruti swift dzire,2012,diesel,97067,499199,bengaluru,390,sedan,manual,vdi bs iv
maruti swift,2012,diesel,98650,412799,bengaluru,954,hatchback,manual,vdi
mahindra xuv500,2015,diesel,41688,955399,bengaluru,1356,luxury suv,manual,w6 4x2
maruti swift,2011,diesel,103268,396099,bengaluru,791,hatchback,manual,vdi
mahindra xuv500,2015,diesel,34172,1112210,bengaluru,1597,luxury suv,manual,w8 fwd
maruti swift dzire,2009,petrol,147270,345699,bengaluru,611,sedan,manual,vxi 1.3
maruti swift,2013,petrol,92412,432399,bengaluru,623,hatchback,manual,vxi
toyota innova,2012,diesel,93262,516999,bengaluru,847,suv,manual,2.5 gx 8 str bs iv
skoda laura,2012,diesel,104404,540099,bengaluru,2178,luxury sedan,automatic,ambiente 2.0 tdi cr at
maruti ritz,2012,diesel,112264,344399,bengaluru,711,hatchback,manual,vdi
maruti wagon r 1.0,2013,petrol,115055,308799,bengaluru,391,hatchback,manual,vxi
chevrolet spark,2012,petrol,78206,201699,bengaluru,630,hatchback,manual,lt 1.0
mahindra xuv500,2016,diesel,76930,947899,bengaluru,1886,luxury suv,manual,w6 4x2
toyota innova,2014,diesel,60304,1468336,bengaluru,1761,suv,manual,2.5 zx 7 str bs iv
honda city,2009,petrol,142543,314199,bengaluru,1860,sedan,manual,s mt petrol
hyundai i20,2010,petrol,114547,346599,bengaluru,572,hatchback,manual,asta 1.2
maruti ritz,2016,petrol,77962,487999,bengaluru,804,hatchback,manual,zxi abs
mahindra xuv500,2016,diesel,109225,895799,bengaluru,1204,luxury suv,manual,w6 4x2
hyundai i20,2010,petrol,103131,389999,bengaluru,666,hatchback,manual,sportz 1.2 o
hyundai santro xing,2007,petrol,126399,210699,bengaluru,441,hatchback,manual,gls
ford figo,2010,diesel,128489,304599,bengaluru,443,hatchback,manual,1.4 titanium duratorq
toyota innova,2010,diesel,84284,752899,bengaluru,189,suv,manual,2.5 v 8 str
maruti ignis,2018,petrol,73455,575699,bengaluru,82,hatchback,manual,zeta 1.2 k12
tata indica vista,2009,diesel,150758,181299,bengaluru,2952,hatchback,manual,aura 1.3 quadrajet
maruti omni,2015,petrol,80931,272099,bengaluru,1579,suv,manual,5 seater
volkswagen polo,2015,petrol,90272,519699,bengaluru,681,hatchback,manual,highline1.2l petrol
toyota innova,2008,diesel,118781,543699,bengaluru,1424,suv,manual,2.5 g4 8 str
toyota innova,2009,diesel,143765,705199,bengaluru,1247,suv,manual,2.5 v 7str
maruti wagon r duo,2008,petrol & lpg,127994,208899,bengaluru,871,hatchback,manual,lxi lpg
maruti swift,2008,diesel,124921,269299,bengaluru,1132,hatchback,manual,ldi
volkswagen vento,2013,petrol,113856,413499,bengaluru,795,sedan,manual,highline petrol
maruti alto 800,2013,petrol,107100,274699,bengaluru,264,hatchback,manual,lxi
maruti swift dzire,2012,petrol,115096,401799,bengaluru,572,sedan,manual,vxi 1.2 bs iv
maruti swift,2012,petrol,119930,405699,bengaluru,434,hatchback,manual,vxi
maruti swift,2009,diesel,194924,238399,bengaluru,1922,hatchback,manual,ldi
mercedes benz c class,2012,diesel,83486,1192909,bengaluru,2390,luxury sedan,manual,250 cdi avantgarde
tata indica vista,2012,diesel,95484,305299,bengaluru,1553,hatchback,manual,vx quadrajet
renault duster,2013,diesel,141347,542699,bengaluru,1546,suv,manual,rxz diesel 110
maruti ritz,2011,petrol,98931,404699,bengaluru,115,hatchback,manual,vxi bs iv
hyundai i20,2011,petrol,138398,343699,bengaluru,721,hatchback,manual,sportz 1.2 o
maruti swift dzire,2012,diesel,130343,531899,bengaluru,341,sedan,manual,vdi bs iv
maruti baleno,2015,petrol,157108,509399,bengaluru,664,hatchback,manual,delta 1.2 k12
maruti swift,2016,petrol,123507,497999,bengaluru,508,hatchback,manual,vxi opt
maruti alto 800,2013,petrol,117275,236999,bengaluru,580,hatchback,manual,lxi
hyundai verna,2013,petrol,160483,478799,bengaluru,1116,sedan,manual,fluidic 1.6 sx vtvt opt
mahindra xuv500,2014,diesel,99272,811399,bengaluru,1130,luxury suv,manual,w8 fwd
maruti swift dzire,2014,diesel,110838,459699,bengaluru,723,sedan,manual,vdi bs iv
toyota innova,2012,diesel,128797,1053832,bengaluru,1731,suv,manual,2.5 vx 8 str bs iv
maruti ertiga,2015,diesel,129011,680999,bengaluru,1650,suv,manual,zdi plus shvs
renault duster,2016,diesel,130303,693299,bengaluru,1544,suv,automatic,rxz amt 110 ps
tata nano,2014,petrol,26357,180799,bengaluru,7624,hatchback,manual,xt twist
maruti wagon r stingray,2013,petrol,38167,333099,bengaluru,5444,hatchback,manual,vxi
hyundai xcent,2014,petrol,28483,457999,bengaluru,1868,sedan,manual,s 1.2
maruti alto 800,2016,petrol,10478,294499,bengaluru,1813,hatchback,manual,lxi
nissan sunny,2013,petrol,32429,497099,bengaluru,964,sedan,,xl cvt
hyundai elite i20,2014,petrol,32986,525799,bengaluru,1189,hatchback,manual,sportz 1.2
maruti alto k10,2016,petrol,9893,366499,bengaluru,765,hatchback,manual,vxi
hyundai i10,2014,petrol,21287,384799,bengaluru,705,hatchback,manual,sportz 1.1 irde2
tata nano,2014,petrol,34394,176899,bengaluru,1017,hatchback,manual,xt twist
renault kwid,2016,petrol,19682,369099,bengaluru,832,hatchback,,rxt 1.0 easy-r  at
hyundai i10,2013,petrol,14350,423299,bengaluru,422,hatchback,manual,sportz 1.2 kappa2
ford figo,2013,diesel,48229,302299,bengaluru,8458,hatchback,manual,1.4 exi duratorq
hyundai i10,2014,petrol,23271,397299,bengaluru,815,hatchback,manual,sportz 1.1 irde2
hyundai eon,2016,petrol,19484,340799,bengaluru,410,hatchback,manual,era plus
hyundai eon,2014,petrol,24444,306099,bengaluru,233,hatchback,manual,era plus
renault triber,2020,petrol,2151,726799,bengaluru,301,suv,,1.0 rxz
toyota etios,2015,petrol,33947,458799,bengaluru,6806,sedan,manual,vx
maruti alto,2011,petrol,17001,289899,bengaluru,719,hatchback,manual,lxi
hyundai i10,2013,petrol,34019,372299,bengaluru,491,hatchback,manual,magna 1.2 kappa2
maruti alto 800,2012,petrol,7044,259399,bengaluru,604,hatchback,manual,lxi
renault kwid,2015,petrol,12427,343499,bengaluru,1064,hatchback,manual,rxt
maruti ritz,2010,petrol,66102,334799,bengaluru,397,hatchback,manual,vxi bs iv
hyundai grand i10,2015,petrol,32836,473099,bengaluru,599,hatchback,manual,sportz 1.2 kappa vtvt
maruti swift,2015,petrol,30606,572799,bengaluru,594,hatchback,manual,vxi
hyundai grand i10,2015,petrol,11798,486999,bengaluru,831,hatchback,manual,sports 1.2 vtvt
hyundai i10,2012,petrol,34162,340899,bengaluru,408,hatchback,manual,sportz 1.2 kappa2
maruti wagon r 1.0,2014,petrol,37253,410599,bengaluru,304,hatchback,manual,vxi
hyundai i20,2011,petrol,24700,403899,bengaluru,1494,hatchback,manual,sportz 1.2 o
toyota etios liva,2011,petrol,33609,416899,bengaluru,599,hatchback,manual,g
maruti eeco,2016,petrol,34733,390799,bengaluru,442,suv,manual,5 str with ac plushtr
hyundai eon,2014,petrol,24024,327499,bengaluru,342,hatchback,manual,magna plus
tata tigor,2018,petrol,6319,605499,bengaluru,1066,sedan,manual,xz 1.2 revotron
maruti swift,2015,petrol,26447,551099,bengaluru,684,hatchback,manual,vxi
hyundai i10,2012,petrol,51798,363799,bengaluru,490,hatchback,manual,sportz 1.2 kappa2
ford figo,2012,petrol,59439,297699,bengaluru,921,hatchback,manual,1.2 titanium duratec
hyundai i10,2010,petrol,46077,356299,bengaluru,284,hatchback,manual,sportz 1.2 kappa2
maruti wagon r 1.0,2011,petrol,23688,345599,bengaluru,477,hatchback,manual,vxi
tata nano,2016,petrol,5063,276099,bengaluru,115,hatchback,automatic,twist xta
maruti alto 800,2013,petrol,33334,278899,bengaluru,492,hatchback,manual,lxi
hyundai santro xing,2012,petrol,67714,258499,bengaluru,1467,hatchback,manual,gl plus
honda wr-v,2017,petrol,26136,750499,bengaluru,1634,suv,manual,1.2 i-vtec vx mt
hyundai creta,2017,petrol,17259,1174426,bengaluru,1501,suv,automatic,1.6 sx plus auto petrol
maruti baleno,2018,petrol,17306,795399,bengaluru,734,hatchback,automatic,alpha 1.2 k12 amt
hyundai verna,2014,petrol,49713,572699,bengaluru,1116,sedan,manual,fluidic 1.6 sx vtvt
maruti alto k10,2017,petrol,25199,363599,bengaluru,555,hatchback,,vxi amt
hyundai grand i10,2016,petrol,38561,482999,bengaluru,257,hatchback,manual,sportz 1.2 kappa vtvt
maruti alto k10,2016,petrol,31393,355099,bengaluru,466,hatchback,manual,vxi
hyundai elite i20,2014,petrol,43623,498399,bengaluru,2070,hatchback,manual,magna 1.2
maruti new  wagon-r,2019,petrol,13482,484899,bengaluru,1626,,,vxi 1.0
maruti swift,2010,petrol,43093,381399,bengaluru,801,hatchback,manual,vxi abs
hyundai i10,2016,petrol,30212,421599,bengaluru,688,hatchback,manual,sportz 1.1 irde2
maruti alto k10,2011,petrol,42935,242699,bengaluru,469,hatchback,manual,lxi
maruti swift,2015,petrol,21156,563799,bengaluru,1156,hatchback,manual,vxi
renault kwid,2018,petrol,19093,427199,bengaluru,532,hatchback,,climber 1.0 at
tata nano,2015,petrol,8664,209899,bengaluru,1049,hatchback,manual,xt twist
maruti wagon r 1.0,2010,petrol,52160,296499,bengaluru,346,hatchback,manual,lxi
honda city,2011,petrol,97999,446299,bengaluru,801,sedan,manual,s mt petrol
hyundai i10,2010,petrol,52027,327899,bengaluru,316,hatchback,manual,magna 1.2
hyundai xcent,2014,petrol,34233,505599,bengaluru,291,sedan,manual,s 1.2 opt
maruti alto 800,2016,petrol,34081,329299,bengaluru,383,hatchback,manual,vxi
maruti swift,2016,diesel,33834,615999,bengaluru,572,hatchback,manual,vdi
renault kwid,2017,petrol,7688,458499,bengaluru,329,hatchback,,rxt 1.0 easy-r  at
hyundai i10,2009,petrol,37025,287999,bengaluru,475,hatchback,manual,sportz 1.2
hyundai i20 active,2016,petrol,19581,650499,bengaluru,530,hatchback,manual,1.2 sx
maruti swift,2020,petrol,5975,742299,bengaluru,2547,hatchback,manual,zxi
maruti alto k10,2012,petrol,58683,295699,bengaluru,323,hatchback,manual,vxi
hyundai grand i10,2014,petrol,28276,497299,bengaluru,192,hatchback,manual,sportz 1.2 kappa vtvt
hyundai elite i20,2015,petrol,40878,633399,bengaluru,300,hatchback,manual,asta 1.2
maruti swift dzire,2013,diesel,107116,463899,bengaluru,349,sedan,manual,vdi bs iv
maruti swift,2015,diesel,63035,576399,bengaluru,1134,hatchback,manual,vdi abs
maruti baleno,2017,petrol,31833,623299,bengaluru,469,hatchback,manual,delta 1.2 k12
datsun redi go,2018,petrol,26739,359799,bengaluru,785,hatchback,,1.0 s at
mahindra e2o,2015,electric,41680,304199,bengaluru,2265,hatchback,manual,t2
maruti swift dzire,2014,petrol,42772,528499,bengaluru,442,sedan,manual,vxi 1.2 bs iv
hyundai santro xing,2014,petrol,46178,318399,bengaluru,818,hatchback,manual,gls
tata nano,2015,petrol,39157,262199,bengaluru,80,hatchback,automatic,twist xta
honda city,2010,petrol,67106,427999,bengaluru,659,sedan,manual,s mt petrol
maruti new  wagon-r,2019,petrol,24929,516199,bengaluru,977,,,1.0 vxi (o)
hyundai verna,2014,diesel,79961,649899,bengaluru,429,sedan,automatic,fluidic 1.6 crdi sx opt at
honda amaze,2018,diesel,15127,791799,bengaluru,826,sedan,,1.5 v cvt i-dtec
ford ecosport,2013,diesel,78085,612399,bengaluru,1249,suv,manual,1.5titanium tdci
chevrolet beat,2010,petrol,41586,243199,bengaluru,1810,hatchback,manual,ls petrol
maruti swift,2013,petrol,56566,466899,bengaluru,411,hatchback,manual,vxi
hyundai i10,2012,petrol,108611,359199,bengaluru,288,hatchback,manual,sportz 1.2 kappa2
mahindra thar,2016,diesel,22224,794799,bengaluru,2307,suv,manual,crde 4x4 bs iv
hyundai i20,2009,petrol,82548,320699,bengaluru,436,hatchback,manual,asta 1.2
hyundai santro xing,2014,petrol,51284,368299,bengaluru,278,hatchback,manual,gl plus
hyundai grand i10,2017,petrol,35956,512799,bengaluru,360,hatchback,manual,sports 1.2 vtvt
maruti swift dzire,2008,petrol,85451,318399,bengaluru,669,sedan,manual,vxi 1.3
hyundai i10,2008,petrol,62730,259599,bengaluru,336,hatchback,manual,magna 1.2
hyundai xcent,2014,petrol,54694,477599,bengaluru,518,sedan,manual,s 1.2 opt
maruti swift dzire,2014,petrol,68796,503199,bengaluru,351,sedan,manual,vxi 1.2 bs iv
maruti swift dzire,2012,diesel,102509,502399,bengaluru,405,sedan,manual,zdi
maruti alto 800,2013,petrol,47077,293899,bengaluru,286,hatchback,manual,lxi
maruti alto k10,2010,petrol,127516,209899,bengaluru,479,hatchback,manual,vxi
hyundai eon,2015,petrol,43825,317499,bengaluru,295,hatchback,manual,magna plus
hyundai i10,2009,petrol,58231,250299,bengaluru,1020,hatchback,automatic,magna 1.2 at
ford figo,2012,diesel,70204,309299,bengaluru,931,hatchback,manual,1.4 exi duratorq
renault duster,2015,diesel,54713,689899,bengaluru,1277,suv,manual,85 ps rxl
maruti zen estilo,2009,petrol,70598,234199,bengaluru,519,hatchback,manual,lxi
tata hexa,2018,diesel,24962,1445510,bengaluru,2910,suv,automatic,varicor 400 xta
maruti vitara brezza,2018,diesel,35547,888599,bengaluru,1007,suv,,vdi amt
maruti swift,2018,diesel,23055,758999,bengaluru,1815,hatchback,automatic,zdi amt
maruti ignis,2017,petrol,37166,634699,bengaluru,709,hatchback,automatic,zeta 1.2 k12 amt
hyundai i10,2008,petrol,10036,303599,bengaluru,472,hatchback,manual,magna 1.1 irde2
hyundai santro xing,2010,petrol & lpg,73792,238599,bengaluru,589,hatchback,manual,gls
hyundai i20,2011,petrol,98592,357499,bengaluru,800,hatchback,manual,sportz 1.2 o
hyundai i20,2010,petrol,91316,324799,bengaluru,570,hatchback,manual,magna 1.2 vtvt
hyundai verna,2008,petrol,63300,276399,bengaluru,1070,sedan,manual,xi
hyundai elite i20,2018,petrol,11385,706199,bengaluru,1318,hatchback,manual,asta 1.2 (o)
mahindra thar,2017,diesel,25418,823899,bengaluru,2848,suv,manual,crde 4x4 bs iv
hyundai i20 active,2016,diesel,55352,716699,bengaluru,652,hatchback,manual,1.4 sx
hyundai i10,2011,petrol,81592,355899,bengaluru,276,hatchback,manual,sportz 1.2 kappa2
maruti eeco,2017,petrol,50808,370899,bengaluru,746,suv,manual,5 str with ac plushtr
skoda octavia,2015,diesel,93281,1110089,bengaluru,3206,luxury sedan,automatic,elegance 2.0 tdi cr at
hyundai elite i20,2017,diesel,37316,740599,bengaluru,1872,hatchback,manual,1.4 crdi asta (o)
maruti ertiga,2015,diesel,58605,764199,bengaluru,548,suv,manual,vdi abs
maruti ertiga,2013,diesel,98270,562799,bengaluru,1732,suv,manual,vdi abs
volkswagen polo,2016,petrol,64613,640799,bengaluru,864,hatchback,automatic,gt tsi 1.2 petrol at
hyundai verna,2015,petrol,64770,599199,bengaluru,977,sedan,manual,fluidic 1.6 sx vtvt
hyundai elite i20,2017,petrol,45023,702799,bengaluru,323,hatchback,manual,asta 1.2 dual tone
hyundai venue,2019,petrol,10683,1075850,bengaluru,1702,suv,,1.0l turbo gdi sx(o) mt
maruti alto,2010,petrol,76606,254899,bengaluru,313,hatchback,manual,lxi
maruti ritz,2013,petrol,69878,403699,bengaluru,407,hatchback,manual,vxi bs iv
chevrolet enjoy,2013,petrol,74517,342599,bengaluru,1547,suv,manual,1.4 ls 8 str
renault triber,2019,petrol,37057,603399,bengaluru,2753,suv,,1.0 rxt
hyundai i10,2015,petrol,86000,314599,bengaluru,817,hatchback,manual,sportz 1.1 irde2
maruti vitara brezza,2019,diesel,11297,1050600,bengaluru,843,suv,automatic,zdi amt
maruti alto,2011,petrol,77395,254499,bengaluru,351,hatchback,manual,lxi
maruti baleno,2016,petrol,71519,597799,bengaluru,469,hatchback,,zeta 1.2 k12 cvt
maruti swift,2008,diesel,75799,336399,bengaluru,858,hatchback,manual,vdi
hyundai i10,2010,petrol,84426,328999,bengaluru,242,hatchback,manual,magna 1.2 kappa2
toyota innova,2008,diesel,64242,624899,bengaluru,1603,suv,manual,2.5 v 8 str
hyundai creta,2018,diesel,34406,961399,bengaluru,2385,suv,,1.4 e plus crdi
honda city,2010,petrol,98306,401099,bengaluru,945,sedan,manual,s mt petrol
honda amaze,2018,diesel,54652,735599,bengaluru,940,sedan,,1.5 v cvt i-dtec
maruti wagon r 1.0,2015,petrol,111252,384499,bengaluru,252,hatchback,manual,vxi
maruti wagon r 1.0,2015,petrol,68404,388199,bengaluru,256,hatchback,manual,vxi
skoda rapid,2016,diesel,68918,748899,bengaluru,1026,sedan,automatic,1.5 tdi at style plus
hyundai i10,2012,petrol,86258,385799,bengaluru,227,hatchback,automatic,sportz 1.2 at kappa2
ford ecosport,2013,diesel,89822,574599,bengaluru,918,suv,manual,1.5titanium tdci
maruti celerio,2014,petrol,75878,394399,bengaluru,298,hatchback,automatic,vxi amt
honda city,2010,petrol,122392,380699,bengaluru,585,sedan,manual,v mt petrol
hyundai i20,2011,petrol,96296,399299,bengaluru,210,hatchback,manual,sportz 1.2 o
mahindra xuv500,2013,diesel,82572,783999,bengaluru,1176,luxury suv,manual,w8 fwd
maruti eeco,2011,petrol,96353,298199,bengaluru,472,suv,manual,5 str with ac plushtr
hyundai elite i20,2016,petrol,80315,618899,bengaluru,252,hatchback,manual,asta 1.2 (o)
audi a3,2015,diesel,86537,1995758,bengaluru,13559,luxury sedan,,35tdi
toyota innova,2015,diesel,86685,1288354,bengaluru,1912,suv,manual,2.5 vx 7 str bs iv
maruti alto 800,2014,petrol,82474,248299,bengaluru,708,hatchback,manual,lxi
hyundai verna,2012,diesel,121747,438899,bengaluru,1361,sedan,manual,fluidic 1.6 ex crdi
maruti zen estilo,2008,petrol,120155,136999,bengaluru,2982,hatchback,manual,lxi
mahindra thar,2018,diesel,92152,796199,bengaluru,2315,suv,manual,crde 4x4 bs iv
maruti swift,2010,diesel,147768,318499,bengaluru,639,hatchback,manual,vdi
ford fiesta classic,2012,diesel,218118,233499,bengaluru,2678,sedan,manual,1.4 clxi tdci
maruti vitara brezza,2016,diesel,123181,685699,bengaluru,1000,suv,manual,zdi
maruti swift,2014,diesel,116056,538299,bengaluru,572,hatchback,manual,zdi
ford ecosport,2015,petrol,132016,583799,bengaluru,1474,suv,manual,1.0 ecoboost titanium
toyota innova,2009,diesel,204298,729499,bengaluru,984,suv,manual,2.5 v 8 str
toyota innova,2009,diesel,184755,676099,bengaluru,884,suv,manual,2.5 v 8 str
maruti vitara brezza,2017,diesel,128855,749799,bengaluru,1212,suv,manual,zdi plus dual tone
hyundai eon,2011,petrol,28016,197399,bengaluru,6533,hatchback,manual,d lite
tata nano,2013,petrol,23047,129999,bengaluru,9996,hatchback,manual,lx
hyundai eon,2012,petrol,29225,279199,bengaluru,3655,hatchback,manual,magna plus
maruti eeco,2020,petrol,4108,419199,bengaluru,1604,suv,manual,5 str
maruti alto 800,2013,petrol,35165,267699,bengaluru,1098,hatchback,manual,lxi
hyundai grand i10,2016,petrol,10813,550499,bengaluru,1826,hatchback,automatic,asta 1.2 at vtvt
hyundai santro xing,2008,petrol,43520,198499,bengaluru,1650,hatchback,manual,gls
tata tiago,2018,petrol,8996,531299,bengaluru,2647,hatchback,manual,xz 1.2 revotron
datsun go,2014,petrol,13455,234299,bengaluru,1212,hatchback,manual,t
maruti alto,2020,petrol,2496,359799,bengaluru,1845,hatchback,,lxi opt
renault kwid,2017,petrol,21863,396999,bengaluru,3128,hatchback,,climber 1.0 at
maruti wagon r 1.0,2011,petrol,24421,287699,bengaluru,2601,hatchback,manual,lxi
renault kwid,2016,petrol,9495,302899,bengaluru,3258,hatchback,manual,rxl
toyota etios liva,2011,petrol,52088,343299,bengaluru,1024,hatchback,manual,g
toyota etios,2019,petrol,12639,581299,bengaluru,1368,sedan,manual,cross 1.2 g
tata tiago,2021,petrol,60,534999,bengaluru,2828,hatchback,manual,xe 1.2 revotron
maruti celerio,2014,petrol,40705,365099,bengaluru,2430,hatchback,manual,vxi
maruti omni e,2017,petrol,4110,334099,bengaluru,2185,,,8 str
hyundai grand i10,2013,diesel,34831,372099,bengaluru,2673,hatchback,manual,magna 1.1 crdi
maruti new  wagon-r,2020,petrol,8502,576599,bengaluru,3496,,,zxi 1.2
chevrolet spark,2010,petrol & lpg,42663,186099,bengaluru,1919,hatchback,manual,ls 1.0 lpg
tata nano,2012,petrol,16737,122099,bengaluru,4598,hatchback,,lx special edition
maruti celerio,2016,petrol,9146,452099,bengaluru,468,hatchback,automatic,vxi amt
hyundai verna,2015,petrol,22996,650799,bengaluru,4899,sedan,manual,fluidic 1.6 vtvt s (o)  mt
chevrolet beat,2012,petrol,52636,257499,bengaluru,2053,hatchback,manual,lt opt petrol
hyundai eon,2013,petrol,29482,271199,bengaluru,860,hatchback,manual,era plus
maruti alto 800,2013,petrol,37821,267399,bengaluru,2069,hatchback,manual,lxi
maruti omni e,2018,petrol & lpg,20552,309599,bengaluru,1403,suv,,std
maruti alto,2020,petrol,4001,404399,bengaluru,1203,hatchback,,vxi plus
honda jazz,2017,petrol,10661,601299,bengaluru,1958,hatchback,manual,vx  1.2
renault kwid,2016,petrol,30997,305999,bengaluru,2399,hatchback,manual,rxl
maruti swift dzire,2014,petrol,37541,485999,bengaluru,1297,sedan,manual,vxi 1.2 bs iv
maruti alto,2009,petrol,26432,220299,bengaluru,1287,hatchback,manual,lxi
maruti alto k10,2010,petrol,48772,208199,bengaluru,924,hatchback,manual,lxi
hyundai elite i20,2014,petrol,10441,512499,bengaluru,3306,hatchback,manual,magna 1.2
renault kwid,2019,petrol,13484,398099,bengaluru,1888,hatchback,,climber 1.0
ford figo,2011,petrol,59498,291599,bengaluru,1735,hatchback,manual,1.2 zxi duratec
honda jazz,2017,petrol,29343,591999,bengaluru,1359,hatchback,manual,1.2 v mt
maruti celerio,2019,petrol,10412,476499,bengaluru,1395,hatchback,manual,vxi
renault kwid,2018,petrol,33823,405299,bengaluru,1614,hatchback,,climber 1.0 at
ford figo,2013,diesel,42474,368399,bengaluru,253,hatchback,manual,1.4 titanium duratorq
toyota etios,2011,petrol,54590,393199,bengaluru,896,sedan,manual,v
maruti baleno,2019,petrol,8721,660999,bengaluru,1971,hatchback,manual,delta 1.2 k12
hyundai grand i10,2017,petrol,15912,483199,bengaluru,1517,hatchback,manual,magna 1.2 kappa vtvt
maruti swift,2018,petrol,24289,638899,bengaluru,2518,hatchback,,zxi+ bs iv
tata bolt,2015,petrol,25667,343299,bengaluru,3080,hatchback,manual,xm revotron
mahindra quanto,2013,diesel,53501,397999,bengaluru,5133,suv,manual,c8
tata tiago,2018,petrol,22088,530599,bengaluru,988,hatchback,manual,xz 1.2 revotron
maruti swift,2014,petrol,21026,540799,bengaluru,1254,hatchback,manual,vxi
toyota glanza,2020,petrol,862,893299,bengaluru,3325,hatchback,,v cvt
maruti celerio,2018,petrol,41383,404499,bengaluru,1083,hatchback,manual,vxi
tata nano,2015,petrol,45210,210599,bengaluru,580,hatchback,automatic,twist xta
mahindra scorpio,2011,diesel,53218,540399,bengaluru,6522,suv,manual,sle bs iv
maruti swift,2014,petrol,55172,494899,bengaluru,865,hatchback,manual,zxi
honda city,2016,petrol,32084,637099,bengaluru,1937,sedan,manual,sv mt petrol
maruti ertiga,2017,diesel,27457,644599,bengaluru,3338,suv,manual,vdi shvs
maruti swift,2019,petrol,10350,544199,bengaluru,3823,hatchback,manual,lxi
volkswagen polo,2018,petrol,1943,560799,bengaluru,3143,hatchback,,trendline 1.0 l petrol
hyundai new santro,2019,petrol,4538,566999,bengaluru,912,,,1.1 sports amt
hyundai verna,2014,petrol,64595,561199,bengaluru,686,sedan,manual,fluidic 1.6 sx vtvt
hyundai grand i10,2015,petrol,32531,488399,bengaluru,960,hatchback,manual,asta 1.2 (o) vtvt
maruti baleno,2017,petrol,5258,630699,bengaluru,720,hatchback,manual,zeta 1.2 k12
tata nano,2016,petrol,9251,264399,bengaluru,862,hatchback,automatic,twist xta
ford figo,2012,petrol,59779,331399,bengaluru,2053,hatchback,manual,1.2 titanium duratec
maruti swift dzire,2015,petrol,43203,433099,bengaluru,1390,sedan,manual,vxi 1.2 bs iv
honda city,2012,petrol,38309,511699,bengaluru,1986,sedan,manual,s mt petrol
ford figo,2010,petrol,53440,303799,bengaluru,1190,hatchback,manual,1.2 titanium duratec
maruti ciaz,2016,petrol,34441,647599,bengaluru,868,sedan,manual,vxi plus
toyota corolla altis,2016,petrol,60212,979899,bengaluru,2611,luxury sedan,automatic,vl at
volkswagen polo,2016,diesel,34642,639299,bengaluru,2511,hatchback,manual,highline1.5l diesel
maruti swift,2014,petrol,47469,510799,bengaluru,858,hatchback,manual,zxi
maruti baleno,2017,petrol,18822,597399,bengaluru,1280,hatchback,manual,delta 1.2 k12
tata tiago,2018,petrol,11201,563999,bengaluru,151,hatchback,,xza 1.2 revotron
honda city,2012,petrol,53321,523699,bengaluru,1986,sedan,manual,v mt petrol
maruti baleno,2019,diesel,20413,928599,bengaluru,1158,hatchback,manual,alpha ddis 190
honda city,2015,petrol,51020,727999,bengaluru,550,sedan,manual,v mt petrol
mahindra bolero,2018,diesel,17773,660099,bengaluru,2758,suv,,power+ sle
mahindra marazzo,2020,diesel,16594,1262296,bengaluru,3204,,,m8 8 str
skoda rapid,2012,diesel,31349,474599,bengaluru,2274,sedan,manual,1.6 tdi mt ambition plus
hyundai verna,2011,petrol,68541,487499,bengaluru,1522,sedan,manual,fluidic 1.6 sx vtvt
maruti ertiga,2015,diesel,37447,787599,bengaluru,1535,suv,manual,zdi shvs
tata tiago,2019,petrol,8946,605899,bengaluru,2059,hatchback,,xz+ 1.2 revotron
mahindra scorpio,2011,diesel,102067,434299,bengaluru,3609,suv,manual,sle bs iv
volkswagen vento,2015,diesel,50651,577799,bengaluru,1508,sedan,manual,highline diesel
ford ecosport,2015,diesel,48411,713499,bengaluru,1963,suv,manual,1.5titanium tdci
hyundai i10,2012,petrol,92929,279299,bengaluru,796,hatchback,manual,magna 1.1 irde2
maruti zen estilo,2009,petrol,28981,232699,bengaluru,701,hatchback,manual,lxi
ford figo,2010,petrol,71886,229799,bengaluru,1473,hatchback,manual,1.2 titanium duratec
honda jazz,2010,petrol,62284,326699,bengaluru,105,hatchback,manual,1.2 base i vtec
mg hector,2019,petrol,2795,1716899,bengaluru,1333,,,sharp dct petrol
tata nexon,2019,diesel,5175,860699,bengaluru,450,suv,,xm 1.5
mahindra xuv500,2017,diesel,63366,1322599,bengaluru,1863,luxury suv,automatic,w10 at
hyundai elite i20,2019,petrol,12194,760599,bengaluru,1398,hatchback,manual,asta 1.2 (o)
maruti baleno,2018,petrol,12750,822799,bengaluru,1243,hatchback,automatic,alpha 1.2 k12 amt
maruti vitara brezza,2018,diesel,16565,835399,bengaluru,1041,suv,manual,vdi opt
renault duster,2016,diesel,37032,855799,bengaluru,1053,suv,automatic,rxl amt 110 ps
hyundai verna,2012,diesel,94180,480099,bengaluru,2231,sedan,manual,fluidic 1.6 sx crdi
renault duster,2015,diesel,22558,731799,bengaluru,1154,suv,manual,rxz diesel 110
tata nexon,2019,petrol,1424,810499,bengaluru,5100,suv,manual,xm 1.2
maruti dzire,2018,diesel,19301,714599,bengaluru,354,sedan,manual,vdi
maruti ertiga,2014,petrol,58378,511199,bengaluru,2137,suv,manual,vxi abs
volkswagen polo,2016,petrol,29947,723299,bengaluru,882,hatchback,manual,gt tsi
hyundai elite i20,2019,petrol,5211,775899,bengaluru,1260,hatchback,manual,asta 1.2 (o)
volkswagen polo,2015,diesel,60330,589299,bengaluru,1623,hatchback,manual,highline1.5l diesel
volkswagen polo,2016,diesel,48538,735299,bengaluru,1149,hatchback,manual,gt tdi 1.6 mt diesel
volkswagen vento,2012,diesel,84840,362599,bengaluru,1835,sedan,manual,highline diesel
maruti ertiga,2016,petrol,49903,710199,bengaluru,1160,suv,manual,zxi plus
renault duster,2016,diesel,23293,819799,bengaluru,1269,suv,automatic,rxl amt 110 ps
honda city,2011,petrol,84567,411399,bengaluru,682,sedan,manual,v mt petrol
hyundai i20,2010,petrol,97059,313399,bengaluru,858,hatchback,manual,asta 1.2
maruti zen estilo,2007,petrol,118121,138499,bengaluru,2963,hatchback,manual,lxi
nissan micra,2010,petrol,80771,256399,bengaluru,851,hatchback,manual,xv petrol
honda city,2015,petrol,41249,768599,bengaluru,1078,sedan,manual,vx mt petrol
renault duster,2017,petrol,23384,818699,bengaluru,224,suv,automatic,rxs cvt 106 ps
hyundai i10,2009,petrol,98364,228599,bengaluru,851,hatchback,manual,magna 1.2
honda city,2018,petrol,9831,872599,bengaluru,1928,sedan,manual,v mt petrol
skoda rapid,2013,diesel,73366,463099,bengaluru,1457,sedan,manual,1.6 tdi mt ambition plus
maruti swift,2016,petrol,61191,446799,bengaluru,768,hatchback,manual,lxi opt
volkswagen polo,2012,diesel,77208,404199,bengaluru,923,hatchback,manual,trendline 1.2l diesel
maruti baleno,2019,petrol,37231,621699,bengaluru,1057,hatchback,manual,delta 1.2 k12
mahindra xuv500,2018,diesel,33834,1566099,bengaluru,1996,luxury suv,,w11 (o)
hyundai accent,2008,petrol,103319,180499,bengaluru,3849,sedan,manual,gle
renault duster,2016,diesel,83418,788299,bengaluru,1538,suv,automatic,rxz amt 110 ps
tata nexon,2019,petrol,19605,880499,bengaluru,3837,suv,automatic,xza + 1.2 petrol a/t
maruti wagon r 1.0,2014,petrol,67946,408899,bengaluru,454,hatchback,manual,vxi
toyota fortuner,2015,diesel,68359,1959297,bengaluru,3097,luxury suv,automatic,3.0 at 4x2
hyundai creta,2018,diesel,40302,976899,bengaluru,3513,suv,,1.4 e plus crdi
maruti sx4,2008,petrol,94711,250799,bengaluru,1442,sedan,manual,zxi
ford ecosport,2019,petrol,9236,988099,bengaluru,1892,suv,,1.0 ecoboost titanium sports(sunroof)
toyota fortuner,2009,diesel,126624,859699,bengaluru,2908,luxury suv,manual,3.0 mt 4x4
mahindra xuv500,2015,diesel,62730,988599,bengaluru,2216,luxury suv,manual,w8 fwd
mahindra xuv500,2015,diesel,65477,1067770,bengaluru,1564,luxury suv,manual,w10
hyundai i10,2012,petrol,94106,267799,bengaluru,581,hatchback,manual,magna 1.1 irde2
volkswagen jetta,2011,diesel,88446,303099,bengaluru,2146,sedan,manual,trendline 2.0l tdi
mahindra xuv500,2015,diesel,57322,977499,bengaluru,217,luxury suv,manual,w8 fwd
mahindra xuv500,2017,diesel,80797,1322391,bengaluru,1733,luxury suv,automatic,w10 at awd
hyundai creta,2015,diesel,72406,1015553,bengaluru,1630,suv,,1.6 sx (o) crdi
tata aria,2011,diesel,104496,335199,bengaluru,4448,suv,manual,pure 4x2
volkswagen polo,2019,diesel,37382,855899,bengaluru,2742,hatchback,manual,gt tdi
maruti ertiga,2016,petrol,82343,680299,bengaluru,573,suv,manual,zxi plus
chevrolet beat,2013,petrol,85984,205499,bengaluru,1811,hatchback,manual,ls petrol
skoda laura,2012,diesel,154914,448099,bengaluru,1796,luxury sedan,manual,ambiente 2.0 tdi cr mt
skoda superb,2016,petrol,97002,1316099,bengaluru,3017,luxury sedan,automatic,1.8 tsi lk at
mahindra xuv500,2014,diesel,57954,881499,bengaluru,2015,luxury suv,manual,w8 fwd
mercedes benz cla class,2015,diesel,41828,1901828,bengaluru,4198,luxury sedan,manual,cla 200 cdi sport
honda jazz,2015,petrol,105937,467899,bengaluru,781,hatchback,manual,1.2 v mt
ford fiesta,2009,diesel,106551,187199,bengaluru,5558,sedan,manual,1.4 exi tdci
toyota innova,2014,diesel,186392,1030097,bengaluru,1253,suv,manual,2.5 vx 8 str bs iv
maruti swift,2016,diesel,97092,571899,bengaluru,938,hatchback,manual,zdi
honda city,2009,petrol,204972,393799,bengaluru,813,sedan,automatic,s at
toyota corolla altis,2014,diesel,63529,944299,bengaluru,1883,luxury sedan,manual,d 4d g
mahindra xuv500,2014,diesel,94495,768399,bengaluru,2422,luxury suv,manual,w6 4x2
mahindra xuv500,2013,diesel,120349,769999,bengaluru,1410,luxury suv,manual,w8 fwd
skoda rapid,2012,diesel,120240,387899,bengaluru,1888,sedan,manual,elegance 1.6 tdi mt
toyota etios,2014,diesel,160426,411199,bengaluru,1494,sedan,manual,gd
maruti ertiga,2016,diesel,131550,699599,bengaluru,923,suv,manual,zdi plus shvs
nissan terrano,2014,petrol,113456,470199,bengaluru,1256,suv,manual,xl p
hyundai santro xing,2008,petrol,34661,180000,bengaluru,82,hatchback,manual,gls
maruti swift,2014,petrol,32945,480000,bengaluru,150,hatchback,manual,zxi
maruti zen,2005,petrol,51935,130000,bengaluru,942,hatchback,manual,vxi
fiat grand punto,2009,diesel,80189,210000,bengaluru,407,hatchback,manual,emotion 1.3
mahindra renault logan,2008,petrol,55392,150000,bengaluru,373,sedan,manual,glx 1.4
maruti s cross,2018,diesel,41940,850000,bengaluru,166,suv,manual,alpha shvs
fiat linea,2010,petrol,42481,257499,bengaluru,3308,sedan,manual,emotion pk 1.4
maruti celerio,2018,petrol,19385,453599,bengaluru,1898,hatchback,manual,zxi
renault duster,2016,petrol,21465,684899,bengaluru,1300,suv,manual,rxl petrol 104
renault kwid,2018,petrol,6126,335999,bengaluru,2208,hatchback,manual,rxl
maruti swift,2019,petrol,3430,558899,bengaluru,2074,hatchback,manual,lxi
tata tiago,2017,petrol,22333,515899,bengaluru,1261,hatchback,,xza 1.2 revotron
hyundai verna,2013,petrol,42627,540899,bengaluru,2890,sedan,manual,fluidic 1.6 sx vtvt
hyundai i20 active,2016,petrol,9475,679499,bengaluru,1084,hatchback,manual,1.2 sx
maruti baleno,2017,petrol,20911,684499,bengaluru,1355,hatchback,automatic,delta 1.2 k12 amt
maruti a star,2013,petrol,44515,345199,bengaluru,1090,hatchback,automatic,vxi abs at
mahindra scorpio,2020,diesel,3263,1309766,bengaluru,1988,suv,,s5
mahindra reva,2014,electric,51643,258999,bengaluru,4080,hatchback,manual,e20 t2
honda amaze,2018,petrol,9004,612199,bengaluru,2911,sedan,manual,1.2 smt i vtec
hyundai elite i20,2017,diesel,65269,727399,bengaluru,695,hatchback,manual,1.4 crdi asta (o)
volkswagen polo,2018,petrol,22938,632199,bengaluru,1781,hatchback,manual,high line plus 1.0
ford freestyle,2018,petrol,16964,634099,bengaluru,3068,,,titanium 1.2 ti-vct mt
hyundai verna,2011,diesel,74600,467099,bengaluru,1790,sedan,manual,fluidic 1.6 sx crdi
datsun go plus,2015,petrol,57087,232899,bengaluru,2235,hatchback,manual,t
maruti vitara brezza,2017,diesel,21687,772799,bengaluru,1118,suv,manual,vdi opt
ford figo,2010,petrol,70204,225599,bengaluru,1293,hatchback,manual,1.2 zxi duratec
mahindra kuv100,2016,diesel,50066,422599,bengaluru,1556,suv,manual,k8 d 6 str
kia seltos,2019,petrol,15457,1641099,bengaluru,4967,,,1.4 gtx+ turbo gdi petrol at
toyota innova,2013,diesel,126789,729399,bengaluru,6139,suv,manual,2.5 g1 bs iv
toyota innova,2013,diesel,30121,991199,bengaluru,2794,suv,manual,2.5 g2 7 seater
hyundai santro,1999,petrol,48999,26000,bengaluru,386,hatchback,manual,l2
hyundai santro xing,2007,petrol,60084,175000,bengaluru,256,hatchback,manual,gls
maruti ertiga,2012,diesel,127069,500000,bengaluru,72,suv,manual,vdi abs
hyundai accent,2004,petrol,98218,92000,bengaluru,280,sedan,manual,gls 1.6 abs
nissan micra,2013,petrol,62536,280000,bengaluru,683,hatchback,manual,xv petrol
maruti baleno,2016,petrol,37682,650000,bengaluru,152,hatchback,manual,alpha 1.2 k12
toyota camry,2017,petrol,28239,2024000,bengaluru,463,luxury sedan,manual,hybrid
maruti alto 800,2012,petrol,37162,220000,bengaluru,264,hatchback,manual,lxi
maruti alto k10,2012,petrol,62812,160000,bengaluru,346,hatchback,manual,vxi
honda jazz,2016,diesel,42013,677000,bengaluru,188,,,1.5 sv i dtec
maruti alto,2010,petrol,57886,182000,bengaluru,290,hatchback,manual,lxi
maruti ritz,2011,petrol,49947,350000,bengaluru,243,hatchback,manual,vxi bs iv
bmw 3 series,2009,diesel,106839,700000,bengaluru,467,luxury sedan,automatic,320d highline
hyundai santro xing,2008,petrol,86895,185000,bengaluru,326,hatchback,automatic,gls at
toyota innova,2005,diesel,201521,425000,bengaluru,215,suv,manual,2.5 g1
maruti ciaz,2017,diesel,66419,738000,bengaluru,133,sedan,manual,zdi+ shvs
maruti ertiga,2018,diesel,16772,871000,bengaluru,468,suv,manual,zdi plus shvs
honda mobilio,2015,petrol,21425,800000,bengaluru,206,suv,manual,1.5 v opt. i vtec
hyundai verna,2011,diesel,62597,540000,bengaluru,126,sedan,manual,fluidic 1.6 sx crdi
mahindra xylo,2011,diesel,185551,200000,bengaluru,151,suv,manual,d2 bs iv
maruti swift dzire,2012,diesel,119365,450000,bengaluru,132,sedan,manual,vdi bs iv
mahindra verito,2011,diesel,278515,70000,bengaluru,228,hatchback,manual,1.5 d2 bs iv
maruti wagon r 1.0,2010,petrol,82940,230000,bengaluru,120,hatchback,manual,vxi abs air bag
toyota fortuner,2012,diesel,170513,1050000,bengaluru,226,luxury suv,manual,3.0 mt 4x4
hyundai verna,2007,diesel,154855,216000,bengaluru,103,sedan,manual,vgt crdi sx abs
hyundai santro xing,2007,petrol,101003,170000,bengaluru,667,hatchback,manual,xo erlx euro iii
bmw 3 series,2010,diesel,91342,855000,bengaluru,303,luxury sedan,automatic,320d highline
maruti s presso,2020,petrol,3500,404699,new delhi,17910,hatchback,,vxi
maruti alto k10,2018,petrol,5441,379199,new delhi,1984,hatchback,,vxi (o) amt
maruti alto k10,2017,petrol,9036,344999,new delhi,3091,hatchback,,vxi (o) amt
maruti alto k10,2010,petrol,26517,168799,new delhi,14068,hatchback,manual,vxi
maruti alto k10,2011,petrol,20354,219199,new delhi,8151,hatchback,manual,vxi
maruti alto k10,2015,petrol,10957,308899,new delhi,2028,hatchback,manual,lxi
maruti wagon r 1.0,2015,petrol,17007,355399,new delhi,6020,hatchback,automatic,vxi amt
maruti alto 800,2016,petrol,14927,270699,new delhi,2443,hatchback,manual,lxi
maruti alto k10,2015,petrol,19044,280799,new delhi,2614,hatchback,manual,lxi
hyundai grand i10,2014,petrol,33561,349899,new delhi,1900,hatchback,manual,sportz 1.2 kappa vtvt
hyundai grand i10,2014,petrol,35238,367099,new delhi,2329,hatchback,manual,sportz 1.2 kappa vtvt
maruti wagon r 1.0,2018,petrol,17101,368599,new delhi,2039,hatchback,manual,lxi
maruti swift,2012,diesel,30589,325699,new delhi,3136,hatchback,manual,vdi
maruti baleno,2017,petrol,9867,586199,new delhi,8144,hatchback,manual,zeta 1.2 k12
maruti swift,2014,petrol,24708,407999,new delhi,2549,hatchback,manual,vxi
volkswagen polo,2020,petrol,14468,653199,new delhi,8727,hatchback,,comfortline plus 1.0
maruti swift,2012,diesel,35969,326799,new delhi,4208,hatchback,manual,vdi
maruti alto k10,2014,petrol,22306,282599,new delhi,1019,hatchback,manual,vxi
maruti alto,2010,petrol,30754,172999,new delhi,3373,hatchback,manual,lxi
maruti swift,2012,diesel,39099,293999,new delhi,4128,hatchback,manual,ldi bs iv
maruti baleno,2016,petrol,16906,512499,new delhi,3084,hatchback,manual,delta 1.2 k12
maruti swift dzire,2012,diesel,42478,345599,new delhi,1248,sedan,manual,vdi bs iv
maruti alto k10,2012,petrol,35139,201699,new delhi,1344,hatchback,manual,vxi
maruti wagon r 1.0,2013,petrol,23634,303199,new delhi,2189,hatchback,manual,vxi
hyundai elite i20,2017,petrol,21951,563799,new delhi,3279,hatchback,manual,asta 1.2
maruti ritz,2013,diesel,54237,251199,new delhi,3178,hatchback,manual,vdi
hyundai grand i10,2017,petrol,16337,394399,new delhi,3033,hatchback,manual,magna 1.2 kappa vtvt
maruti eeco,2018,petrol & cng,22957,357799,new delhi,1068,suv,manual,5 str cng with ac plushtr
maruti alto 800,2018,petrol,5851,315099,new delhi,2160,hatchback,manual,lxi
maruti alto,2020,petrol,5644,347299,new delhi,3443,hatchback,manual,lxi
hyundai grand i10,2013,petrol,43896,366799,new delhi,932,hatchback,manual,magna 1.2 vtvt
honda brio,2015,petrol,37714,409899,new delhi,1136,hatchback,automatic,1.2 vx at i vtec
maruti alto k10,2019,petrol,13026,360999,new delhi,210,hatchback,manual,vxi
maruti swift dzire,2012,diesel,47253,329599,new delhi,1612,sedan,manual,vdi bs iv
maruti alto k10,2015,petrol,39904,256699,new delhi,306,hatchback,manual,vxi
honda brio,2015,petrol,41175,345399,new delhi,1782,hatchback,manual,1.2 vx mt i vtec
hyundai eon,2014,petrol,44012,214299,new delhi,3252,hatchback,manual,era plus
hyundai eon,2013,petrol,25909,216599,new delhi,999,hatchback,manual,d lite plus
maruti swift dzire,2012,diesel,52072,382699,new delhi,1311,sedan,manual,zdi
maruti alto,2011,petrol,65478,145699,new delhi,6541,hatchback,manual,lx
volkswagen polo,2013,diesel,46949,360399,new delhi,3750,hatchback,manual,gt tdi 1.6 mt diesel
maruti swift,2011,petrol,28153,282799,new delhi,4715,hatchback,manual,vxi
maruti swift,2014,petrol,46001,349799,new delhi,1348,hatchback,manual,lxi
maruti alto 800,2014,petrol,37134,264499,new delhi,757,hatchback,manual,vxi
honda city,2011,petrol,56073,344999,new delhi,1670,sedan,manual,s mt petrol
maruti swift,2013,diesel,49117,335399,new delhi,2760,hatchback,manual,vdi
maruti swift dzire,2012,diesel,49510,346899,new delhi,1905,sedan,manual,vdi bs iv
maruti alto,2009,petrol,31579,168999,new delhi,1248,hatchback,manual,lxi
maruti alto,2008,petrol,22357,145899,new delhi,1529,hatchback,manual,lxi
maruti alto 800,2016,petrol,33510,271999,new delhi,1591,hatchback,manual,vxi
maruti swift,2014,diesel,28652,380599,new delhi,2803,hatchback,manual,vdi
maruti ciaz,2015,diesel,38464,558699,new delhi,2872,sedan,manual,vdi+ shvs
maruti ritz,2010,petrol,41832,266599,new delhi,1584,hatchback,manual,zxi
hyundai i10,2009,petrol,34845,187999,new delhi,3903,hatchback,manual,magna 1.2
maruti alto 800,2014,petrol,42796,247199,new delhi,863,hatchback,manual,vxi
maruti ritz,2010,petrol,50313,209299,new delhi,1445,hatchback,manual,vxi bs iv
hyundai elite i20,2015,petrol,34254,465299,new delhi,4341,hatchback,manual,magna 1.2
honda brio,2012,petrol,48710,265299,new delhi,1655,hatchback,manual,1.2 s mt i vtec
maruti swift dzire,2013,diesel,42679,351799,new delhi,1723,sedan,manual,vdi bs iv
maruti baleno,2017,petrol,27073,566199,new delhi,2670,hatchback,manual,zeta 1.2 k12
maruti ritz,2010,petrol,55003,191399,new delhi,401,hatchback,manual,lxi
maruti swift,2014,diesel,53164,355299,new delhi,1267,hatchback,manual,vdi
maruti celerio,2016,petrol,43386,361499,new delhi,3221,hatchback,automatic,vxi amt
hyundai grand i10,2014,petrol,53663,325099,new delhi,1819,hatchback,manual,magna 1.2 kappa vtvt
maruti wagon r 1.0,2015,petrol,34823,309199,new delhi,930,hatchback,manual,vxi
maruti alto 800,2018,petrol,19748,262499,new delhi,1422,hatchback,manual,lxi
maruti swift,2009,petrol,28685,215499,new delhi,1849,hatchback,manual,vxi 1.3
honda brio,2015,petrol,52427,354199,new delhi,541,hatchback,manual,1.2 vx mt i vtec
maruti swift dzire,2014,petrol,53009,393099,new delhi,1243,sedan,manual,vxi 1.2 bs iv
maruti swift dzire,2010,petrol,49466,256199,new delhi,2682,sedan,manual,vxi
hyundai verna,2014,diesel,42596,446599,new delhi,3353,sedan,manual,fluidic 1.4 ex crdi
maruti swift dzire,2012,diesel,61164,321499,new delhi,1096,sedan,manual,vdi bs iv
maruti swift,2013,diesel,47738,311599,new delhi,1430,hatchback,manual,vdi
maruti alto k10,2015,petrol,46683,271299,new delhi,880,hatchback,manual,vxi
honda city,2011,petrol,36078,340899,new delhi,783,sedan,manual,v mt petrol
maruti alto 800,2018,petrol,23900,290599,new delhi,1133,hatchback,manual,lxi
renault kwid,2019,petrol,14473,354199,new delhi,1331,hatchback,manual,rxt opt
renault kwid,2016,petrol,50698,249899,new delhi,2202,hatchback,manual,rxl
maruti alto,2009,petrol,39300,136099,new delhi,2157,hatchback,manual,lxi
hyundai elite i20,2015,petrol,33553,565599,new delhi,985,hatchback,manual,asta 1.2
kia seltos,2020,diesel,9197,1452984,new delhi,9647,,,htk plus 1.5 diesel
maruti swift dzire,2013,diesel,55995,387899,new delhi,829,sedan,manual,zdi
maruti vitara brezza,2016,diesel,29262,665099,new delhi,2307,suv,manual,vdi
maruti swift,2015,diesel,46856,406399,new delhi,1482,hatchback,manual,vdi abs
maruti swift dzire,2012,diesel,56552,320799,new delhi,1223,sedan,manual,vdi bs iv
hyundai grand i10,2018,petrol,24808,470299,new delhi,977,hatchback,manual,magna 1.2 vtvt
hyundai eon,2015,petrol,22781,253799,new delhi,376,hatchback,manual,era plus
maruti wagon r 1.0,2017,petrol,42709,347399,new delhi,1330,hatchback,manual,vxi
maruti wagon r 1.0,2017,petrol,39458,347899,new delhi,2374,hatchback,manual,vxi
hyundai grand i10,2016,petrol,57749,393599,new delhi,1654,hatchback,manual,sportz 1.2 kappa vtvt
maruti swift,2015,diesel,54409,412399,new delhi,793,hatchback,manual,vdi abs
honda city,2014,petrol,48201,502199,new delhi,3360,sedan,manual,sv mt petrol
maruti vitara brezza,2016,diesel,37767,666499,new delhi,3335,suv,manual,zdi
honda jazz,2012,petrol,51369,291199,new delhi,1995,hatchback,manual,1.2 select i vtec
maruti swift dzire,2012,diesel,57730,326199,new delhi,1406,sedan,manual,vdi bs iv
hyundai i10,2015,petrol,50367,292699,new delhi,1060,hatchback,manual,magna 1.1 irde2
hyundai i10,2009,petrol,40894,187199,new delhi,1740,hatchback,manual,magna 1.2
toyota etios liva,2012,diesel,61443,323099,new delhi,631,hatchback,manual,gd
maruti ritz,2010,petrol,46622,174999,new delhi,2599,hatchback,manual,lxi
hyundai grand i10,2014,petrol,58341,363699,new delhi,575,hatchback,manual,sports 1.2 vtvt
hyundai grand i10,2014,petrol,61465,366199,new delhi,1572,hatchback,manual,asta 1.2 vtvt
hyundai grand i10,2014,petrol,59731,352199,new delhi,514,hatchback,manual,magna 1.2 kappa vtvt
hyundai elite i20,2015,petrol,47354,554599,new delhi,376,hatchback,manual,asta 1.2
maruti alto,2012,petrol,74046,177699,new delhi,1758,hatchback,manual,lxi
maruti ciaz,2016,petrol,39122,643199,new delhi,1512,sedan,manual,vxi plus
maruti ciaz,2017,diesel,36027,602099,new delhi,2371,sedan,manual,delta 1.3 ddis shvs
toyota etios liva,2012,diesel,68582,267599,new delhi,1865,hatchback,manual,gd
maruti alto k10,2016,petrol,34487,294299,new delhi,1104,hatchback,manual,vxi
maruti swift dzire,2012,diesel,75004,304999,new delhi,866,sedan,manual,vdi bs iv
honda city,2013,petrol,56654,425799,new delhi,2989,sedan,manual,s mt petrol
maruti ritz,2015,diesel,64475,301599,new delhi,1199,hatchback,manual,vdi
maruti alto k10,2017,petrol,36929,268199,new delhi,1483,hatchback,manual,vxi
maruti vitara brezza,2019,diesel,14151,756999,new delhi,1165,suv,manual,vdi
maruti baleno,2017,petrol,33597,542899,new delhi,658,hatchback,manual,zeta 1.2 k12
maruti alto k10,2017,petrol,34381,297699,new delhi,1127,hatchback,manual,vxi
hyundai elite i20,2018,petrol,26548,505999,new delhi,2165,hatchback,manual,magna executive 1.2
maruti ertiga,2013,diesel,51981,470499,new delhi,2147,suv,manual,vdi abs
hyundai elite i20,2015,petrol,59466,528399,new delhi,1180,hatchback,manual,asta 1.2
hyundai i10,2011,petrol,28912,242899,new delhi,1341,hatchback,manual,magna 1.1 irde2
volkswagen polo,2016,petrol,66519,341999,new delhi,2791,hatchback,manual,comfortline 1.2l petrol
hyundai grand i10,2017,diesel,65993,407299,new delhi,1335,hatchback,manual,sportz1.2 crdi
tata tiago,2016,petrol,59746,399099,new delhi,1040,hatchback,manual,xt 1.2 revotron
volkswagen polo,2015,petrol,55561,400499,new delhi,2032,hatchback,manual,comfortline 1.2l petrol
honda brio,2012,petrol,51551,276799,new delhi,622,hatchback,manual,1.2 s (o) mt ivtec
hyundai elite i20,2015,diesel,58080,526699,new delhi,1597,hatchback,manual,sportz (o) 1.4
maruti zen estilo,2011,petrol,39300,206999,new delhi,586,hatchback,manual,lxi
hyundai xcent,2014,diesel,57598,320399,new delhi,1267,sedan,manual,s 1.1 crdi
maruti alto,2009,petrol,46177,137699,new delhi,1762,hatchback,manual,lxi
mahindra xuv500,2015,diesel,47357,739699,new delhi,920,luxury suv,manual,w8 fwd
maruti vitara brezza,2017,diesel,39891,601299,new delhi,3491,suv,manual,vdi opt
hyundai i10,2009,petrol,35305,200899,new delhi,718,hatchback,manual,magna 1.2
maruti swift dzire,2012,diesel,95472,295099,new delhi,858,sedan,manual,vdi bs iv
maruti baleno,2016,diesel,43702,500499,new delhi,1210,hatchback,manual,delta ddis 190
maruti vitara brezza,2016,diesel,42210,655399,new delhi,1031,suv,manual,zdi
maruti swift dzire,2015,diesel,69039,434799,new delhi,844,sedan,manual,vdi bs iv
maruti swift,2015,diesel,63642,401199,new delhi,1271,hatchback,manual,vdi abs
maruti swift dzire,2012,diesel,68930,312499,new delhi,928,sedan,manual,vdi bs iv
hyundai verna,2013,petrol,82296,476099,new delhi,1979,sedan,manual,fluidic 1.6 sx vtvt opt
maruti swift,2014,diesel,64031,411299,new delhi,937,hatchback,manual,vdi
hyundai i10,2012,petrol,44269,272999,new delhi,1313,hatchback,manual,magna 1.2 kappa2
tata tiago,2016,petrol,68510,346999,new delhi,2776,hatchback,manual,xt 1.2 revotron
hyundai grand i10,2013,petrol,66769,311699,new delhi,1608,hatchback,manual,sports 1.2 vtvt
renault kwid,2016,petrol,27806,270399,new delhi,2118,hatchback,manual,rxt
maruti s cross,2015,diesel,62123,563899,new delhi,270,suv,manual,alpha 1.3
maruti swift dzire,2009,petrol,48058,222499,new delhi,917,sedan,manual,vxi
maruti vitara brezza,2019,diesel,32575,739599,new delhi,2436,suv,manual,vdi
maruti vitara brezza,2016,diesel,58586,572299,new delhi,3166,suv,manual,vdi opt
maruti celerio,2015,petrol,64935,360199,new delhi,202,hatchback,automatic,vxi amt
maruti a star,2009,petrol,73461,166199,new delhi,2190,hatchback,manual,vxi
maruti vitara brezza,2019,diesel,17555,869399,new delhi,271,suv,manual,vdi
maruti swift dzire,2012,diesel,72105,374999,new delhi,602,sedan,manual,zdi
maruti baleno,2016,petrol,52934,510899,new delhi,1615,hatchback,,zeta 1.2 k12 cvt
toyota etios liva,2013,diesel,67401,311399,new delhi,782,hatchback,manual,gd
hyundai eon,2014,petrol,40902,227499,new delhi,482,hatchback,manual,era plus
maruti swift dzire,2013,diesel,69171,347199,new delhi,878,sedan,manual,vdi
honda city,2020,petrol,15981,1074335,new delhi,3081,sedan,,v cvt
maruti swift dzire,2012,diesel,75435,307699,new delhi,595,sedan,manual,vdi bs iv
maruti alto 800,2013,petrol,41465,231299,new delhi,420,hatchback,manual,lxi
renault kwid,2016,petrol,44010,253999,new delhi,1898,hatchback,manual,1.0 rxt
maruti vitara brezza,2017,diesel,36073,754799,new delhi,1275,suv,manual,zdi
maruti baleno,2017,petrol,82917,458399,new delhi,732,hatchback,manual,delta 1.2 k12
hyundai elite i20,2015,petrol,61227,444299,new delhi,1779,hatchback,manual,magna 1.2
maruti swift dzire,2013,diesel,62602,345799,new delhi,558,sedan,manual,vdi bs iv
maruti vitara brezza,2016,diesel,52703,630599,new delhi,1573,suv,manual,zdi plus
maruti swift dzire,2011,petrol,60489,269199,new delhi,1867,sedan,manual,vxi 1.2 bs iv
hyundai creta,2015,petrol,58072,738899,new delhi,1441,suv,manual,1.6 s
hyundai grand i10,2014,petrol,64201,367199,new delhi,484,hatchback,manual,sportz 1.2 kappa vtvt
hyundai creta,2015,petrol,24519,783299,new delhi,4623,suv,manual,1.6 s
maruti swift,2012,diesel,115605,291599,new delhi,619,hatchback,manual,vdi
hyundai elite i20,2015,petrol,56205,476499,new delhi,2334,hatchback,manual,asta 1.2
maruti swift dzire,2008,petrol,110793,169899,new delhi,5285,sedan,manual,vxi 1.3
hyundai creta,2018,petrol,20241,1296131,new delhi,3215,suv,,1.6 sx at petrol
hyundai i10,2010,petrol,35644,292699,new delhi,525,hatchback,manual,sportz 1.2 kappa2
renault kwid,2016,petrol,71565,259699,new delhi,1352,hatchback,manual,rxl
maruti celerio,2015,diesel,73484,248899,new delhi,2488,hatchback,manual,vdi
hyundai grand i10,2016,petrol,73912,404499,new delhi,368,hatchback,manual,sportz 1.2 kappa vtvt
maruti swift dzire,2014,petrol,71085,374899,new delhi,875,sedan,manual,vxi 1.2 bs iv
renault kwid,2018,petrol,33696,329199,new delhi,1284,hatchback,manual,rxt
honda brio,2015,petrol,71317,271199,new delhi,1142,hatchback,manual,1.2 s mt i vtec
maruti vitara brezza,2019,diesel,15424,807899,new delhi,2056,suv,manual,vdi
maruti swift dzire,2014,petrol,68299,380699,new delhi,782,sedan,manual,vxi 1.2 bs iv
maruti swift,2016,diesel,72302,431999,new delhi,741,hatchback,manual,vdi abs
renault kwid,2017,petrol,32036,296299,new delhi,1228,hatchback,manual,1.0 rxl
maruti swift dzire,2013,diesel,72772,289799,new delhi,918,sedan,manual,ldi bs iv
maruti ciaz,2016,diesel,47603,529699,new delhi,894,sedan,,vdi (o) shvs hybird
maruti vitara brezza,2016,diesel,58078,689499,new delhi,779,suv,manual,zdi
maruti alto 800,2018,petrol,48375,279899,new delhi,885,hatchback,manual,lxi
maruti alto,2010,petrol,70239,152499,new delhi,1289,hatchback,manual,lxi
honda amaze,2015,petrol,62045,449799,new delhi,1052,sedan,manual,1.2 smt i vtec
honda city,2014,diesel,69029,433699,new delhi,2974,sedan,manual,s mt diesel
honda amaze,2014,diesel,71704,365199,new delhi,940,sedan,manual,1.5 smt i dtec
maruti wagon r 1.0,2014,petrol,53232,293199,new delhi,602,hatchback,manual,lxi
maruti swift,2012,diesel,84352,326799,new delhi,575,hatchback,manual,zdi
maruti swift dzire,2015,diesel,75571,412799,new delhi,1226,sedan,manual,vdi bs iv
honda city,2010,petrol,87755,323799,new delhi,531,sedan,manual,s mt petrol
maruti eeco,2017,petrol & cng,40514,304599,new delhi,1810,suv,manual,7 str
hyundai i10,2011,petrol,66492,258999,new delhi,393,hatchback,manual,magna 1.1 irde2
maruti swift dzire,2012,diesel,79776,347799,new delhi,413,sedan,manual,vdi bs iv
renault duster,2013,diesel,68742,411099,new delhi,1656,suv,manual,85 ps rxl
maruti zen estilo,2008,petrol,77954,131999,new delhi,2014,hatchback,manual,lxi
maruti swift dzire,2014,diesel,66906,391899,new delhi,68,sedan,manual,vdi bs iv
maruti ritz,2012,diesel,80575,239199,new delhi,691,hatchback,manual,vdi
hyundai elite i20,2015,diesel,78343,458499,new delhi,776,hatchback,manual,magna 1.4 crdi
maruti swift,2015,diesel,82293,393199,new delhi,956,hatchback,manual,vdi abs
honda city,2010,petrol,76740,318599,new delhi,772,sedan,manual,s mt petrol
maruti swift,2015,diesel,72533,440799,new delhi,385,hatchback,manual,vdi abs
maruti alto,2008,petrol,83258,140999,new delhi,638,hatchback,manual,lxi
maruti alto,2008,petrol,81636,124999,new delhi,1460,hatchback,manual,lxi
maruti zen estilo,2010,petrol,54844,183099,new delhi,687,hatchback,manual,lxi
maruti celerio,2016,petrol,72059,358899,new delhi,844,hatchback,manual,zxi
hyundai elite i20,2014,diesel,72907,458099,new delhi,1737,hatchback,manual,asta 1.4 crdi
honda brio,2013,petrol,71184,289699,new delhi,2315,hatchback,manual,1.2 e mt i vtec
hyundai creta,2016,diesel,59001,791599,new delhi,3744,suv,automatic,1.6 crdi sx plus auto
toyota etios,2012,diesel,80949,275599,new delhi,1823,sedan,manual,gd
renault duster,2014,diesel,67522,409499,new delhi,962,suv,manual,85 ps rxl
skoda rapid,2013,diesel,65866,370299,new delhi,2869,sedan,manual,elegance 1.6 tdi mt
hyundai creta,2016,diesel,45574,750899,new delhi,4172,suv,,1.4 e plus crdi
hyundai i20,2012,diesel,97289,275199,new delhi,2342,hatchback,manual,sportz 1.4 crdi
hyundai venue,2019,petrol,16832,922899,new delhi,3017,suv,,1.0l turbo gdi sx mt
hyundai eon,2013,petrol,60032,229399,new delhi,264,hatchback,manual,d lite plus
maruti vitara brezza,2018,diesel,40769,736299,new delhi,762,suv,manual,vdi
maruti swift dzire,2015,diesel,87852,380099,new delhi,1131,sedan,manual,ldi bs iv
ford figo,2011,petrol,82379,220999,new delhi,2821,hatchback,manual,1.2 titanium duratec
toyota innova,2015,diesel,45613,966899,new delhi,2361,suv,manual,2.5 gx 8 str bs iv
toyota innova,2013,diesel,69047,620899,new delhi,2828,suv,manual,2.5 gx 7 str bs iv
honda city,2011,petrol,86581,329999,new delhi,685,sedan,manual,s mt petrol
maruti ritz,2010,petrol,114109,182099,new delhi,1601,hatchback,manual,vxi bs iv
maruti vitara brezza,2019,diesel,38213,785999,new delhi,2250,suv,manual,vdi
maruti swift,2012,diesel,80936,312699,new delhi,711,hatchback,manual,zdi
maruti alto 800,2017,petrol & cng,115676,279999,new delhi,2260,hatchback,manual,lxi cng
maruti vitara brezza,2016,diesel,67345,612299,new delhi,928,suv,manual,vdi
maruti ciaz,2017,diesel,60966,602499,new delhi,1485,sedan,manual,vdi+ shvs
honda jazz,2009,petrol,75136,218299,new delhi,852,hatchback,manual,1.2 base i vtec
maruti swift dzire,2012,petrol,86270,304199,new delhi,413,sedan,manual,vxi 1.2 bs iv
hyundai creta,2018,diesel,65305,1281789,new delhi,1675,suv,automatic,1.6 crdi sx plus auto
maruti swift dzire,2013,diesel,76300,356699,new delhi,397,sedan,manual,vdi bs iv
maruti swift dzire,2013,diesel,79116,374899,new delhi,578,sedan,manual,vdi
hyundai creta,2017,diesel,41558,1047974,new delhi,1923,suv,automatic,1.6 crdi sx plus auto
renault duster,2013,diesel,78090,340199,new delhi,3871,suv,manual,85 ps rxe
hyundai creta,2015,diesel,61207,688999,new delhi,1283,suv,,1.4 s crdi
renault duster,2015,diesel,80599,505799,new delhi,755,suv,manual,85 ps rxl opt
honda city,2011,petrol,122742,335499,new delhi,613,sedan,manual,s mt petrol
maruti swift dzire,2012,diesel,86194,317899,new delhi,416,sedan,manual,vdi bs iv
maruti vitara brezza,2019,diesel,35428,797699,new delhi,815,suv,manual,vdi
maruti swift,2013,diesel,70684,358099,new delhi,168,hatchback,manual,vdi
skoda rapid,2012,diesel,98802,246399,new delhi,4153,sedan,manual,1.6 tdi mt ambition
maruti eeco,2017,petrol & cng,100534,311899,new delhi,1147,suv,manual,5 str cng with ac plushtr
honda jazz,2015,petrol,87341,454799,new delhi,754,hatchback,automatic,1.2 v at
toyota etios,2011,petrol,106148,265799,new delhi,977,sedan,manual,vx
maruti swift,2011,petrol,95427,262399,new delhi,829,hatchback,manual,vxi
hyundai i20,2012,petrol,80206,310899,new delhi,1568,hatchback,manual,sportz 1.2 vtvt
maruti swift dzire,2012,diesel,81509,321199,new delhi,5169,sedan,manual,vdi bs iv
maruti alto 800,2013,petrol,74820,223099,new delhi,717,hatchback,manual,lxi
renault kwid,2016,petrol,48370,292299,new delhi,120,hatchback,manual,rxt opt
ford ecosport,2019,diesel,18721,937399,new delhi,812,suv,manual,1.5titanium tdci
maruti zen estilo,2009,petrol,98519,167399,new delhi,593,hatchback,manual,vxi
mahindra nuvosport,2016,diesel,100131,407499,new delhi,543,suv,manual,n6 mhawk
maruti swift,2008,petrol,103127,193199,new delhi,1321,hatchback,manual,lxi 1.3
hyundai creta,2016,diesel,67987,807099,new delhi,2027,suv,,1.6 sx crdi
maruti swift,2014,petrol,84232,410299,new delhi,645,hatchback,manual,vxi
maruti vitara brezza,2016,diesel,70187,623699,new delhi,238,suv,manual,vdi
toyota innova crysta,2017,diesel,87721,1331178,new delhi,2572,suv,manual,2.4 gx 7 str
toyota etios liva,2012,diesel,94952,258799,new delhi,639,hatchback,manual,gd
honda city,2011,petrol,104139,298699,new delhi,1059,sedan,manual,s mt petrol
hyundai i20,2010,petrol,70679,233799,new delhi,788,hatchback,manual,magna o 1.2
honda wr-v,2017,diesel,79597,560599,new delhi,1766,suv,manual,1.5 i-dtec s mt
mahindra thar,2018,diesel,51456,760799,new delhi,5702,suv,manual,crde 4x4 bs iv
toyota etios,2013,diesel,93938,296899,new delhi,1210,sedan,manual,gd
honda city,2013,petrol,86487,414499,new delhi,1513,sedan,manual,v mt petrol
maruti a star,2009,petrol,81050,173299,new delhi,1017,hatchback,manual,vxi
maruti swift,2015,diesel,86567,393999,new delhi,485,hatchback,manual,vdi
maruti swift,2012,diesel,95613,307799,new delhi,380,hatchback,manual,vdi
maruti swift dzire,2010,petrol,84445,267499,new delhi,981,sedan,manual,vxi
hyundai verna,2012,diesel,88559,424499,new delhi,659,sedan,manual,fluidic 1.6 sx crdi opt
maruti vitara brezza,2018,diesel,50930,668999,new delhi,1447,suv,manual,vdi
maruti vitara brezza,2018,diesel,57619,678799,new delhi,1853,suv,manual,vdi
maruti ritz,2013,diesel,76553,293999,new delhi,527,hatchback,manual,vdi
honda amaze,2014,diesel,84258,328099,new delhi,850,sedan,manual,1.5 smt i dtec
toyota corolla altis,2018,petrol,52819,1387940,new delhi,3230,luxury sedan,automatic,vl at
maruti vitara brezza,2018,diesel,44061,738999,new delhi,1367,suv,manual,zdi
hyundai creta,2017,diesel,80682,1042419,new delhi,1754,suv,automatic,1.6 crdi sx plus auto
maruti swift,2015,diesel,76042,437999,new delhi,353,hatchback,manual,vdi abs
maruti ciaz,2017,diesel,81575,594899,new delhi,742,sedan,manual,vdi+ shvs
toyota corolla,2008,petrol,104926,202499,new delhi,1852,sedan,manual,h2 1.8 e
maruti swift,2011,petrol,83626,303599,new delhi,1930,hatchback,manual,vxi
maruti dzire,2017,diesel,80717,593799,new delhi,1804,sedan,automatic,zdi plus amt
toyota etios,2012,diesel,113695,298699,new delhi,1290,sedan,manual,gd
mahindra xuv500,2016,diesel,48126,922899,new delhi,2150,luxury suv,automatic,w6 at
renault kwid,2016,petrol,87631,237299,new delhi,545,hatchback,manual,rxt opt
hyundai verna,2012,petrol,109400,372099,new delhi,1593,sedan,manual,fluidic 1.6 sx vtvt
maruti ciaz,2016,petrol,75533,580899,new delhi,1458,sedan,manual,zxi plus
mahindra thar,2018,diesel,54617,759999,new delhi,1410,suv,manual,crde 4x4 bs iv
maruti swift,2015,diesel,85551,437699,new delhi,459,hatchback,manual,vdi abs
maruti swift,2015,diesel,80212,397499,new delhi,653,hatchback,manual,vdi abs
mahindra scorpio,2014,diesel,64935,831399,new delhi,3669,suv,manual,s10
toyota etios liva,2013,diesel,112188,279299,new delhi,851,hatchback,manual,gd
maruti wagon r 1.0,2010,petrol,104870,193799,new delhi,1015,hatchback,manual,lxi
mahindra xuv500,2015,diesel,49845,902799,new delhi,1200,luxury suv,manual,w10
maruti ciaz,2016,diesel,102888,515199,new delhi,1116,sedan,manual,zdi+ shvs
hyundai verna,2014,diesel,82592,464699,new delhi,931,sedan,manual,fluidic 1.6 sx crdi
honda city,2010,petrol,117859,296199,new delhi,362,sedan,manual,v mt petrol
maruti vitara brezza,2016,diesel,78346,617899,new delhi,642,suv,manual,vdi
toyota corolla altis,2016,petrol,68907,910099,new delhi,515,luxury sedan,automatic,g at
maruti ertiga,2013,diesel,86148,456999,new delhi,1057,suv,manual,vdi abs
maruti swift dzire,2014,diesel,79282,424299,new delhi,136,sedan,manual,vdi bs iv
maruti ritz,2009,petrol,119824,203599,new delhi,451,hatchback,manual,vxi
mahindra scorpio,2015,diesel,75248,774799,new delhi,7399,suv,manual,s6 plus
nissan terrano,2015,diesel,88572,407299,new delhi,1450,suv,manual,xe 85 ps deisel
maruti ritz,2013,diesel,97984,220299,new delhi,227,hatchback,manual,ldi
maruti swift,2014,diesel,82346,371599,new delhi,227,hatchback,manual,vdi
maruti swift,2012,diesel,102024,302699,new delhi,556,hatchback,manual,vdi
hyundai verna,2012,diesel,133567,309699,new delhi,2889,sedan,manual,fluidic 1.6 ex crdi
maruti swift dzire,2013,diesel,79248,359699,new delhi,431,sedan,manual,vdi bs iv
skoda rapid,2012,petrol,72293,371899,new delhi,1308,sedan,automatic,elegance 1.6 mpfi at
maruti wagon r 1.0,2010,petrol & cng,76923,250499,new delhi,2038,hatchback,manual,lxi cng
maruti swift,2013,diesel,100033,293399,new delhi,928,hatchback,manual,vdi
toyota etios liva,2012,diesel,82756,229699,new delhi,1730,hatchback,manual,gd
mahindra tuv300,2015,diesel,90145,462099,new delhi,1044,suv,manual,t6+
maruti swift dzire,2015,petrol,106967,345399,new delhi,1386,sedan,manual,lxi opt
maruti swift dzire,2012,diesel,92072,312999,new delhi,364,sedan,manual,vdi bs iv
maruti swift,2014,diesel,91630,409299,new delhi,574,hatchback,manual,zdi
maruti swift dzire,2014,diesel,95770,387599,new delhi,1708,sedan,manual,vdi bs iv
maruti swift,2012,diesel,112723,294299,new delhi,558,hatchback,manual,vdi
toyota innova,2015,diesel,73147,911199,new delhi,1832,suv,manual,2.5 vx 7 str bs iv
hyundai i20,2013,diesel,93165,319799,new delhi,714,hatchback,manual,asta 1.4 crdi
maruti swift dzire,2014,diesel,89500,327899,new delhi,1590,sedan,manual,vdi bs iv
toyota etios liva,2012,diesel,124471,272699,new delhi,555,hatchback,manual,d 4d gd
fiat punto evo,2014,diesel,82095,291999,new delhi,285,hatchback,manual,multijet 1.3 90 hp
maruti swift dzire,2014,diesel,83070,327399,new delhi,1219,sedan,manual,vdi bs iv
maruti swift dzire,2012,petrol,101605,298599,new delhi,776,sedan,manual,vxi 1.2 bs iv
toyota etios liva,2013,diesel,97735,317999,new delhi,538,hatchback,manual,gd exclusive
hyundai elite i20,2015,diesel,76329,457399,new delhi,913,hatchback,manual,magna 1.4 crdi
maruti ciaz,2017,diesel,95366,550799,new delhi,479,sedan,manual,vdi+ shvs
maruti swift dzire,2014,diesel,98400,358599,new delhi,974,sedan,manual,vdi bs iv
maruti ciaz,2017,diesel,103107,529099,new delhi,877,sedan,,vdi (o) shvs hybird
honda mobilio,2015,petrol,94410,453999,new delhi,1481,suv,manual,1.5 s i vtec
hyundai creta,2019,petrol,35384,893799,new delhi,723,suv,manual,1.6 e + vtvt
maruti baleno,2016,diesel,107803,526799,new delhi,908,hatchback,manual,alpha ddis 190
renault duster,2013,diesel,93113,441199,new delhi,643,suv,manual,85 ps rxl opt
honda city,2012,petrol,91274,356799,new delhi,1213,sedan,manual,s mt petrol
ford ecosport,2013,diesel,106751,399199,new delhi,1245,suv,manual,1.5 titaniumtdci opt
hyundai creta,2016,diesel,98576,679799,new delhi,2174,suv,,1.4 s crdi
maruti s cross,2017,diesel,86066,910399,new delhi,932,suv,manual,alpha shvs
honda city,2008,petrol,113355,236699,new delhi,1113,sedan,manual,s mt petrol
honda city,2009,petrol,125179,208299,new delhi,676,sedan,manual,s mt petrol
mahindra xuv500,2015,diesel,84778,742499,new delhi,2123,luxury suv,manual,w8 fwd
maruti swift,2015,diesel,91461,427899,new delhi,453,hatchback,manual,vdi abs
maruti swift,2015,diesel,96266,418499,new delhi,516,hatchback,manual,vdi abs
maruti swift dzire,2015,diesel,99782,393599,new delhi,486,sedan,manual,ldi bs iv
volkswagen vento,2013,diesel,95866,327499,new delhi,1278,sedan,manual,highline diesel
toyota corolla altis,2011,petrol & cng,131211,399699,new delhi,899,luxury sedan,,1.8 g
volkswagen polo,2011,petrol,110291,231299,new delhi,912,hatchback,manual,trendline 1.2l petrol
maruti swift,2015,diesel,122762,396699,new delhi,520,hatchback,manual,vdi abs
maruti ritz,2012,diesel,101187,209199,new delhi,697,hatchback,manual,ldi
hyundai i20,2013,diesel,113692,271399,new delhi,1188,hatchback,manual,magna o 1.4 crdi
honda city,2010,petrol,142754,316099,new delhi,645,sedan,manual,s mt petrol
mahindra xuv500,2013,diesel,90510,478599,new delhi,4229,luxury suv,manual,w6 4x2
ford ecosport,2013,diesel,107095,426399,new delhi,991,suv,manual,1.5titanium tdci
hyundai i20,2013,diesel,113303,331099,new delhi,610,hatchback,manual,sportz 1.4 crdi
honda jazz,2010,petrol,107333,239599,new delhi,699,hatchback,manual,1.2 base i vtec
hyundai i20,2011,petrol,114657,249299,new delhi,835,hatchback,manual,sportz 1.2 o
maruti swift dzire,2014,diesel,141833,297499,new delhi,1304,sedan,manual,ldi bs iv
ford ecosport,2013,diesel,108612,380399,new delhi,2198,suv,manual,1.5 trend tdci
hyundai elite i20,2015,petrol,101538,474999,new delhi,551,hatchback,manual,asta 1.2
toyota corolla altis,2015,petrol,79084,835699,new delhi,1624,luxury sedan,manual,gl
maruti swift,2013,diesel,113429,345199,new delhi,443,hatchback,manual,vdi
maruti ciaz,2017,diesel,98712,585799,new delhi,362,sedan,,shvs vdi
ford ecosport,2014,petrol,100281,472599,new delhi,953,suv,manual,1.5 trend ti vct
toyota innova,2015,diesel,76940,793599,new delhi,1508,suv,manual,2.5 gx 8 str bs iv
maruti swift dzire,2012,diesel,114962,342599,new delhi,350,sedan,manual,vdi bs iv
honda city,2014,diesel,137256,391399,new delhi,1232,sedan,manual,e mt diesel
skoda rapid,2014,petrol,134412,338499,new delhi,2976,sedan,manual,ambition 1.6 mpi mt plus
toyota corolla altis,2008,petrol,126704,298699,new delhi,2177,luxury sedan,automatic,vl at
hyundai creta,2017,diesel,102223,747999,new delhi,548,suv,,1.4 e plus crdi
honda amaze,2013,diesel,147667,290199,new delhi,692,sedan,manual,1.5 smt i dtec
mercedes benz ml class,2014,diesel,61098,1972528,new delhi,3629,luxury suv,manual,250 cdi
maruti swift,2012,diesel,142099,306399,new delhi,382,hatchback,manual,vdi
ford ecosport,2015,diesel,122227,485799,new delhi,1304,suv,manual,1.5 ambiente tdci
maruti swift,2015,diesel,122515,423099,new delhi,459,hatchback,manual,vdi abs
hyundai verna,2012,diesel,100752,357299,new delhi,2122,sedan,manual,fluidic 1.6 sx crdi
hyundai i20,2011,petrol,129573,255099,new delhi,870,hatchback,manual,magna o 1.2
toyota etios liva,2013,diesel,105493,270399,new delhi,926,hatchback,manual,gd
toyota etios,2012,diesel,130929,254499,new delhi,1477,sedan,manual,gd
toyota innova,2013,diesel,96015,628199,new delhi,1256,suv,manual,2.5 gx 7 str bs iv
maruti swift dzire,2014,diesel,144247,393899,new delhi,273,sedan,manual,vdi bs iv
honda city,2015,diesel,102442,590799,new delhi,1084,sedan,manual,vx mt o diesel
maruti swift,2015,diesel,107563,457599,new delhi,207,hatchback,manual,vdi abs
toyota etios,2012,petrol,119615,299699,new delhi,694,sedan,manual,g
maruti celerio,2015,petrol,100098,287299,new delhi,286,hatchback,manual,vxi
maruti swift,2016,diesel,165399,428799,new delhi,720,hatchback,manual,zdi
hyundai verna,2012,diesel,132589,402099,new delhi,533,sedan,manual,fluidic 1.6 ex crdi
hyundai creta,2016,diesel,111100,802299,new delhi,2752,suv,manual,1.6 sx plus diesel
hyundai xcent,2014,diesel,100753,328599,new delhi,949,sedan,manual,sx 1.1 crdi
maruti swift,2012,diesel,123852,250099,new delhi,1440,hatchback,manual,ldi bs iv
maruti swift dzire,2013,diesel,155339,345699,new delhi,342,sedan,manual,vdi bs iv
hyundai i20,2012,petrol,123725,293399,new delhi,775,hatchback,manual,magna 1.2 vtvt
toyota corolla altis,2011,petrol,150503,407899,new delhi,1094,luxury sedan,automatic,vl at
hyundai elite i20,2015,petrol,110977,486699,new delhi,724,hatchback,manual,asta 1.2
renault duster,2015,petrol,138957,468399,new delhi,1052,suv,manual,rxl petrol 104
maruti wagon r 1.0,2011,petrol & cng,138341,242199,new delhi,888,hatchback,manual,lxi cng
hyundai i20,2012,diesel,159691,323299,new delhi,587,hatchback,manual,asta 1.4 crdi
toyota etios liva,2014,diesel,134058,337299,new delhi,554,hatchback,manual,d 4d gd sp
volkswagen polo,2012,diesel,93991,298499,new delhi,1211,hatchback,manual,highline1.2l diesel
maruti swift,2014,diesel,122254,429799,new delhi,335,hatchback,manual,zdi
hyundai i10,2011,petrol,161043,208299,new delhi,524,hatchback,manual,magna 1.2 kappa2
toyota etios,2012,diesel,202619,261199,new delhi,627,sedan,manual,gd
maruti swift dzire,2013,diesel,122165,274699,new delhi,745,sedan,manual,ldi bs iv
mahindra xuv500,2015,diesel,114350,852499,new delhi,1108,luxury suv,manual,w10
hyundai i20,2012,diesel,139216,265599,new delhi,1071,hatchback,manual,sportz 1.4 crdi
mahindra xuv500,2014,diesel,166731,520499,new delhi,1184,luxury suv,manual,w6 4x2
maruti swift,2014,petrol & cng,175425,361799,new delhi,1627,hatchback,manual,vxi
toyota etios liva,2013,diesel,111431,320399,new delhi,344,hatchback,manual,d 4d gd
hyundai verna,2014,diesel,129459,502099,new delhi,790,sedan,manual,fluidic 1.6 sx crdi
volkswagen vento,2011,petrol,133387,279299,new delhi,448,sedan,manual,highline petrol
maruti swift,2013,diesel,119895,317799,new delhi,507,hatchback,manual,vdi
mahindra scorpio,2016,diesel,87025,974699,new delhi,3552,suv,manual,s10
toyota innova,2013,diesel,112846,586899,new delhi,1700,suv,manual,2.5 gx 7 str bs iv
maruti celerio,2015,petrol & cng,158520,338799,new delhi,2518,hatchback,manual,vxi cng
maruti ertiga,2013,diesel,112228,478499,new delhi,1677,suv,manual,vdi abs
mercedes benz e class,2013,diesel,67380,1366629,new delhi,1749,luxury sedan,manual,e 220 cdi elegance
hyundai verna,2012,diesel,125497,313599,new delhi,2296,sedan,manual,fluidic 1.6 ex crdi
maruti ertiga,2014,diesel,120226,428799,new delhi,2241,suv,manual,zdi
maruti ciaz,2016,diesel,155671,482399,new delhi,2600,sedan,manual,vdi+ shvs
mahindra tuv300,2016,diesel,146585,526999,new delhi,1364,suv,manual,t8
maruti swift,2013,diesel,141309,340399,new delhi,548,hatchback,manual,zdi
mercedes benz e class,2013,diesel,69864,1150186,new delhi,3294,luxury sedan,manual,e 220 cdi elegance
ford ecosport,2013,diesel,130592,404299,new delhi,964,suv,manual,1.5 titaniumtdci opt
honda city,2014,diesel,104060,433999,new delhi,1708,sedan,manual,v mt diesel
maruti swift dzire,2011,petrol,290868,248499,new delhi,886,sedan,manual,vxi 1.2 bs iv
toyota innova,2014,diesel,99985,691699,new delhi,1418,suv,manual,2.5 gx 8 str bs iv
audi a4,2012,diesel,90722,937999,new delhi,5452,luxury sedan,automatic,2.0 tdi premium plus
hyundai grand i10,2013,diesel,110055,287999,new delhi,1039,hatchback,manual,sportz 1.1 crdi
maruti swift dzire,2012,diesel,151622,307499,new delhi,587,sedan,manual,zdi
toyota etios liva,2013,diesel,121255,264599,new delhi,897,hatchback,manual,d 4d gd
toyota innova,2014,diesel,84036,968299,new delhi,710,suv,manual,2.5 vx 8 str bs iv
honda amaze,2013,diesel,136754,303799,new delhi,879,sedan,manual,1.5 vxmt i dtec
maruti swift,2014,diesel,121360,300699,new delhi,742,hatchback,manual,ldi bs iv
maruti alto k10,2015,petrol & cng,112578,279599,new delhi,390,hatchback,manual,vxi
toyota fortuner,2012,diesel,176354,1093929,new delhi,942,luxury suv,manual,3.0 mt 4x2
toyota corolla altis,2014,petrol,94389,823799,new delhi,2303,luxury sedan,automatic,vl at
hyundai i20,2013,diesel,114943,350299,new delhi,797,hatchback,manual,sportz 1.4 crdi
toyota fortuner,2012,diesel,154464,1352691,new delhi,3150,luxury suv,automatic,3.0 at 4x2
toyota innova,2013,diesel,157688,620699,new delhi,909,suv,manual,2.5 gx 7 str bs iv
toyota fortuner,2014,diesel,123799,1290677,new delhi,2961,luxury suv,automatic,3.0 at 4x2
toyota fortuner,2014,diesel,111327,1376224,new delhi,3556,luxury suv,automatic,3.0 at 4x2
maruti swift dzire,2013,diesel,146512,291999,new delhi,670,sedan,manual,ldi bs iv
toyota innova,2014,diesel,282122,595899,new delhi,767,suv,manual,2.5 gx 7 str bs iv
hyundai creta,2016,diesel,152387,686399,new delhi,4472,suv,manual,1.4 s plus crdi
toyota innova,2014,diesel,190850,662899,new delhi,1240,suv,manual,2.5 gx 7 str bs iv
toyota etios,2015,diesel,184158,369299,new delhi,1765,sedan,manual,gd
toyota fortuner,2012,diesel,119763,1131097,new delhi,518,luxury suv,manual,3.0 mt 4x2
maruti wagon r 1.0,2013,petrol & cng,190050,242799,new delhi,2176,hatchback,manual,lxi cng
toyota innova,2013,diesel,195338,630699,new delhi,516,suv,manual,2.5 gx 7 str bs iv
hyundai eon,2013,petrol,106269,218499,new delhi,763,hatchback,manual,d lite plus
toyota fortuner,2012,diesel,142163,1118270,new delhi,2537,luxury suv,manual,3.0 mt 4x4
renault kwid,2020,petrol,2224,466199,new delhi,6499,hatchback,,neotech 1.0 easyr
maruti s cross,2017,diesel,26229,843299,new delhi,2121,suv,manual,alpha shvs
maruti alto k10,2012,petrol,17919,215399,new delhi,1919,hatchback,manual,vxi
maruti alto 800,2012,petrol,23750,195299,new delhi,4150,hatchback,manual,lxi
hyundai eon,2014,petrol,9693,228999,new delhi,2464,hatchback,manual,era plus
maruti alto,2010,petrol,14455,182299,new delhi,1267,hatchback,manual,lxi
maruti swift,2014,petrol,23888,460699,new delhi,1002,hatchback,manual,lxi
maruti wagon r 1.0,2014,petrol,27416,289599,new delhi,1870,hatchback,manual,vxi
maruti alto 800,2015,petrol,27014,249599,new delhi,634,hatchback,manual,lxi
maruti ignis,2018,petrol,13971,525399,new delhi,364,hatchback,automatic,delta 1.2 k12 amt
maruti ritz,2010,petrol,26740,249199,new delhi,48,hatchback,manual,lxi
maruti ertiga,2016,diesel,17995,670099,new delhi,3138,suv,manual,zdi plus shvs
maruti wagon r 1.0,2013,petrol,19712,295399,new delhi,59,hatchback,manual,vxi
hyundai i10,2012,petrol,36725,299099,new delhi,938,hatchback,automatic,sportz 1.2 at kappa2
hyundai i10,2010,petrol,43609,205999,new delhi,998,hatchback,manual,magna 1.2 kappa2
maruti alto k10,2014,petrol,31013,262099,new delhi,67,hatchback,manual,lxi
maruti swift,2013,diesel,43029,293999,new delhi,1879,hatchback,manual,ldi bs iv
maruti ritz,2010,petrol,59370,188799,new delhi,764,hatchback,manual,lxi
toyota etios,2012,petrol,50238,286599,new delhi,1948,sedan,manual,g
hyundai i20,2011,petrol,42965,257199,new delhi,171,hatchback,manual,asta 1.2
maruti alto 800,2013,petrol,8967,239399,new delhi,140,hatchback,manual,lxi
tata nexon,2019,petrol,5817,759199,new delhi,5350,suv,,kraz at petrol
hyundai grand i10,2015,diesel,46392,349199,new delhi,1492,hatchback,manual,sportz 1.1 crdi
maruti baleno,2016,petrol,43212,450799,new delhi,1471,hatchback,manual,delta 1.2 k12
maruti alto 800,2014,petrol,39878,208099,new delhi,1186,hatchback,manual,lxi
maruti swift,2010,petrol,27473,275799,new delhi,1187,hatchback,manual,vxi
hyundai eon,2014,petrol,47707,204299,new delhi,632,hatchback,manual,era plus
maruti alto,2020,petrol,18509,315699,new delhi,1518,hatchback,manual,lxi
maruti zen estilo,2010,petrol,50189,191299,new delhi,580,hatchback,manual,vxi
maruti swift dzire,2013,petrol,49362,347899,new delhi,13,sedan,manual,vxi 1.2 bs iv
maruti eeco,2018,petrol & cng,55247,320499,new delhi,509,suv,manual,5 str cng with ac plushtr
maruti baleno,2016,petrol,43794,451699,new delhi,1753,hatchback,manual,delta 1.2 k12
ford ecosport,2017,petrol,30133,636099,new delhi,1742,suv,manual,1.5 titanium ti vct
maruti a star,2009,petrol,30403,181199,new delhi,1900,hatchback,manual,lxi
renault kwid,2016,petrol,46592,267299,new delhi,596,hatchback,manual,rxt
hyundai elite i20,2014,diesel,61234,451299,new delhi,793,hatchback,manual,sportz (o) 1.4
maruti alto,2008,petrol,21728,142099,new delhi,780,hatchback,manual,lxi
toyota etios liva,2011,petrol,66960,242999,new delhi,541,hatchback,manual,g
maruti swift,2016,diesel,66524,435899,new delhi,703,hatchback,manual,vdi abs
renault duster,2013,diesel,63766,370099,new delhi,1557,suv,manual,rxl diesel 110
maruti alto k10,2018,petrol,53488,289799,new delhi,1090,hatchback,manual,vxi
maruti swift,2012,diesel,76353,314899,new delhi,360,hatchback,manual,vdi
maruti baleno,2015,petrol,47806,483999,new delhi,895,hatchback,manual,zeta 1.2 k12
hyundai i10,2008,petrol,69701,171299,new delhi,1089,hatchback,manual,magna 1.2
honda city,2010,petrol,81788,340199,new delhi,420,sedan,manual,s mt petrol
maruti swift,2012,petrol & cng,72454,367999,new delhi,421,hatchback,manual,zxi
toyota innova crysta,2019,diesel,13877,1772548,new delhi,2133,suv,automatic,2.8 gx at 7 str
maruti swift dzire,2014,petrol,64810,345499,new delhi,1090,sedan,manual,vxi 1.2 bs iv
datsun redi go,2016,petrol,39204,224899,new delhi,237,hatchback,manual,t (o)
maruti wagon r 1.0,2011,petrol,46102,261699,new delhi,25,hatchback,manual,vxi
maruti swift dzire,2013,diesel,64031,334699,new delhi,475,sedan,manual,vdi bs iv
maruti swift dzire,2010,petrol,80042,252899,new delhi,607,sedan,manual,vxi
honda accord,2011,petrol,82363,379199,new delhi,7172,sedan,manual,2.4 mt
chevrolet beat,2011,petrol,94604,158499,new delhi,5671,hatchback,manual,ls petrol
maruti ciaz,2016,petrol,63301,577799,new delhi,977,sedan,manual,vxi plus
hyundai verna,2013,diesel,71625,404299,new delhi,1226,sedan,manual,fluidic 1.6 sx crdi
toyota innova,2013,diesel,63675,690499,new delhi,1317,suv,manual,2.5 gx 8 str bs iv
hyundai grand i10,2013,diesel,64179,297599,new delhi,726,hatchback,manual,sportz 1.1 crdi
honda city,2012,petrol,77333,347899,new delhi,2053,sedan,automatic,s at
honda city,2008,petrol & cng,82360,181499,new delhi,4763,sedan,manual,s mt petrol
honda city zx,2008,petrol,102509,173299,new delhi,2816,sedan,manual,gxi
hyundai i20,2011,petrol,88214,261299,new delhi,416,hatchback,manual,magna o 1.2
hyundai creta,2019,petrol,16315,915399,new delhi,3930,suv,manual,1.6 e + vtvt
maruti alto,2009,petrol,119227,134699,new delhi,743,hatchback,manual,lxi
maruti swift,2015,diesel,86072,443799,new delhi,433,hatchback,manual,vdi abs
maruti dzire,2018,diesel,48131,628499,new delhi,1065,sedan,manual,zdi
maruti swift,2008,petrol,86350,196799,new delhi,918,hatchback,manual,lxi 1.3
mercedes benz c class,2012,diesel,23771,1147358,new delhi,2289,luxury sedan,manual,c 220 cdi avantgarde
toyota innova,2012,diesel,79895,575599,new delhi,1907,suv,manual,2.5 gx 8 str bs iv
hyundai eon,2014,petrol,64105,223899,new delhi,738,hatchback,manual,d lite plus
mahindra xuv500,2018,diesel,44133,1305019,new delhi,2056,luxury suv,manual,w9
hyundai eon,2014,petrol,75416,194799,new delhi,2887,hatchback,manual,era plus
volkswagen polo,2018,petrol,43872,738499,new delhi,1204,hatchback,manual,gt tsi
maruti vitara brezza,2018,diesel,53959,690599,new delhi,1112,suv,manual,vdi
maruti alto 800,2015,petrol,50024,290499,new delhi,21,hatchback,manual,lxi
maruti vitara brezza,2016,diesel,72792,675099,new delhi,661,suv,manual,zdi
hyundai i20,2012,diesel,88519,247999,new delhi,1104,hatchback,manual,asta 1.4 crdi 6 speed
honda city,2010,petrol,95758,311599,new delhi,725,sedan,manual,s mt petrol
maruti swift dzire,2010,petrol,120919,227399,new delhi,577,sedan,manual,vxi
honda accord,2011,petrol,105549,473199,new delhi,1087,sedan,manual,2.4 mt
hyundai creta,2015,diesel,72762,785999,new delhi,359,suv,,1.6 sx (o) crdi
hyundai elite i20,2016,petrol,108250,470099,new delhi,893,hatchback,manual,sportz 1.2
maruti alto k10,2013,petrol,115367,201399,new delhi,116,hatchback,manual,lxi
renault duster,2014,diesel,78558,380999,new delhi,1005,suv,manual,85 ps rxl
tata bolt,2015,petrol,104430,259599,new delhi,2734,hatchback,manual,xt revotron
honda city,2011,petrol,136865,331499,new delhi,467,sedan,manual,s mt petrol
maruti swift,2013,diesel,108274,325599,new delhi,14,hatchback,manual,vdi
toyota etios liva,2013,diesel,106133,272199,new delhi,514,hatchback,manual,d 4d gd
maruti swift dzire,2012,diesel,117766,289899,new delhi,458,sedan,manual,vdi bs iv
toyota etios,2012,petrol,118764,257999,new delhi,722,sedan,manual,g sp
audi q3,2015,diesel,83737,1559943,new delhi,2268,luxury suv,automatic,35 tdi quattro
hyundai i20,2013,diesel,139784,283499,new delhi,309,hatchback,manual,sportz 1.4 crdi
maruti swift dzire,2013,diesel,149275,357599,new delhi,800,sedan,manual,vdi bs iv
honda city,2014,diesel,107208,414399,new delhi,1514,sedan,manual,sv mt diesel
honda city zx,2008,petrol,207474,194999,new delhi,1332,sedan,manual,gxi
toyota etios liva,2014,diesel,103468,320999,new delhi,510,hatchback,manual,d 4d gd
toyota etios,2012,diesel,212989,240599,new delhi,1515,sedan,manual,gd
maruti swift dzire,2012,diesel,129390,260599,new delhi,827,sedan,manual,vdi bs iv
renault duster,2015,diesel,130673,549499,new delhi,822,suv,manual,rxz diesel 110
toyota innova,2012,diesel,243904,562699,new delhi,816,suv,manual,2.5 vx 8 str bs iv
toyota etios liva,2014,diesel,114695,325100,new delhi,660,hatchback,manual,gd
maruti alto,2011,petrol,13966,171299,new delhi,6641,hatchback,manual,lxi
maruti wagon r 1.0,2013,petrol,38385,264299,new delhi,1988,hatchback,manual,lxi
maruti baleno,2020,petrol,2431,671999,new delhi,338,hatchback,manual,delta 1.2 k12
maruti wagon r 1.0,2014,petrol,27742,278899,new delhi,1525,hatchback,manual,vxi
maruti dzire,2017,petrol,9562,536799,new delhi,9667,sedan,manual,vxi
tata nano,2015,petrol,26197,126099,new delhi,5079,hatchback,manual,xt twist
maruti baleno,2020,petrol,3965,667599,new delhi,3221,hatchback,manual,zeta 1.2 k12
hyundai grand i10,2017,petrol,9188,445299,new delhi,3839,hatchback,manual,magna 1.2 kappa vtvt
toyota corolla altis,2013,petrol,30218,492299,new delhi,1751,luxury sedan,manual,g
volkswagen vento,2013,petrol,18779,368199,new delhi,7961,sedan,manual,highline petrol
honda amaze,2015,diesel,33526,366599,new delhi,4590,sedan,manual,1.5 smt i dtec
hyundai grand i10,2018,petrol,20603,440499,new delhi,1276,hatchback,manual,sportz 1.2 kappa vtvt
maruti alto 800,2016,petrol,7507,294199,new delhi,1236,hatchback,manual,lxi
hyundai i20,2013,diesel,44007,293599,new delhi,1826,hatchback,manual,era 1.4 crdi
mahindra kuv100,2016,petrol,11817,335299,new delhi,2694,suv,manual,k2 6 str
hyundai i20,2013,petrol,39788,345999,new delhi,1789,hatchback,manual,magna o 1.2
hyundai i10,2016,petrol,2653,366099,new delhi,4035,hatchback,manual,sportz 1.1 irde2
maruti swift dzire,2013,diesel,29622,369299,new delhi,3999,sedan,manual,vdi bs iv
hyundai grand i10 nios,2020,petrol,4705,586499,new delhi,4918,hatchback,,sportz petrol
hyundai grand i10,2016,petrol & cng,15541,450899,new delhi,2812,hatchback,manual,sportz 1.2 kappa vtvt
honda brio,2012,petrol,40306,270699,new delhi,1981,hatchback,manual,1.2 v mt i vtec
maruti alto,2011,petrol,39711,163699,new delhi,2884,hatchback,manual,lxi
nissan sunny,2011,petrol,42176,251499,new delhi,2943,sedan,manual,xv petrol
maruti ritz,2014,petrol,35218,285899,new delhi,1457,hatchback,manual,vxi bs iv
hyundai grand i10,2015,petrol,27324,389099,new delhi,2046,hatchback,manual,sportz 1.2 kappa vtvt
maruti swift dzire,2015,diesel,26090,462199,new delhi,3383,sedan,,vdi abs
hyundai elite i20,2017,petrol,27010,583999,new delhi,1395,hatchback,manual,asta 1.2 (o)
hyundai grand i10,2014,petrol,25457,339199,new delhi,3062,hatchback,manual,magna 1.2 kappa vtvt
hyundai elite i20,2017,petrol,11116,502099,new delhi,3437,hatchback,manual,magna executive 1.2
hyundai xcent,2014,petrol,19487,405499,new delhi,1417,sedan,automatic,sx at 1.2 opt
maruti swift dzire,2013,diesel,49409,371699,new delhi,1651,sedan,manual,vdi bs iv
hyundai grand i10,2016,petrol,33661,355099,new delhi,1819,hatchback,manual,magna 1.2 vtvt
tata tiago,2017,petrol,17399,384599,new delhi,5530,hatchback,manual,xt 1.2 revotron
hyundai eon,2014,petrol,44864,206799,new delhi,2443,hatchback,manual,d lite plus
maruti alto k10,2015,petrol & cng,37812,276999,new delhi,1620,hatchback,manual,lxi cng
volkswagen vento,2013,petrol & cng,34923,422299,new delhi,2397,sedan,automatic,highline petrol at
hyundai i20,2012,petrol,50918,280699,new delhi,1921,hatchback,manual,magna o 1.2
hyundai elite i20,2015,petrol,45940,424899,new delhi,763,hatchback,manual,magna 1.2
hyundai i20,2011,petrol,61699,252299,new delhi,1836,hatchback,manual,magna o 1.2
hyundai new santro,2019,petrol,7414,454599,new delhi,4694,,,1.1 sports amt
hyundai grand i10,2014,petrol,16316,322399,new delhi,4403,hatchback,manual,magna 1.2 kappa vtvt
maruti celerio,2017,petrol,31543,398299,new delhi,1254,hatchback,automatic,zxi amt
maruti eeco,2018,petrol & cng,31774,323799,new delhi,1832,suv,manual,5 str with ac plushtr
maruti wagon r 1.0,2010,petrol,45029,189599,new delhi,1932,hatchback,manual,lxi
maruti swift,2018,petrol,33171,418399,new delhi,4122,hatchback,manual,lxi
maruti baleno,2015,petrol,12618,473899,new delhi,1074,hatchback,manual,delta 1.2 k12
honda amaze,2014,petrol,46252,327299,new delhi,3189,sedan,manual,1.2 smt i vtec
maruti alto,2010,petrol,25088,179599,new delhi,2792,hatchback,manual,lxi
hyundai santro xing,2013,petrol,43540,249999,new delhi,2969,hatchback,manual,gl plus
renault kwid,2016,petrol,19211,285999,new delhi,1040,hatchback,manual,rxt
renault kwid,2017,petrol,35397,273899,new delhi,3485,hatchback,manual,1.0 rxt opt
renault kwid,2015,petrol,28162,235899,new delhi,161,hatchback,manual,rxt opt
honda city,2014,petrol,28847,522099,new delhi,2929,sedan,manual,sv mt petrol
maruti celerio,2018,petrol & cng,15341,462499,new delhi,2369,hatchback,manual,zxi opt
mahindra kuv100,2016,diesel,33368,349799,new delhi,2736,suv,manual,k4+ d 6 str
maruti swift,2015,diesel,37481,439599,new delhi,1741,hatchback,manual,vdi abs
maruti ignis,2019,petrol,9648,481499,new delhi,2881,hatchback,manual,zeta 1.2 k12
maruti ertiga,2012,petrol,42060,430099,new delhi,1175,suv,manual,zxi
mahindra xuv 3oo,2019,petrol,6173,618299,new delhi,6918,suv,,w4 petrol
renault duster,2013,diesel,48895,350199,new delhi,1840,suv,manual,85 ps rxe
honda brio,2016,petrol,34704,380699,new delhi,1499,hatchback,manual,1.2 s mt i vtec
renault kwid,2016,petrol,26689,275199,new delhi,1272,hatchback,manual,rxt
maruti alto k10,2018,petrol,17773,297199,new delhi,1417,hatchback,manual,vxi
maruti celerio,2014,petrol,43598,306399,new delhi,1670,hatchback,automatic,vxi amt
maruti wagon r 1.0,2010,petrol,41645,194599,new delhi,1193,hatchback,manual,vxi
hyundai verna,2011,petrol,64272,422099,new delhi,3308,sedan,automatic,fluidic 1.6 sx vtvt opt at
mahindra xuv500,2013,diesel,50444,547299,new delhi,1841,luxury suv,manual,w8 fwd
maruti baleno,2019,petrol,7045,605599,new delhi,1742,hatchback,manual,delta 1.2 k12
maruti ertiga,2014,diesel,50727,504699,new delhi,1794,suv,manual,vdi abs
volkswagen vento,2012,diesel,59070,281799,new delhi,4375,sedan,manual,highline diesel
maruti swift,2015,diesel,35499,471699,new delhi,1588,hatchback,,vdi glory edition
renault kwid,2020,petrol,1153,338399,new delhi,6754,hatchback,manual,rxl
ford figo,2011,petrol,85096,167899,new delhi,2679,hatchback,manual,1.2 zxi duratec
honda amaze,2019,petrol,4693,615399,new delhi,3092,sedan,manual,1.2 smt i vtec
tata tiago,2017,petrol,40141,353499,new delhi,2377,hatchback,manual,xt 1.2 revotron
maruti s cross,2015,diesel,47397,445499,new delhi,2647,suv,manual,sigma 1.3
toyota etios,2012,petrol,64311,292399,new delhi,1297,sedan,manual,g
honda city,2015,petrol,44731,639599,new delhi,4829,sedan,automatic,vx cvt petrol
hyundai eon,2015,petrol,45715,214399,new delhi,1621,hatchback,manual,era plus
tata nano,2015,petrol,40909,120199,new delhi,3121,hatchback,manual,xt twist
maruti vitara brezza,2018,diesel,12149,817299,new delhi,1175,suv,manual,zdi
hyundai i20,2010,petrol,58558,238199,new delhi,1669,hatchback,manual,magna o 1.2
toyota etios liva,2017,diesel,82242,441399,new delhi,1280,hatchback,manual,d 4d vd
hyundai verna,2014,diesel,57702,470999,new delhi,2014,sedan,manual,fluidic 1.6 sx crdi
maruti zen estilo,2010,petrol,70270,150099,new delhi,2373,hatchback,manual,vxi
maruti alto 800,2013,petrol,50250,200299,new delhi,1010,hatchback,manual,lxi
maruti ignis,2018,petrol,29544,492199,new delhi,3086,hatchback,automatic,zeta 1.2 k12 amt
maruti wagon r,2008,petrol,38054,109199,new delhi,10560,hatchback,manual,lxi
hyundai i20,2012,petrol & cng,52981,329299,new delhi,1048,hatchback,manual,magna o 1.2
hyundai i20,2011,petrol,57138,264399,new delhi,1566,hatchback,manual,sportz 1.2 o
hyundai i10,2011,petrol,70602,179299,new delhi,4790,hatchback,manual,magna 1.2 kappa2
honda amaze,2014,diesel,55490,305699,new delhi,1006,sedan,manual,1.5 emt i dtec
maruti ciaz,2016,petrol,39320,555899,new delhi,3262,sedan,manual,vxi plus
maruti eeco,2017,petrol & cng,41246,293799,new delhi,3768,suv,manual,7 str
honda city,2019,petrol,10750,780899,new delhi,6279,sedan,manual,sv mt petrol
maruti baleno,2017,petrol,37288,487299,new delhi,1185,hatchback,manual,zeta 1.2 k12
maruti swift,2019,petrol,28061,547299,new delhi,1808,hatchback,manual,vxi
maruti wagon r 1.0,2015,petrol & cng,41287,363799,new delhi,2379,hatchback,manual,vxi
honda city,2017,petrol,31514,868799,new delhi,2437,sedan,automatic,zx cvt
maruti swift dzire,2012,petrol,71072,316999,new delhi,1104,sedan,manual,vxi 1.2 bs iv
maruti alto k10,2016,petrol & cng,46510,285199,new delhi,1309,hatchback,manual,lxi cng
ford ecosport,2017,petrol,9452,694999,new delhi,1788,suv,manual,1.5 titanium ti vct
toyota corolla altis,2009,petrol,73413,231699,new delhi,1439,luxury sedan,,1.8 g
maruti alto,2012,petrol,62667,165999,new delhi,3064,hatchback,manual,lx
volkswagen jetta,2013,diesel,72980,442499,new delhi,2866,sedan,manual,comfortline 2.0l tdi
maruti alto k10,2019,petrol & cng,33398,353499,new delhi,3260,hatchback,manual,lxi cng
maruti alto k10,2018,petrol & cng,56482,304699,new delhi,2637,hatchback,manual,lxi
maruti alto 800,2013,petrol,52685,223299,new delhi,597,hatchback,manual,lxi
mahindra thar,2017,diesel,37134,671399,new delhi,4603,suv,manual,crde 4x4 bs iv
toyota corolla altis,2014,petrol,52544,631399,new delhi,2813,luxury sedan,manual,g
maruti new  wagon-r,2019,petrol,44040,402199,new delhi,4756,,,vxi 1.0
hyundai i20,2013,petrol & cng,57816,365399,new delhi,4448,hatchback,manual,magna o 1.2
tata tiago,2019,petrol & cng,23342,376099,new delhi,5813,hatchback,manual,xe 1.2 revotron
honda city,2010,petrol,69171,293999,new delhi,1183,sedan,manual,v mt petrol
honda city,2014,diesel,57670,508599,new delhi,1175,sedan,manual,vx mt diesel
honda brio,2012,petrol & cng,65125,263399,new delhi,1539,hatchback,manual,1.2 s mt i vtec
maruti ciaz,2018,petrol,12269,802299,new delhi,382,sedan,,alpha 1.5 mt vvt shvs
maruti wagon r 1.0,2010,petrol,82336,181699,new delhi,2785,hatchback,manual,lxi
maruti swift dzire,2015,diesel,69030,391899,new delhi,1708,sedan,,vdi abs
hyundai i20,2013,diesel,75654,279099,new delhi,1814,hatchback,manual,magna o 1.4 crdi
maruti wagon r 1.0,2011,petrol,53671,197299,new delhi,12386,hatchback,manual,lxi
ford ecosport,2018,petrol,26871,806399,new delhi,2029,suv,,1.5 titanium plus ti vct at
ford figo,2011,petrol & cng,80272,154099,new delhi,928,hatchback,manual,1.2 exi duratec
renault kwid,2015,petrol,54227,258599,new delhi,969,hatchback,manual,rxt
maruti new  wagon-r,2019,petrol & cng,17800,532699,new delhi,2565,,,lxi cng 1.0 l
maruti wagon r 1.0,2016,petrol & cng,50340,315399,new delhi,1918,hatchback,automatic,vxi amt
volkswagen polo,2017,petrol,41560,444299,new delhi,1105,hatchback,manual,comfortline 1.2l petrol
hyundai i20,2013,petrol,62427,350199,new delhi,1566,hatchback,manual,sportz 1.2 vtvt
mg hector,2019,petrol,9422,1647106,new delhi,1795,,,sharp dct petrol
honda amaze,2016,petrol,54848,441999,new delhi,883,sedan,manual,1.2 vxmt i vtec
hyundai verna,2014,petrol,47451,537699,new delhi,2068,sedan,manual,fluidic 1.6 sx vtvt
nissan terrano,2015,diesel,71883,465999,new delhi,456,suv,manual,xv 110 diesel
maruti new  wagon-r,2019,petrol & cng,32701,444299,new delhi,7049,,,lxi cng 1.0 l
maruti baleno,2018,petrol,56847,484099,new delhi,1437,hatchback,manual,delta 1.2 k12
hyundai grand i10,2014,petrol,66962,290099,new delhi,1446,hatchback,manual,sportz 1.2 kappa vtvt
mahindra xuv500,2014,diesel,70172,499999,new delhi,4137,luxury suv,manual,w6 4x2
honda city,2015,petrol,57541,670999,new delhi,686,sedan,automatic,vx cvt petrol
maruti swift dzire,2016,diesel,54013,417799,new delhi,537,sedan,manual,ldi opt
maruti swift dzire,2018,diesel,47014,444099,new delhi,1473,sedan,,tour s diesel
ford ecosport,2013,petrol,73316,393799,new delhi,1336,suv,manual,1.0 ecoboost titanium opt
hyundai elite i20,2017,petrol,45517,559799,new delhi,1585,hatchback,manual,asta 1.2
maruti baleno,2019,petrol,25985,641399,new delhi,1099,hatchback,manual,alpha 1.2 k12
maruti swift dzire,2013,diesel,64867,350399,new delhi,2150,sedan,manual,vdi bs iv
maruti vitara brezza,2018,diesel,33729,731599,new delhi,972,suv,manual,vdi
ford ecosport,2017,diesel,39364,734099,new delhi,1609,suv,,1.5 tdci titanium plus
toyota etios liva,2017,diesel,89385,454199,new delhi,2571,hatchback,manual,d 4d gd
toyota innova,2013,diesel,82595,628499,new delhi,1039,suv,manual,2.5 vx 7 str bs iv
maruti swift dzire,2010,petrol & cng,99765,222099,new delhi,2099,sedan,manual,vxi
volkswagen polo,2012,diesel,84236,225599,new delhi,1621,hatchback,manual,trendline 1.2l diesel
maruti celerio,2017,petrol,39200,323599,new delhi,1840,hatchback,manual,vxi
isuzu d-max v cross,2017,diesel,43402,1081304,new delhi,2080,suv,manual,4*4 mt
maruti sx4,2010,petrol,81112,229699,new delhi,912,sedan,manual,zxi mt bs iv
hyundai elite i20,2016,diesel,72411,513599,new delhi,624,hatchback,manual,1.4 crdi asta (o)
ford ecosport,2013,diesel,74194,421999,new delhi,809,suv,manual,1.5titanium tdci
audi q3,2015,diesel,69074,1355721,new delhi,6219,luxury suv,automatic,30 tdi premium
maruti vitara brezza,2018,diesel,13624,937499,new delhi,1107,suv,automatic,zdi + amt
maruti wagon r 1.0,2018,petrol,40835,409899,new delhi,676,hatchback,automatic,vxi amt
maruti eeco,2018,petrol & cng,63042,351999,new delhi,791,suv,manual,5 str cng with ac plushtr
tata tiago,2017,petrol,77229,311099,new delhi,3890,hatchback,manual,xt 1.2 revotron
tata tiago,2016,petrol,75019,319399,new delhi,4280,hatchback,manual,xz 1.2 revotron
honda city,2008,petrol,117873,235999,new delhi,1244,sedan,manual,s mt petrol
volkswagen jetta,2012,diesel,99476,373599,new delhi,1211,sedan,manual,comfortline 2.0l tdi
tata harrier,2019,diesel,14734,1416321,new delhi,2004,suv,,xz 2.0l kryotec
maruti swift,2016,petrol & cng,79199,370499,new delhi,5004,hatchback,manual,vxi
honda city,2009,petrol,76901,227899,new delhi,2342,sedan,manual,s mt petrol
maruti swift dzire,2012,diesel,98618,280699,new delhi,2973,sedan,manual,vdi bs iv
maruti eeco,2015,petrol & cng,62897,244699,new delhi,2548,suv,manual,5 str cng with ac plushtr
maruti eeco,2018,petrol & cng,33401,327799,new delhi,1120,suv,manual,5 str with ac plushtr
mahindra scorpio,2017,diesel,77547,1254317,new delhi,5752,suv,manual,s11
toyota corolla altis,2018,petrol,49769,1421573,new delhi,4178,luxury sedan,automatic,vl at
renault duster,2013,diesel,77490,339899,new delhi,1248,suv,manual,rxl diesel 110
ford ecosport,2013,diesel,89966,381399,new delhi,1610,suv,manual,1.5 ambiente tdci
mahindra scorpio,2015,diesel,75491,764899,new delhi,8882,suv,,s10 7 str
ssangyong rexton,2013,diesel,75753,621299,new delhi,1144,luxury suv,manual,rx7
maruti alto 800,2018,petrol & cng,35911,292899,new delhi,2842,hatchback,manual,lxi
hyundai creta,2016,petrol,58031,788699,new delhi,1437,suv,manual,1.6 s
hyundai grand i10,2013,diesel,82887,255799,new delhi,563,hatchback,manual,sportz 1.1 crdi
maruti alto k10,2015,petrol & cng,60435,273499,new delhi,3802,hatchback,manual,lxi cng
honda city,2015,diesel,85492,515899,new delhi,1395,sedan,manual,vx mt diesel
toyota fortuner,2014,diesel,47637,1357799,new delhi,2088,luxury suv,automatic,3.0 at 4x2
maruti swift dzire,2015,diesel,85270,383399,new delhi,842,sedan,,vdi abs
mahindra xuv500,2016,diesel,64051,986499,new delhi,1518,luxury suv,automatic,w10 at
mahindra scorpio,2013,diesel,80007,434199,new delhi,5208,suv,manual,vlx 2wd bs iv
maruti wagon r,2009,petrol & cng,90484,152599,new delhi,1557,hatchback,manual,vxi bs iii
mahindra scorpio,2017,diesel,65420,821799,new delhi,5751,suv,manual,s6 plus
hyundai creta,2019,diesel,22690,970799,new delhi,2945,suv,,1.4 e plus crdi
hyundai verna,2015,diesel,78370,493299,new delhi,3768,sedan,manual,fluidic 1.4 crdi
maruti sx4,2008,petrol,147332,159999,new delhi,2491,sedan,manual,vxi
maruti ritz,2014,diesel,69662,247799,new delhi,1454,hatchback,manual,ldi
hyundai i10,2010,petrol & cng,121377,173299,new delhi,1517,hatchback,manual,magna 1.2 kappa2
toyota corolla altis,2011,petrol,97839,383199,new delhi,1648,luxury sedan,,1.8 g
hyundai verna,2013,diesel,85197,347999,new delhi,2856,sedan,manual,fluidic 1.4 crdi
maruti baleno,2017,petrol,66020,523599,new delhi,1152,hatchback,manual,alpha 1.2 k12
mahindra xuv500,2017,diesel,35948,1081001,new delhi,2825,luxury suv,,w10 fwd
renault duster,2012,diesel,108018,300799,new delhi,1577,suv,manual,rxl plus diesel 85
maruti swift,2010,petrol & cng,119723,209299,new delhi,1419,hatchback,manual,vxi
mahindra xuv500,2012,diesel,112936,421399,new delhi,2326,luxury suv,manual,w6 4x2
hyundai grand i10,2014,petrol & cng,69436,303199,new delhi,406,hatchback,manual,magna 1.2 kappa vtvt
volkswagen polo,2015,diesel,77103,409099,new delhi,1159,hatchback,manual,highline1.5l diesel
toyota innova crysta,2018,diesel,75149,1489546,new delhi,3375,suv,manual,2.4 vx 8 str
hyundai i10,2013,petrol & cng,79966,261399,new delhi,3489,hatchback,manual,magna 1.1 irde2
honda city,2016,petrol,83764,623899,new delhi,17476,sedan,automatic,sv cvt petrol
ford ecosport,2015,diesel,67599,509899,new delhi,1613,suv,manual,1.5titanium tdci
maruti swift,2019,petrol,359904,517999,new delhi,2155,hatchback,manual,vxi
mahindra xuv500,2012,diesel,100724,421699,new delhi,965,luxury suv,manual,w8 fwd
maruti vitara brezza,2019,diesel,45655,886999,new delhi,889,suv,,zdi+ dual tone amt
honda city,2010,petrol & cng,127811,328499,new delhi,878,sedan,manual,s mt petrol
maruti swift,2013,diesel,109717,310399,new delhi,702,hatchback,manual,vdi
maruti swift,2018,petrol & cng,94628,492299,new delhi,3075,hatchback,automatic,vxi amt
honda amaze,2014,diesel,120936,282099,new delhi,1554,sedan,manual,1.5 emt i dtec
maruti eeco,2016,petrol & cng,107140,259099,new delhi,1044,suv,,5 str with ac plus htr
nissan sunny,2012,petrol,124694,262199,new delhi,1366,sedan,manual,xl petrol
volkswagen polo,2015,petrol,106450,417099,new delhi,2304,hatchback,automatic,gt tsi 1.2 petrol at
hyundai elite i20,2015,diesel,89773,439799,new delhi,1078,hatchback,manual,magna 1.4 crdi
mahindra quanto,2013,diesel,109487,218099,new delhi,1812,suv,manual,c8
skoda laura,2011,diesel,187692,267599,new delhi,3767,luxury sedan,automatic,elegance 2.0 tdi cr at
maruti swift,2008,petrol,137444,163499,new delhi,1531,hatchback,manual,lxi 1.3
chevrolet cruze,2013,diesel,91254,496999,new delhi,6570,luxury sedan,manual,ltz
maruti ciaz,2016,diesel,117271,467799,new delhi,1071,sedan,manual,vdi+ shvs
renault duster,2013,diesel,117200,362499,new delhi,1246,suv,manual,110 ps rxz diesel plus
honda amaze,2013,diesel,109491,282299,new delhi,1119,sedan,manual,1.5 smt i dtec
toyota fortuner,2015,diesel,115431,1561963,new delhi,3405,luxury suv,automatic,3.0 at 4x2
honda amaze,2014,petrol,118303,322299,new delhi,868,sedan,manual,1.2 smt i vtec
toyota fortuner,2015,diesel,94771,1651348,new delhi,2002,luxury suv,automatic,3.0 at 4x4
toyota fortuner,2013,diesel,97330,1018684,new delhi,5637,luxury suv,manual,3.0 mt 4x2
mercedes benz e class,2014,diesel,93852,1560852,new delhi,2851,luxury sedan,manual,e 250 cdi classic
honda city,2010,petrol,186529,282499,new delhi,1328,sedan,manual,v mt petrol
maruti sx4,2012,petrol & cng,210068,194299,new delhi,4710,sedan,manual,vxi cng
isuzu mu-7,2014,diesel,92819,687799,new delhi,3223,luxury suv,manual,high 4x2 mt
mahindra xuv500,2015,diesel,100188,809799,new delhi,1861,luxury suv,manual,w10
toyota corolla altis,2009,petrol,186440,221099,new delhi,1710,luxury sedan,,1.8 g
maruti wagon r 1.0,2013,petrol & cng,206644,239299,new delhi,1086,hatchback,manual,lxi cng
hyundai santa fe,2014,diesel,127205,902099,new delhi,1292,luxury suv,automatic,4wd at
maruti sx4,2012,petrol,125491,239899,new delhi,951,sedan,manual,vxi
toyota fortuner,2012,diesel,66958,1066499,new delhi,2142,luxury suv,manual,3.0 mt 4x4
maruti wagon r 1.0,2013,petrol,127524,226599,new delhi,794,hatchback,manual,lxi
maruti swift,2012,diesel,141954,260499,new delhi,2080,hatchback,manual,vdi
maruti swift,2012,diesel,140967,301099,new delhi,1034,hatchback,manual,zdi
toyota corolla altis,2009,petrol,167705,232799,new delhi,1129,luxury sedan,manual,g
toyota fortuner,2012,diesel,138612,1048176,new delhi,1876,luxury suv,manual,3.0 mt 4x4
hyundai verna,2014,diesel,137989,382099,new delhi,4575,sedan,automatic,fluidic 1.6 crdi sx at
mahindra xuv500,2016,diesel,156533,795199,new delhi,1109,luxury suv,,w10 fwd
toyota fortuner,2013,diesel,132477,1101807,new delhi,2980,luxury suv,automatic,3.0 at 4x2
toyota fortuner,2013,diesel,118203,1104635,new delhi,1216,luxury suv,automatic,3.0 at 4x2
maruti wagon r 1.0,2015,petrol,223583,210199,new delhi,2326,hatchback,manual,lxi
hyundai verna,2013,diesel,39887,381000,new delhi,166,sedan,manual,fluidic 1.6 ex crdi
hyundai i10,2010,petrol,67713,130000,new delhi,325,hatchback,manual,era
chevrolet beat,2013,diesel,85246,125567,new delhi,17,hatchback,manual,ls diesel
ford ecosport,2014,diesel,60198,435000,new delhi,188,suv,manual,1.5titanium tdci
hyundai santro xing,2011,petrol & cng,98873,133815,new delhi,4,hatchback,manual,gls
hyundai creta,2016,diesel,21788,865000,new delhi,62,suv,,1.4 e plus crdi
hyundai verna,2010,petrol,43470,285000,new delhi,278,sedan,manual,i
volkswagen polo,2015,petrol,52108,425000,new delhi,124,hatchback,manual,highline1.2l petrol
honda city,2012,petrol,84063,390000,new delhi,283,sedan,manual,v mt petrol
volkswagen polo,2010,petrol,69613,250000,new delhi,78,hatchback,manual,comfortline 1.2l petrol
maruti swift,2013,diesel,80766,340000,new delhi,75,hatchback,manual,vdi
volkswagen polo,2011,petrol,72705,275000,new delhi,102,hatchback,manual,trendline 1.2l petrol
maruti a star,2012,petrol,67384,260000,new delhi,87,hatchback,automatic,vxi abs at
renault scala,2013,diesel,65674,420000,new delhi,147,sedan,manual,rxz
toyota etios liva,2019,petrol,22570,625000,new delhi,344,hatchback,,vx dual tone
maruti new  wagon-r,2020,petrol & cng,8518,519799,new delhi,5961,,,lxi cng 1.0 l
maruti baleno,2020,petrol,8563,547399,new delhi,981,hatchback,manual,sigma 1.2 k12
hyundai eon,2012,petrol,23981,190899,new delhi,7789,hatchback,manual,d lite plus
datsun redi go,2017,petrol,14559,219999,new delhi,3041,hatchback,manual,t (o)
mahindra tuv300,2016,diesel,99337,625000,new delhi,155,suv,automatic,t8 at
hyundai elite i20,2015,petrol,32048,441799,new delhi,1962,hatchback,manual,magna 1.2
audi a4,2014,diesel,95959,1350000,new delhi,106,luxury sedan,automatic,2.0 tdi 174bhp prm plus
honda amaze,2013,diesel,80246,350000,new delhi,106,sedan,manual,1.5 smt i dtec
maruti swift,2011,petrol & cng,73109,238093,new delhi,157,hatchback,manual,vxi
hyundai grand i10,2017,petrol,27050,406199,new delhi,966,hatchback,manual,magna 1.2 vtvt
maruti alto,2011,petrol,41402,143299,new delhi,2677,hatchback,manual,lxi
honda accord,2010,petrol,103337,375000,new delhi,246,sedan,manual,2.4 mt
honda mobilio,2014,petrol,41962,430699,new delhi,962,suv,manual,1.5 v i vtec
honda civic,2010,petrol,44586,314999,new delhi,2748,sedan,manual,1.8v mt
ford ecosport,2016,petrol & cng,33936,595899,new delhi,4452,suv,manual,1.5 titanium ti vct
ford ecosport,2018,petrol,14253,817099,new delhi,2670,suv,manual,1.5 titanium ti vct
honda amaze,2013,diesel,56121,305699,new delhi,1363,sedan,manual,1.5 smt i dtec
maruti s cross,2020,petrol,7361,908999,new delhi,3028,suv,,zeta shvs petrol
skoda fabia,2011,petrol,50501,201199,new delhi,4417,hatchback,manual,ambiente 1.2 mpi
tata harrier,2019,diesel,25706,1354206,new delhi,4843,suv,,xz 2.0l kryotec
maruti vitara brezza,2019,diesel,8091,907599,new delhi,874,suv,automatic,zdi + amt
toyota corolla altis,2012,petrol,83602,562000,new delhi,255,luxury sedan,manual,g
maruti eeco,2019,petrol & cng,32710,340499,new delhi,2347,suv,manual,7 str
toyota fortuner,2018,diesel,71824,2585899,new delhi,6744,luxury suv,automatic,2.8 4x2 at
maruti swift,2006,petrol,80391,70000,new delhi,431,hatchback,manual,lxi 1.3
maruti celerio,2016,petrol & cng,73995,360999,new delhi,1460,hatchback,manual,vxi cng
renault kwid,2016,petrol,32567,200000,new delhi,567,hatchback,manual,rxt
skoda yeti,2012,diesel,143322,321099,new delhi,3037,luxury suv,manual,ambition 2.0 tdi 4x2
maruti alto,2012,petrol & cng,58120,130000,new delhi,580,hatchback,manual,lxi cng
maruti swift dzire,2013,petrol,39695,0,new delhi,488,sedan,manual,vxi 1.2 bs iv
maruti swift dzire,2013,petrol,39696,0,new delhi,469,sedan,manual,vxi 1.2 bs iv
maruti swift,2009,petrol,135379,150000,new delhi,198,hatchback,manual,lxi 1.3
hyundai santro xing,2006,petrol,114440,55000,new delhi,435,hatchback,manual,xo erlx euro iii
maruti alto,2010,petrol & cng,65252,165000,new delhi,128,hatchback,manual,lxi
maruti wagon r 1.0,2016,petrol & cng,76112,300000,new delhi,631,hatchback,manual,lxi cng
maruti s cross,2016,diesel,36434,650000,new delhi,356,suv,manual,delta 1.3
maruti alto,2010,petrol & cng,78239,150000,new delhi,292,hatchback,manual,lxi
nissan micra,2010,petrol,77761,140000,new delhi,230,hatchback,manual,xl petrol
hyundai grand i10,2015,petrol,55192,0,new delhi,423,hatchback,manual,magna 1.2 vtvt
honda city,2006,petrol,69000,110000,new delhi,137,,,vtec
hyundai santro xing,2007,petrol & cng,104515,41000,new delhi,1429,hatchback,manual,xo erlx euro iii
toyota innova,2011,diesel,148274,427500,new delhi,189,suv,manual,2.5 g4 8 str
hyundai elite i20,2015,petrol,43317,410000,new delhi,253,hatchback,manual,magna 1.2
ford ecosport,2014,diesel,82183,415000,new delhi,177,suv,manual,1.5 trend tdci
hyundai eon,2013,petrol,74079,180000,new delhi,175,hatchback,manual,era plus
maruti dzire,2018,diesel,57022,540000,new delhi,214,sedan,manual,vdi
maruti wagon r,2008,petrol,66173,82000,new delhi,433,hatchback,manual,lxi minor
maruti vitara brezza,2016,diesel,37310,603000,new delhi,251,suv,manual,ldi opt
hyundai grand i10,2017,diesel,48000,350000,new delhi,144,hatchback,manual,magna 1.2 crdi
ford ecosport,2013,diesel,38344,325000,new delhi,431,suv,manual,1.5 trend tdci
honda amaze,2015,petrol & cng,32360,375000,new delhi,326,sedan,manual,1.2 smt i vtec
toyota etios,2011,diesel,132160,275000,new delhi,139,sedan,manual,gd
hyundai grand i10,2014,diesel,70605,280000,new delhi,154,hatchback,manual,asta 1.1 (o) crdi
maruti wagon r,2006,petrol & cng,78551,65000,new delhi,202,hatchback,manual,vxi bs iii
ford fiesta classic,2012,diesel,73035,151000,new delhi,288,sedan,manual,1.4 clxi tdci
chevrolet enjoy,2013,diesel,46576,215000,new delhi,408,suv,manual,1.3 lt 7 str
renault duster,2013,diesel,104133,296000,new delhi,173,suv,manual,85 ps rxe
hyundai eon,2017,petrol,11252,270000,new delhi,420,hatchback,manual,magna plus
hyundai santro xing,2013,petrol,20702,210000,new delhi,249,hatchback,manual,gl plus
maruti zen,2001,petrol,93958,55747,new delhi,235,hatchback,manual,lx
ford ecosport,2018,diesel,5245,950000,new delhi,401,,,1.5 tdci titanium plus
maruti wagon r 1.0,2013,petrol & cng,146152,205000,new delhi,219,hatchback,manual,lxi cng
maruti sx4,2008,petrol,99000,100000,new delhi,754,sedan,manual,zxi
hyundai verna,2010,diesel,129490,90000,new delhi,1048,sedan,manual,vgt crdi sx 1.5
maruti swift,2017,petrol,44045,416000,new delhi,185,hatchback,manual,lxi opt
tata safari,2011,diesel,130982,106000,new delhi,1793,suv,manual,4x2 lx dicor 2.2 vtt
honda city,2009,petrol & cng,73874,180000,new delhi,446,sedan,manual,s mt petrol
hyundai grand i10,2014,diesel,61844,260000,new delhi,311,hatchback,manual,sportz 1.1 crdi
hyundai santro xing,2010,petrol,64050,150000,new delhi,162,hatchback,manual,gls
hyundai i20,2010,petrol,103530,117613,new delhi,522,hatchback,manual,magna 1.2 vtvt
hyundai tucson new,2016,diesel,62677,1350000,new delhi,325,luxury suv,automatic,2wd at gl diesel
maruti wagon r,2002,petrol & cng,135423,33000,new delhi,276,hatchback,manual,lx
maruti swift,2010,petrol & cng,92530,200000,new delhi,109,hatchback,manual,zxi
maruti vitara brezza,2016,diesel,51802,750000,new delhi,129,suv,manual,zdi plus dual tone
toyota etios,2011,petrol,45729,260000,new delhi,150,sedan,manual,g
maruti eeco,2018,petrol & cng,48608,310000,new delhi,157,suv,manual,7 str
maruti alto k10,2014,petrol,29415,280000,new delhi,131,hatchback,manual,vxi
hyundai new elantra,2013,diesel,112334,510000,new delhi,146,luxury sedan,manual,1.6 sx mt
hyundai i10,2009,petrol & cng,69576,145000,new delhi,171,hatchback,manual,magna 1.2
hyundai santro xing,2005,petrol,86673,47000,new delhi,499,hatchback,manual,xo erlx euro ii
hyundai i10,2009,petrol & cng,64978,130000,new delhi,198,hatchback,manual,era 1.1 irde
hyundai santro xing,2004,petrol & cng,164314,35000,new delhi,319,hatchback,manual,xg
hyundai verna,2012,diesel,154868,350000,new delhi,173,sedan,manual,fluidic 1.6 ex crdi
mahindra quanto,2013,diesel,64804,200000,new delhi,315,suv,manual,c4
hyundai santro xing,2005,petrol,74383,120000,new delhi,411,hatchback,manual,xg erlx euro iii
maruti esteem,2005,petrol & cng,8771,40000,new delhi,406,sedan,manual,lxi
hyundai i10,2010,petrol,62017,220000,new delhi,253,hatchback,manual,magna 1.2 kappa2
honda city zx,2007,petrol,77807,100000,new delhi,226,sedan,manual,gxi
hyundai i20,2011,diesel,79493,200000,new delhi,171,hatchback,manual,magna o 1.4 crdi
maruti wagon r 1.0,2015,petrol,23829,270000,new delhi,163,hatchback,manual,vxi
hyundai accent,2010,petrol & cng,137489,125000,new delhi,363,sedan,manual,executive gle
hyundai i20,2012,diesel,61885,270000,new delhi,133,hatchback,manual,sportz 1.4 crdi 6 speed bs iv
ford figo,2010,diesel,66320,85000,new delhi,671,hatchback,manual,1.4 exi duratorq
renault duster,2014,diesel,88748,375000,new delhi,192,suv,manual,85 ps rxl
maruti celerio,2014,petrol,26156,290000,new delhi,182,hatchback,manual,vxi
maruti sx4,2007,petrol & cng,96578,90000,new delhi,184,sedan,manual,zxi
maruti ciaz,2017,petrol & cng,22618,850000,new delhi,1155,sedan,automatic,zeta 1.4 vvt amt
maruti ritz,2011,diesel,123142,200000,new delhi,120,hatchback,manual,ldi
maruti alto 800,2015,petrol,27134,230000,new delhi,153,hatchback,manual,lxi
maruti wagon r 1.0,2011,petrol & cng,102748,135000,new delhi,339,hatchback,manual,vxi
toyota fortuner,2010,diesel,102882,710000,new delhi,403,luxury suv,manual,3.0 mt 4x4
tata indica vista,2010,diesel,61321,90000,new delhi,937,hatchback,manual,aura quadrajet bs iv
maruti sx4,2008,petrol & cng,117269,125000,new delhi,197,sedan,manual,zxi
skoda rapid,2012,diesel,132885,300000,new delhi,181,sedan,manual,1.6 tdi mt ambition
hyundai verna,2011,diesel,126620,300000,new delhi,194,sedan,manual,fluidic 1.6 sx crdi
maruti swift,2005,petrol & cng,11111,70000,new delhi,348,hatchback,manual,vxi 1.3
hyundai grand i10,2014,diesel,98033,300000,new delhi,131,hatchback,manual,sportz 1.1 crdi
tata nano,2010,petrol,38329,41000,new delhi,974,hatchback,manual,lx
bmw 5 series,2010,diesel,104743,800000,new delhi,448,luxury sedan,automatic,520d
volkswagen polo,2011,diesel,80177,180000,new delhi,375,hatchback,manual,trendline 1.2l diesel
maruti swift,2012,diesel,33679,300000,new delhi,201,hatchback,manual,ldi bs iv
maruti wagon r,2005,petrol,118017,45000,new delhi,245,hatchback,manual,lxi
ford ecosport,2014,diesel,37844,550000,new delhi,156,suv,manual,1.5titanium tdci
maruti wagon r,2006,petrol & cng,120827,61000,new delhi,377,hatchback,manual,lxi
honda accord,2007,petrol & cng,91280,180000,new delhi,288,sedan,automatic,2.4 vti l at
hyundai santro xing,2005,petrol & cng,88750,50000,new delhi,216,hatchback,manual,xo erlx euro iii
maruti swift dzire,2014,diesel,91877,380000,new delhi,119,sedan,manual,vdi bs iv
tata indica vista,2009,petrol,62170,80000,new delhi,439,hatchback,manual,aqua safire bs iii
hyundai i10,2008,petrol,34155,130000,new delhi,155,hatchback,manual,era
honda city zx,2007,petrol,184569,150000,new delhi,145,sedan,manual,gxi
honda amaze,2016,petrol & cng,60296,340000,new delhi,454,sedan,manual,1.2 emt i vtec
renault duster,2013,diesel,74195,450000,new delhi,277,suv,manual,rxz diesel 110
toyota innova,2011,diesel,233972,400000,new delhi,223,suv,manual,2.5 g4 7 str
honda amaze,2014,diesel,74925,300000,new delhi,147,sedan,manual,1.5 emt i dtec
hyundai i20,2013,diesel,116868,350000,new delhi,122,hatchback,manual,sportz 1.4 crdi
hyundai santro xing,2005,petrol,100581,65000,new delhi,157,hatchback,manual,xg
maruti ritz,2011,diesel,68351,175000,new delhi,357,hatchback,manual,vdi
hyundai accent,2008,petrol & cng,76226,100000,new delhi,204,sedan,manual,executive gle
hyundai i10,2009,petrol & cng,58274,140000,new delhi,160,hatchback,manual,magna 1.1 irde2
maruti wagon r,2005,petrol,87990,65000,new delhi,219,hatchback,manual,lxi
honda city zx,2007,petrol,94111,99000,new delhi,60,,,1.5 exi
maruti swift dzire,2011,diesel,100919,275000,new delhi,15,sedan,manual,vdi bs iv
hyundai grand i10,2017,petrol,13733,460000,new delhi,163,hatchback,manual,asta 1.2 kappa vtvt
ford figo,2011,diesel,76924,130000,new delhi,320,hatchback,manual,1.4 exi duratorq
hyundai xcent,2014,petrol,108151,300000,new delhi,61,sedan,manual,s 1.2 opt
hyundai santro xing,2005,petrol,229898,35000,new delhi,293,hatchback,manual,xp
hyundai santro xing,2005,petrol,79908,60000,new delhi,200,hatchback,manual,xl erlx euro ii
toyota etios,2012,diesel,153409,310000,new delhi,63,sedan,manual,gd
maruti wagon r 1.0,2010,petrol & cng,104508,155000,new delhi,120,hatchback,manual,lxi cng
hyundai eon,2018,petrol,5360,400000,new delhi,67,hatchback,manual,era plus (o)
maruti wagon r,2007,petrol & cng,94540,100000,new delhi,57,hatchback,manual,lxi minor
honda city,2011,petrol & cng,139756,350000,new delhi,268,sedan,manual,s mt petrol
mahindra xuv500,2012,diesel,84798,435000,new delhi,622,suv,manual,w8 fwd
maruti swift dzire,2012,diesel,41228,360000,new delhi,203,sedan,manual,zdi
maruti swift,2012,diesel,87626,325000,new delhi,67,hatchback,manual,vdi
hyundai santro xing,2008,petrol & cng,59294,125000,new delhi,140,hatchback,manual,gl
maruti swift,2009,petrol & cng,77972,173000,new delhi,114,hatchback,manual,lxi 1.3
hyundai verna,2014,diesel,121137,468000,new delhi,164,sedan,automatic,fluidic 1.6 crdi sx opt at
maruti swift dzire,2014,diesel,55941,475000,new delhi,45,sedan,manual,vdi bs iv
maruti eeco,2013,petrol,29404,225000,new delhi,61,suv,manual,5 str with ac plushtr
maruti swift dzire,2014,petrol,24419,432000,new delhi,141,sedan,manual,vxi 1.2 bs iv
hyundai santro xing,2005,petrol & cng,86869,55000,new delhi,104,hatchback,manual,xl erlx euro iii
maruti eeco,2016,petrol & cng,41002,300000,new delhi,93,suv,manual,5 str cng with ac plushtr
hyundai i10,2013,petrol & cng,60643,250000,new delhi,53,hatchback,manual,magna 1.1 irde2
maruti a star,2009,petrol & cng,81973,90000,new delhi,289,hatchback,manual,vxi
honda amaze,2013,diesel,98812,345000,new delhi,23,sedan,manual,1.5 smt i dtec
ford ecosport,2015,diesel,45955,680000,new delhi,65,suv,manual,1.5titanium tdci
honda amaze,2014,diesel,54854,350000,new delhi,496,sedan,manual,1.5 smt i dtec
hyundai accent,2005,petrol,55310,65000,new delhi,95,sedan,manual,gle
maruti ertiga,2016,diesel,49443,600000,new delhi,248,suv,manual,vdi shvs
mahindra xuv500,2013,diesel,66752,650000,new delhi,126,suv,manual,w8 fwd
hyundai santro xing,2008,petrol & cng,166582,80000,new delhi,104,hatchback,manual,gls
toyota etios liva,2014,diesel,75738,330000,new delhi,132,hatchback,manual,d 4d gd
maruti swift dzire,2014,diesel,76854,340000,new delhi,26,sedan,manual,ldi bs iv
maruti swift,2010,petrol,70893,170000,new delhi,161,hatchback,manual,lxi
toyota corolla altis,2015,diesel,24194,1250000,new delhi,239,luxury sedan,manual,d 4d j
maruti wagon r,2005,petrol,103783,58000,new delhi,65,hatchback,manual,vxi bs iii
maruti swift dzire,2009,diesel,191626,175000,new delhi,136,sedan,manual,ldi
ford fiesta,2007,petrol,95318,100000,new delhi,168,sedan,manual,1.6 sxi abs
maruti swift,2009,petrol,61167,210000,new delhi,48,hatchback,manual,zxi 1.3
honda brio,2015,petrol,14170,361699,mumbai,15681,hatchback,manual,1.2 s mt i vtec
maruti wagon r 1.0,2013,petrol,15534,278299,mumbai,4244,hatchback,manual,vxi
hyundai i10,2012,petrol,39357,292699,mumbai,2006,hatchback,manual,magna 1.2 kappa2
maruti wagon r,2009,petrol,21020,171699,mumbai,3144,hatchback,manual,lxi
hyundai i20,2012,petrol,46859,263499,mumbai,15314,hatchback,manual,sportz 1.2 vtvt
maruti alto k10,2016,petrol,25943,325199,mumbai,1575,hatchback,,vxi amt
hyundai i10,2011,petrol,26755,248499,mumbai,1574,hatchback,automatic,sportz 1.2 at kappa2
hyundai grand i10,2014,petrol,24155,390099,mumbai,1543,hatchback,manual,asta 1.2 kappa vtvt opt
maruti swift,2013,petrol,35746,381299,mumbai,3248,hatchback,manual,zxi
maruti alto k10,2016,petrol,18998,259999,mumbai,1091,hatchback,manual,vxi
maruti alto 800,2012,petrol,16259,216099,mumbai,2677,hatchback,manual,lxi
hyundai grand i10,2014,petrol,35944,401199,mumbai,1335,hatchback,manual,sports 1.2 vtvt
maruti wagon r 1.0,2013,petrol,17240,305399,mumbai,2260,hatchback,manual,vxi
maruti swift dzire,2009,petrol,42533,282199,mumbai,1582,sedan,manual,vxi
maruti alto 800,2014,petrol,31889,211199,mumbai,2492,hatchback,manual,lxi
honda brio,2014,petrol,45701,284599,mumbai,2434,hatchback,manual,1.2 s mt i vtec
honda brio,2012,petrol,19373,334699,mumbai,886,hatchback,manual,1.2 s mt i vtec
hyundai i20 active,2016,petrol,22069,524899,mumbai,5635,hatchback,manual,1.2 s
maruti wagon r 1.0,2013,petrol,17781,316299,mumbai,1343,hatchback,manual,vxi
maruti s presso,2019,petrol,5007,408299,mumbai,4454,hatchback,,vxi (o)
honda brio,2012,petrol,42049,328099,mumbai,516,hatchback,manual,1.2 s mt i vtec
maruti wagon r 1.0,2010,petrol,23333,235599,mumbai,516,hatchback,manual,vxi
maruti wagon r 1.0,2011,petrol,59336,248799,mumbai,1861,hatchback,manual,vxi
maruti wagon r 1.0,2013,petrol,24065,321899,mumbai,112,hatchback,manual,lxi
toyota etios liva,2011,petrol,21763,271399,mumbai,2788,hatchback,manual,g
renault kwid,2016,petrol,13944,290199,mumbai,2537,hatchback,manual,rxt
maruti wagon r 1.0,2013,petrol,39011,296799,mumbai,658,hatchback,manual,vxi
datsun redi go,2016,petrol,21683,222999,mumbai,3424,hatchback,manual,t
hyundai grand i10,2014,petrol,21442,369599,mumbai,2062,hatchback,manual,magna 1.2 kappa vtvt
maruti wagon r 1.0,2015,petrol,16770,350999,mumbai,1126,hatchback,manual,lxi
maruti wagon r 1.0,2011,petrol,25626,255099,mumbai,936,hatchback,manual,vxi
maruti alto 800,2013,petrol,32705,230599,mumbai,852,hatchback,manual,lxi
maruti wagon r 1.0,2014,petrol,31625,307999,mumbai,1228,hatchback,manual,vxi
maruti swift dzire,2013,petrol,28898,416099,mumbai,1509,sedan,manual,vxi 1.2 bs iv
maruti wagon r 1.0,2012,petrol,20712,268399,mumbai,1144,hatchback,manual,lxi
maruti wagon r 1.0,2016,petrol,24767,332999,mumbai,2544,hatchback,manual,vxi
maruti celerio,2014,petrol,18670,364899,mumbai,1520,hatchback,manual,vxi
maruti alto 800,2018,petrol,4343,366899,mumbai,938,hatchback,manual,vxi
hyundai i20,2013,petrol,34741,403199,mumbai,1684,hatchback,manual,asta 1.2
honda brio,2012,petrol,43469,281499,mumbai,1687,hatchback,manual,1.2 s mt i vtec
maruti wagon r 1.0,2012,petrol,44874,291099,mumbai,710,hatchback,manual,vxi
hyundai grand i10,2016,petrol,13349,409399,mumbai,1869,hatchback,manual,sportz 1.2 kappa vtvt
maruti wagon r 1.0,2015,petrol,21236,309899,mumbai,1266,hatchback,manual,lxi
maruti swift dzire,2014,petrol,29887,447999,mumbai,2098,sedan,manual,vxi 1.2 bs iv
hyundai i10,2011,petrol,47607,241399,mumbai,1085,hatchback,manual,magna 1.2 kappa2
hyundai grand i10,2016,petrol,6049,425999,mumbai,1076,hatchback,manual,sports 1.2 vtvt
renault kwid,2017,petrol,21416,334099,mumbai,1177,hatchback,manual,1.0 rxt
honda amaze,2013,petrol,36720,373199,mumbai,236,sedan,manual,1.2 smt i vtec
hyundai grand i10,2016,petrol,14765,436399,mumbai,1038,hatchback,manual,sportz 1.2 kappa vtvt
maruti celerio,2015,petrol,18492,377099,mumbai,1089,hatchback,automatic,vxi amt
honda amaze,2014,petrol,35265,431799,mumbai,1324,sedan,manual,1.2 smt i vtec
renault kwid,2016,petrol,23746,299399,mumbai,3164,hatchback,manual,rxt opt
renault kwid,2016,petrol,17540,304799,mumbai,2740,hatchback,manual,rxt
hyundai verna,2013,petrol,33807,449699,mumbai,1422,sedan,manual,fluidic 1.6 ex vtvt
hyundai i10,2012,petrol,47414,292699,mumbai,1636,hatchback,automatic,sportz 1.2 at kappa2
hyundai grand i10,2017,petrol,29254,480099,mumbai,1597,hatchback,manual,asta 1.2 vtvt
hyundai elite i20,2015,petrol,21896,503599,mumbai,1273,hatchback,manual,sportz (o) 1.2
maruti swift dzire,2012,petrol,53688,383699,mumbai,938,sedan,manual,vxi 1.2 bs iv
hyundai i10,2010,petrol,35952,225599,mumbai,980,hatchback,manual,magna 1.2
maruti wagon r 1.0,2012,petrol,10815,261399,mumbai,1773,hatchback,manual,lxi
renault kwid,2016,petrol,18294,279599,mumbai,1671,hatchback,manual,rxt
maruti baleno,2016,diesel,30452,536699,mumbai,3496,hatchback,manual,delta ddis 190
maruti swift dzire,2012,petrol,45627,375799,mumbai,2043,sedan,manual,vxi 1.2 bs iv
maruti wagon r stingray,2013,petrol,41919,299999,mumbai,1506,hatchback,manual,vxi
honda amaze,2013,petrol,33175,340599,mumbai,3625,sedan,manual,1.2 smt i vtec
honda jazz,2017,petrol,19363,658899,mumbai,1865,hatchback,automatic,1.2 v at
maruti wagon r,2010,petrol,49949,199899,mumbai,3557,hatchback,manual,vxi
maruti alto k10,2018,petrol,15019,368599,mumbai,867,hatchback,,vxi (o) amt
maruti swift,2014,petrol,35965,410799,mumbai,862,hatchback,manual,vxi
hyundai grand i10,2015,petrol,9307,431799,mumbai,656,hatchback,manual,sports 1.2 vtvt
maruti celerio,2014,petrol,37296,327599,mumbai,2264,hatchback,manual,zxi opt
maruti wagon r 1.0,2015,petrol,35484,348399,mumbai,1078,hatchback,automatic,vxi amt
honda brio,2012,petrol,52789,274099,mumbai,1152,hatchback,manual,1.2 s mt i vtec
hyundai i20,2010,petrol,28434,272799,mumbai,4054,hatchback,manual,magna o 1.2
honda brio,2012,petrol,58375,295399,mumbai,388,hatchback,manual,1.2 s mt i vtec
maruti eeco,2011,petrol,55911,226899,mumbai,747,suv,manual,5 str
hyundai grand i10,2014,petrol,42967,379699,mumbai,410,hatchback,manual,sports 1.2 vtvt
hyundai eon,2014,petrol,28385,227499,mumbai,1457,hatchback,manual,era plus
maruti wagon r 1.0,2011,petrol,38254,229699,mumbai,1408,hatchback,manual,lxi
hyundai grand i10,2014,petrol,37891,379299,mumbai,684,hatchback,manual,asta 1.2 kappa vtvt
maruti baleno,2016,petrol,20909,555799,mumbai,854,hatchback,manual,delta 1.2 k12
honda city,2012,petrol,46297,429699,mumbai,2772,sedan,manual,s mt petrol
maruti swift,2010,petrol,33870,249999,mumbai,2931,hatchback,manual,vxi
maruti swift,2014,petrol,37259,409199,mumbai,1067,hatchback,manual,vxi
hyundai grand i10,2015,petrol,46809,366299,mumbai,800,hatchback,manual,sports 1.2 vtvt
renault kwid,2017,petrol,18832,335599,mumbai,964,hatchback,,rxt 1.0 easy-r  at
hyundai i10,2010,petrol,37228,227199,mumbai,1204,hatchback,manual,magna 1.2 kappa2
maruti celerio,2017,petrol,31307,384499,mumbai,1296,hatchback,manual,vxi (o)
renault kwid,2018,petrol,10715,340499,mumbai,1304,hatchback,manual,1.0 rxt opt
maruti swift dzire,2013,petrol,53681,408999,mumbai,1011,sedan,manual,vxi 1.2 bs iv
renault kwid,2016,petrol,34956,293999,mumbai,948,hatchback,manual,rxt
volkswagen polo,2014,petrol,34600,538599,mumbai,2075,hatchback,automatic,gt tsi 1.2 petrol at
maruti wagon r duo,2008,petrol & cng,57791,172699,mumbai,1034,hatchback,manual,lxi lpg
maruti alto k10,2019,petrol,6980,347199,mumbai,1135,hatchback,manual,vxi
hyundai elite i20,2016,petrol,18935,514399,mumbai,1209,hatchback,manual,magna 1.2
maruti swift,2012,petrol,50581,427199,mumbai,599,hatchback,manual,zxi
maruti wagon r 1.0,2011,petrol,78199,218599,mumbai,1299,hatchback,manual,vxi
maruti ignis,2018,petrol,8252,482699,mumbai,1742,hatchback,manual,zeta 1.2 k12
maruti baleno,2016,petrol,38533,520799,mumbai,1660,hatchback,,delta 1.2 k12 at
hyundai i10,2012,petrol,66016,252899,mumbai,1129,hatchback,manual,magna 1.1 irde2
maruti alto 800,2015,petrol,8322,294299,mumbai,386,hatchback,manual,vxi
maruti alto,2019,petrol & cng,20058,434399,mumbai,2012,hatchback,manual,lxi cng
maruti swift dzire,2015,petrol,45897,436499,mumbai,2368,sedan,manual,vxi 1.2 bs iv
maruti dzire,2017,petrol,16362,640799,mumbai,1439,sedan,automatic,vxi amt
hyundai i20,2009,petrol,22897,244299,mumbai,445,hatchback,manual,magna 1.2 vtvt
hyundai elite i20,2017,petrol,8945,650499,mumbai,1006,hatchback,manual,asta 1.2
hyundai xcent,2016,petrol,41980,445999,mumbai,1280,sedan,manual,sx 1.2
maruti dzire,2017,petrol,13460,669699,mumbai,863,sedan,manual,zxi
maruti dzire,2017,diesel,29736,741199,mumbai,902,sedan,manual,vdi
hyundai i20,2014,petrol,23576,424899,mumbai,1483,hatchback,manual,asta 1.2
maruti baleno,2016,petrol,30609,532899,mumbai,951,hatchback,manual,zeta 1.2 k12
maruti alto,2009,petrol,32330,150999,mumbai,1240,hatchback,manual,xcite
honda city,2012,petrol,83929,363699,mumbai,1574,sedan,manual,s mt petrol
hyundai grand i10,2013,petrol,54173,324599,mumbai,982,hatchback,manual,magna 1.2 vtvt
maruti celerio,2014,petrol,51026,347599,mumbai,1046,hatchback,automatic,vxi amt
maruti wagon r 1.0,2016,petrol,46132,360099,mumbai,1067,hatchback,automatic,vxi amt
hyundai verna,2013,petrol,71880,429499,mumbai,2607,sedan,automatic,fluidic 1.6 sx vtvt opt at
hyundai i20 active,2016,petrol,41282,531999,mumbai,1294,hatchback,manual,1.2 s
maruti swift,2013,petrol,53390,397799,mumbai,1147,hatchback,manual,vxi
ford ecosport,2017,petrol,16856,828799,mumbai,1831,suv,,1.5 titanium plus ti vct at
maruti swift,2015,petrol,67138,402399,mumbai,1311,hatchback,manual,vxi
toyota glanza,2019,petrol,5135,742699,mumbai,2346,hatchback,,g cvt
maruti baleno,2018,petrol,13931,630599,mumbai,1046,hatchback,manual,alpha 1.2 k12
maruti swift,2011,petrol,34524,306499,mumbai,3145,hatchback,manual,lxi
maruti swift dzire,2014,petrol,56556,415999,mumbai,1670,sedan,automatic,vxi amt
hyundai elite i20,2014,petrol,49658,467699,mumbai,1164,hatchback,manual,asta 1.2
maruti alto k10,2011,petrol,47057,209099,mumbai,560,hatchback,manual,vxi
maruti ciaz,2017,diesel,33319,701999,mumbai,602,sedan,manual,zeta 1.3 ddis shvs
honda amaze,2019,petrol,8277,689099,mumbai,3146,sedan,manual,1.2 vxmt i vtec
renault kwid,2016,petrol,41634,283799,mumbai,1847,hatchback,manual,rxt opt
maruti baleno,2018,petrol,6327,748699,mumbai,1130,hatchback,automatic,zeta 1.2 k12 amt
maruti alto 800,2014,petrol,63776,221899,mumbai,791,hatchback,manual,lxi
hyundai new santro,2019,petrol,7658,528199,mumbai,1229,,,1.1 sports amt
maruti wagon r 1.0,2014,petrol & cng,52984,300299,mumbai,2893,hatchback,manual,lxi cng
hyundai grand i10,2016,diesel,54873,506399,mumbai,1013,hatchback,manual,asta 1.1 crdi
hyundai xcent,2014,petrol,46776,402599,mumbai,441,sedan,manual,s 1.2
maruti wagon r 1.0,2015,petrol & cng,65777,337399,mumbai,320,hatchback,manual,lxi cng
maruti swift,2014,petrol,58732,380099,mumbai,1231,hatchback,manual,vxi
maruti alto k10,2015,petrol,50666,275099,mumbai,805,hatchback,,vxi amt
maruti wagon r 1.0,2014,petrol,56827,333799,mumbai,326,hatchback,manual,vxi
maruti wagon r 1.0,2010,petrol,63741,209599,mumbai,935,hatchback,manual,lxi
ford figo aspire,2018,petrol,8051,604099,mumbai,1889,sedan,,1.2 trend+ petrol
maruti ertiga,2018,petrol,3349,761699,mumbai,5131,suv,manual,vxi abs
honda city,2017,petrol,14157,709299,mumbai,2437,sedan,manual,sv mt petrol
hyundai grand i10,2017,petrol,85389,461899,mumbai,1654,hatchback,,sportz (o) 1.2 at vtvt
hyundai i10,2009,petrol,58018,194499,mumbai,1611,hatchback,manual,sportz 1.2
honda amaze,2013,petrol,73961,379499,mumbai,704,sedan,manual,1.2 smt i vtec
honda city,2011,petrol,78578,317599,mumbai,1393,sedan,manual,v mt petrol
maruti baleno,2016,petrol,41876,696899,mumbai,498,hatchback,,zeta 1.2 k12 cvt
maruti swift,2012,diesel,81626,398399,mumbai,589,hatchback,manual,vdi
honda city,2012,petrol,68951,403499,mumbai,1479,sedan,automatic,v at
honda wr-v,2018,diesel,37639,863499,mumbai,1168,suv,manual,1.5 i-dtec vx mt
honda city,2009,petrol,67524,242999,mumbai,3007,sedan,manual,s mt petrol
maruti wagon r 1.0,2014,petrol & cng,56607,341499,mumbai,1149,hatchback,manual,lxi cng
maruti alto 800,2012,petrol,68344,207199,mumbai,1013,hatchback,manual,lxi
hyundai i20,2012,petrol,68981,305699,mumbai,1125,hatchback,manual,asta 1.2
maruti swift dzire,2013,diesel,61542,439999,mumbai,1176,sedan,manual,vdi bs iv
maruti swift dzire,2012,diesel,70192,403999,mumbai,1701,sedan,manual,vdi bs iv
honda brio,2015,petrol,62946,329299,mumbai,762,hatchback,manual,1.2 s mt i vtec
maruti swift,2018,diesel,25839,715899,mumbai,3800,hatchback,automatic,zdi amt
hyundai elite i20,2017,petrol,35045,576499,mumbai,1097,hatchback,manual,asta 1.2
maruti ertiga,2017,diesel,59847,724399,mumbai,1662,suv,manual,vdi shvs
maruti swift dzire,2013,diesel,59961,487699,mumbai,732,sedan,manual,vdi
maruti alto 800,2014,petrol & cng,65028,232899,mumbai,1890,hatchback,manual,lxi cng
toyota etios liva,2011,petrol,80291,263599,mumbai,1186,hatchback,manual,g
honda jazz,2010,petrol,69317,268599,mumbai,889,hatchback,manual,1.2 base i vtec
honda brio,2012,petrol,87755,258799,mumbai,820,hatchback,manual,1.2 s mt i vtec
toyota etios,2011,petrol,90883,278999,mumbai,1720,sedan,manual,v
maruti ciaz,2014,diesel,63967,572999,mumbai,1148,sedan,manual,zdi
volkswagen vento,2015,petrol,73924,456599,mumbai,1328,sedan,,highline 1.2 tsi at
maruti alto,2009,petrol,63454,145599,mumbai,1114,hatchback,manual,lxi
tata nexon,2019,petrol,9329,917899,mumbai,2407,suv,automatic,xza + 1.2 petrol a/t
honda city,2008,petrol,71388,264399,mumbai,4603,sedan,manual,s mt petrol
maruti alto,2009,petrol,70458,147699,mumbai,1602,hatchback,manual,lxi
toyota corolla altis,2011,diesel,78074,422599,mumbai,1783,luxury sedan,manual,d 4d g
maruti swift dzire,2013,diesel,75476,456299,mumbai,617,sedan,manual,vdi bs iv
maruti swift,2008,diesel,72604,234799,mumbai,1945,hatchback,manual,vdi
toyota yaris,2018,petrol,26989,808199,mumbai,1975,sedan,,j cvt
maruti wagon r 1.0,2010,petrol,81341,243699,mumbai,342,hatchback,manual,vxi
honda brio,2014,petrol,70915,333899,mumbai,522,hatchback,manual,1.2 vx mt i vtec
tata nexon,2019,diesel,17745,827999,mumbai,3572,suv,,xma 1.5
maruti alto 800,2012,petrol,70050,233699,mumbai,369,hatchback,manual,lxi
maruti vitara brezza,2018,diesel,30301,923699,mumbai,569,suv,,zdi+ dual tone amt
maruti ciaz,2018,petrol,30699,875399,mumbai,1324,sedan,automatic,zeta 1.4 vvt amt
maruti wagon r 1.0,2012,petrol & cng,101287,271899,mumbai,1064,hatchback,manual,lxi cng
maruti baleno,2017,diesel,43828,606699,mumbai,1333,hatchback,manual,alpha ddis 190
datsun redi go,2017,petrol,57289,261999,mumbai,840,hatchback,manual,t (o)
hyundai verna,2012,petrol,102433,421799,mumbai,676,sedan,manual,fluidic 1.6 ex vtvt
honda city,2011,petrol,88596,334999,mumbai,996,sedan,manual,v mt petrol
maruti vitara brezza,2018,diesel,37344,878899,mumbai,1672,suv,automatic,zdi amt
tata hexa,2017,diesel,30705,1311988,mumbai,839,suv,automatic,varicor 400 xta
maruti swift dzire,2013,diesel,74265,464499,mumbai,523,sedan,manual,vdi bs iv
hyundai i20,2012,petrol,105992,316299,mumbai,826,hatchback,manual,sportz 1.2 vtvt
maruti swift dzire,2008,petrol,122440,199799,mumbai,5882,sedan,manual,vxi 1.3
maruti celerio,2017,petrol,64132,432699,mumbai,601,hatchback,automatic,zxi abs amt
hyundai i20,2014,diesel,71057,469899,mumbai,1040,hatchback,manual,sportz 1.4 crdi
maruti swift dzire,2010,diesel,197455,277099,mumbai,330,sedan,manual,vdi bs iv
maruti swift dzire,2011,diesel,105059,299299,mumbai,1550,sedan,manual,vdi bs iv
hyundai verna,2011,diesel,129017,384299,mumbai,2137,sedan,manual,fluidic 1.6 sx crdi opt
maruti swift dzire,2014,diesel,87333,514799,mumbai,401,sedan,manual,vdi bs iv
maruti baleno,2017,petrol,56095,533599,mumbai,557,hatchback,manual,delta 1.2 k12
hyundai creta,2016,petrol,22041,1025956,mumbai,1053,suv,automatic,1.6 sx plus auto petrol
maruti ciaz,2014,petrol,69308,473699,mumbai,2788,sedan,manual,vxi
hyundai i10,2011,petrol,120090,207499,mumbai,971,hatchback,manual,magna 1.2 kappa2
maruti swift,2009,petrol,95741,232599,mumbai,851,hatchback,manual,vxi
maruti swift dzire,2017,diesel,62638,660599,mumbai,2066,sedan,automatic,zdi amt
maruti baleno,2015,petrol,83792,525199,mumbai,614,hatchback,manual,alpha 1.2 k12
skoda superb,2016,petrol,37870,1403494,mumbai,2834,luxury sedan,automatic,1.8 tsi style at
toyota etios,2011,petrol,107845,285999,mumbai,859,sedan,manual,g
mahindra xuv500,2015,diesel,93753,758099,mumbai,1502,luxury suv,manual,w8 fwd
maruti baleno,2016,petrol,62591,519499,mumbai,886,hatchback,manual,delta 1.2 k12
mahindra xuv500,2018,diesel,59502,1596606,mumbai,4884,luxury suv,,w11 at
hyundai elite i20,2015,petrol,116206,422999,mumbai,919,hatchback,manual,sportz 1.2
hyundai i10,2012,petrol,69848,342699,mumbai,811,hatchback,automatic,sportz 1.2 at kappa2
toyota etios,2012,diesel,91003,370999,mumbai,1112,sedan,manual,vd
maruti swift,2012,diesel,91857,379999,mumbai,841,hatchback,manual,vdi
skoda superb,2016,diesel,45828,1917988,mumbai,2560,luxury sedan,automatic,2.0 tdi cr lk at
maruti vitara brezza,2016,diesel,64886,617399,mumbai,1216,suv,manual,ldi
maruti swift,2011,diesel,100554,323799,mumbai,1283,hatchback,manual,vdi
maruti baleno,2016,diesel,81293,660299,mumbai,553,hatchback,manual,alpha ddis 190
maruti swift dzire,2012,diesel,102656,421599,mumbai,492,sedan,manual,zdi
hyundai i20,2011,diesel,105125,303799,mumbai,2363,hatchback,manual,asta 1.4 crdi
renault duster,2014,diesel,86253,521299,mumbai,835,suv,manual,85 ps rxe
maruti alto,2010,petrol,112961,142599,mumbai,2490,hatchback,manual,lxi
maruti wagon r 1.0,2010,petrol,93112,212899,mumbai,545,hatchback,manual,vxi
maruti wagon r 1.0,2010,petrol,102987,262299,mumbai,209,hatchback,manual,vxi
renault duster,2012,diesel,96911,425199,mumbai,1073,suv,manual,85 ps rxl
maruti wagon r 1.0,2014,petrol & cng,88615,346499,mumbai,573,hatchback,manual,lxi cng
hyundai i20,2013,diesel,101287,355999,mumbai,1020,hatchback,manual,sportz 1.4 crdi
maruti ritz,2013,diesel,95810,306699,mumbai,1180,hatchback,manual,zdi
toyota corolla altis,2015,petrol,50867,919899,mumbai,1663,luxury sedan,automatic,vl at
maruti wagon r 1.0,2014,petrol & cng,96335,283599,mumbai,2087,hatchback,manual,lxi cng
mahindra xuv500,2015,diesel,86203,790699,mumbai,3528,luxury suv,manual,w8 fwd
maruti wagon r 1.0,2015,petrol & cng,106944,310399,mumbai,1064,hatchback,manual,lxi cng
toyota innova,2010,diesel,135985,529399,mumbai,2008,suv,manual,2.5 v 7str
honda city,2015,petrol,96336,603299,mumbai,545,sedan,manual,vx mt petrol
mahindra xuv500,2014,diesel,84226,681699,mumbai,1967,luxury suv,manual,w8 fwd
maruti swift dzire,2010,diesel,148367,295999,mumbai,2046,sedan,manual,vdi
maruti swift,2009,diesel,163408,256799,mumbai,1317,hatchback,manual,vdi
maruti wagon r 1.0,2010,petrol,210074,199299,mumbai,1996,hatchback,manual,lxi
honda city,2009,petrol,110210,239799,mumbai,1372,sedan,manual,s mt petrol
maruti ritz,2011,diesel,143702,219399,mumbai,844,hatchback,manual,ldi
mercedes benz c class,2014,diesel,83460,1308049,mumbai,5198,luxury sedan,automatic,c220 cdi grand edition
toyota corolla altis,2016,petrol,90509,974999,mumbai,1767,luxury sedan,automatic,vl at
maruti swift,2013,diesel,128399,373999,mumbai,763,hatchback,manual,vdi
maruti ertiga,2013,diesel,156564,548999,mumbai,1538,suv,manual,zdi
renault duster,2013,diesel,118398,436599,mumbai,770,suv,manual,85 ps rxl
honda amaze,2013,diesel,116584,306599,mumbai,1049,sedan,manual,1.5 smt i dtec
maruti wagon r 1.0,2013,petrol & cng,89130,275799,mumbai,840,hatchback,manual,lxi
ford ecosport,2014,diesel,102818,514599,mumbai,1478,suv,manual,1.5 titaniumtdci opt
ford ecosport,2014,diesel,145347,454199,mumbai,914,suv,manual,1.5 ambiente tdci
maruti swift dzire,2013,petrol,169893,399899,mumbai,363,sedan,manual,vxi 1.2 bs iv
honda amaze,2015,petrol,162610,344099,mumbai,1018,sedan,manual,1.2 exmt i vtec
honda amaze,2013,diesel,198155,304299,mumbai,1419,sedan,manual,1.5 vxmt i dtec
maruti ciaz,2016,diesel,141441,553999,mumbai,918,sedan,manual,vdi+ shvs
maruti swift,2011,diesel,156138,360699,mumbai,1162,hatchback,manual,vdi
maruti sx4,2009,petrol,119625,203399,mumbai,1007,sedan,manual,vxi
toyota fortuner,2012,diesel,172356,1019189,mumbai,4037,luxury suv,automatic,3.0 at 4x2
toyota innova,2008,diesel,270002,383499,mumbai,3246,suv,,2.5 g3 8 str
maruti swift,2014,diesel,143871,429499,mumbai,977,hatchback,manual,zdi
renault duster,2013,diesel,228190,388899,mumbai,1899,suv,manual,rxz diesel 110
toyota innova,2014,diesel,121994,967899,mumbai,1170,suv,manual,2.5 vx 8 str bs iv
tata tigor,2018,petrol,16715,574599,mumbai,3091,sedan,manual,revotron xt
hyundai verna,2012,petrol,27642,337399,mumbai,12433,sedan,manual,fluidic 1.6 sx vtvt
toyota corolla altis,2008,petrol,38192,239699,mumbai,6801,luxury sedan,,1.8 g
maruti alto,2012,petrol & cng,26760,180999,mumbai,4566,hatchback,manual,lxi cng
maruti celerio,2014,petrol,22957,358499,mumbai,3222,hatchback,manual,vxi
maruti swift dzire,2013,diesel,53675,494199,mumbai,1194,sedan,manual,vdi bs iv
maruti ritz,2010,petrol,27565,194199,mumbai,3145,hatchback,manual,vxi bs iv
maruti wagon r 1.0,2014,petrol,32498,281499,mumbai,2144,hatchback,manual,vxi
honda amaze,2014,petrol,24048,456599,mumbai,604,sedan,manual,1.2 smt i vtec
maruti celerio,2014,petrol,15206,372399,mumbai,428,hatchback,manual,vxi
hyundai elite i20,2017,petrol,16723,612599,mumbai,1832,hatchback,manual,sportz 1.2
tata nano,2015,petrol,14562,182499,mumbai,3474,hatchback,automatic,twist xta
renault kwid,2017,petrol,18596,366499,mumbai,1413,hatchback,,climber 1.0 at
toyota etios,2011,petrol,37505,256999,mumbai,2108,sedan,manual,vx
maruti wagon r 1.0,2013,petrol,13688,344699,mumbai,629,hatchback,manual,lxi
maruti swift dzire,2008,petrol,16352,241599,mumbai,743,sedan,manual,vxi 1.3
hyundai xcent,2015,petrol,26161,414299,mumbai,3017,sedan,automatic,sx at 1.2 opt
honda brio,2013,petrol,20609,332599,mumbai,717,hatchback,manual,1.2 s mt i vtec
maruti wagon r 1.0,2015,petrol,9357,354699,mumbai,556,hatchback,manual,vxi
maruti wagon r 1.0,2012,petrol,39652,272199,mumbai,3,hatchback,manual,vxi
hyundai eon,2013,petrol,32158,194299,mumbai,4845,hatchback,manual,d lite
maruti celerio,2015,petrol,14830,353899,mumbai,1355,hatchback,manual,vxi
maruti wagon r 1.0,2015,petrol,9622,376399,mumbai,563,hatchback,manual,vxi
renault kwid,2016,petrol,20275,326099,mumbai,917,hatchback,automatic,rxt 1.0 easy-r at option
maruti eeco,2017,petrol,20010,377199,mumbai,1563,suv,manual,5 str with ac plushtr
maruti swift,2014,petrol,38472,446199,mumbai,1208,hatchback,manual,zxi
tata tiago,2017,petrol,12163,379299,mumbai,4572,hatchback,manual,xt 1.2 revotron
maruti a star,2010,petrol,35171,206499,mumbai,246,hatchback,manual,vxi
hyundai i10,2008,petrol,36860,178299,mumbai,1719,hatchback,manual,magna
hyundai xcent,2014,petrol,34682,442399,mumbai,985,sedan,manual,sx 1.2 opt
maruti alto k10,2016,petrol,10523,345199,mumbai,484,hatchback,,vxi amt
maruti celerio,2017,petrol,26428,418799,mumbai,1544,hatchback,manual,zxi
renault kwid,2019,petrol,6966,421399,mumbai,966,hatchback,,climber 1.0 at
maruti swift,2014,petrol,15788,417299,mumbai,815,hatchback,manual,vxi
chevrolet beat,2011,petrol,26331,186599,mumbai,2835,hatchback,manual,ls petrol
honda amaze,2013,petrol & cng,54581,391299,mumbai,3099,sedan,manual,1.2 smt i vtec
toyota etios liva,2015,petrol,29837,347099,mumbai,1298,hatchback,manual,g
honda amaze,2013,petrol,44929,391999,mumbai,341,sedan,manual,1.2 smt i vtec
maruti swift dzire,2012,diesel,50082,445199,mumbai,90,sedan,manual,vdi bs iv
maruti a star,2010,petrol,18469,224699,mumbai,254,hatchback,manual,lxi
maruti swift dzire,2011,petrol,49337,316099,mumbai,571,sedan,manual,vxi 1.2 bs iv
hyundai santro xing,2011,petrol,19908,200599,mumbai,832,hatchback,manual,gls
hyundai i10,2011,petrol,19167,245899,mumbai,810,hatchback,manual,sportz 1.2 kappa2
maruti ritz,2010,petrol,38621,205799,mumbai,967,hatchback,manual,lxi
volkswagen ameo,2016,petrol,30653,511599,mumbai,1142,sedan,manual,highline 1.2
volkswagen polo,2013,petrol,21404,327699,mumbai,1770,hatchback,manual,comfortline 1.2l petrol
hyundai i20,2011,petrol,47405,286699,mumbai,1052,hatchback,manual,asta 1.2
hyundai grand i10,2014,petrol,18534,354399,mumbai,720,hatchback,manual,sportz 1.2 kappa vtvt
maruti celerio,2016,petrol,32156,419799,mumbai,590,hatchback,automatic,zxi opt amt
maruti wagon r 1.0,2015,petrol,30131,351099,mumbai,552,hatchback,manual,vxi
maruti celerio,2015,petrol,15756,405799,mumbai,604,hatchback,automatic,vxi amt
datsun redi go,2017,petrol,14152,274399,mumbai,723,hatchback,manual,t (o)
hyundai i10,2012,petrol,25939,281299,mumbai,535,hatchback,manual,sportz 1.2 kappa2
maruti swift,2013,petrol,27753,365799,mumbai,646,hatchback,manual,vxi
maruti swift,2014,petrol,25224,402699,mumbai,674,hatchback,manual,vxi
maruti wagon r 1.0,2012,petrol,48921,283199,mumbai,405,hatchback,manual,lxi
honda brio,2012,petrol,13567,326699,mumbai,385,hatchback,manual,1.2 s mt i vtec
hyundai aura,2020,diesel,2963,894799,mumbai,3863,sedan,,sx o mt 1.2 diesel
hyundai eon,2017,petrol,16206,286399,mumbai,1471,hatchback,manual,magna plus optional
honda amaze,2013,petrol,14671,402999,mumbai,97,sedan,manual,1.2 exmt i vtec
maruti swift,2014,petrol,28344,413899,mumbai,380,hatchback,manual,vxi
hyundai elite i20,2017,petrol,23132,595199,mumbai,812,hatchback,manual,sportz 1.2
toyota etios,2012,petrol,27469,280899,mumbai,1224,sedan,manual,g sp
hyundai i20,2011,petrol,54065,298999,mumbai,716,hatchback,manual,magna o 1.2
maruti swift,2013,petrol,38081,368199,mumbai,733,hatchback,manual,vxi
maruti alto k10,2018,petrol,6082,365299,mumbai,467,hatchback,manual,vxi
maruti swift dzire,2010,petrol,27071,316199,mumbai,778,sedan,manual,vxi 1.3
hyundai i20,2011,petrol,43844,251499,mumbai,1064,hatchback,manual,magna o 1.2
maruti wagon r 1.0,2011,petrol,18514,282699,mumbai,660,hatchback,manual,vxi
hyundai grand i10,2014,petrol,22136,403999,mumbai,569,hatchback,manual,asta 1.2 kappa vtvt
maruti a star,2011,petrol,45185,186899,mumbai,1282,hatchback,automatic,vxi abs at
maruti wagon r 1.0,2014,petrol,6858,384699,mumbai,49,hatchback,manual,vxi
hyundai i20,2011,petrol,38262,278399,mumbai,1114,hatchback,manual,asta 1.2
hyundai grand i10,2017,petrol,18321,445899,mumbai,384,hatchback,manual,magna 1.2 kappa vtvt
maruti wagon r 1.0,2015,petrol & cng,22130,392999,mumbai,480,hatchback,,lxi cng avance limited edition
maruti alto 800,2017,petrol,11934,298799,mumbai,222,hatchback,manual,lxi
maruti wagon r 1.0,2012,petrol,25748,283899,mumbai,463,hatchback,manual,vxi
renault kwid,2020,petrol,4989,403099,mumbai,696,hatchback,manual,rxl
maruti swift,2017,petrol,9825,551499,mumbai,287,hatchback,manual,vxi opt
honda mobilio,2015,petrol,30030,497499,mumbai,2509,suv,manual,1.5 v i vtec
hyundai i20,2013,petrol,18620,424199,mumbai,517,hatchback,manual,sportz 1.2 vtvt
mahindra kuv100,2016,diesel,10986,441199,mumbai,2277,suv,manual,k6+ d 6 str
maruti baleno,2017,petrol,27971,548999,mumbai,457,hatchback,manual,delta 1.2 k12
hyundai grand i10,2015,petrol,27165,423599,mumbai,417,hatchback,manual,asta 1.2 (o) vtvt
hyundai grand i10,2018,petrol,7797,621699,mumbai,1439,hatchback,automatic,sportz at 1.2 kappa vtvt
maruti swift,2013,petrol,50633,359599,mumbai,463,hatchback,manual,vxi
hyundai grand i10,2014,petrol,36541,378499,mumbai,865,hatchback,manual,asta 1.2 vtvt
maruti baleno,2016,petrol,16317,570699,mumbai,1209,hatchback,manual,alpha 1.2 k12
maruti wagon r 1.0,2012,petrol,24255,287699,mumbai,439,hatchback,manual,vxi
hyundai i20,2011,petrol,29959,371599,mumbai,194,hatchback,manual,sportz 1.2 o
honda brio,2012,petrol,22938,265099,mumbai,330,hatchback,manual,1.2 e mt i vtec
hyundai i20,2011,petrol,59371,283499,mumbai,139,hatchback,manual,asta 1.2
ford ecosport,2013,petrol,21644,423499,mumbai,2026,suv,manual,1.0 ecoboost titanium opt
honda jazz,2011,petrol,53465,289499,mumbai,1366,hatchback,manual,1.2 select i vtec
maruti ritz,2010,petrol,32552,245999,mumbai,242,hatchback,manual,vxi bs iv
hyundai i10,2011,petrol,39413,263799,mumbai,431,hatchback,manual,magna 1.2 kappa2
hyundai i10,2010,petrol,28925,233299,mumbai,416,hatchback,manual,sportz 1.2 kappa2
toyota etios,2015,petrol,33015,429599,mumbai,2586,sedan,manual,cross 1.5 v
hyundai i20,2012,petrol,37356,369599,mumbai,482,hatchback,manual,asta 1.2
hyundai i20,2011,petrol & cng,38993,316399,mumbai,2279,hatchback,manual,sportz 1.2 o
hyundai grand i10,2014,petrol,38327,379999,mumbai,565,hatchback,manual,asta at 1.2 kappa vtvt
maruti alto 800,2016,petrol,19176,302099,mumbai,237,hatchback,manual,vxi
mahindra tuv300,2016,diesel,35372,588299,mumbai,2141,suv,automatic,t8 at
renault kwid,2017,petrol,23296,381099,mumbai,713,hatchback,automatic,rxt 1.0 easy-r at option
maruti swift dzire,2016,petrol,21159,487799,mumbai,1451,sedan,manual,vxi 1.2 bs iv
maruti wagon r 1.0,2014,petrol & cng,42515,331199,mumbai,553,hatchback,manual,lxi cng
kia seltos,2020,petrol,2787,1904656,mumbai,3003,,,gtx + at petrol
kia seltos,2020,petrol,2863,1911726,mumbai,2147,,,gtx + at petrol
hyundai eon,2016,petrol,21303,303099,mumbai,857,hatchback,manual,sportz
maruti alto k10,2016,petrol,15395,346599,mumbai,67,hatchback,,vxi amt
hyundai i20,2013,petrol,41719,360399,mumbai,760,hatchback,manual,sportz 1.2 vtvt
chevrolet cruze,2011,diesel,54996,352699,mumbai,6913,luxury sedan,manual,ltz
honda city,2013,petrol,50542,401699,mumbai,728,sedan,manual,v mt petrol
renault kwid,2016,petrol,16887,307099,mumbai,1122,hatchback,manual,rxt opt
maruti alto k10,2011,petrol,43815,187899,mumbai,420,hatchback,manual,lxi
maruti alto 800,2017,petrol,20192,313199,mumbai,201,hatchback,manual,lxi
maruti wagon r 1.0,2014,petrol & cng,36661,341299,mumbai,1053,hatchback,manual,lxi cng
maruti celerio,2017,petrol,28928,456399,mumbai,385,hatchback,automatic,zxi amt
honda amaze,2013,petrol,53411,366299,mumbai,966,sedan,manual,1.2 smt i vtec
datsun redi go,2017,petrol,22918,259399,mumbai,5474,hatchback,manual,t (o)
honda amaze,2013,petrol,45594,377999,mumbai,517,sedan,manual,1.2 smt i vtec
hyundai grand i10,2014,petrol,25150,423599,mumbai,319,hatchback,manual,sports 1.2 vtvt
hyundai grand i10,2015,petrol,10438,517899,mumbai,336,hatchback,automatic,asta 1.2 at vtvt
ford ecosport,2014,petrol,24887,496199,mumbai,2054,suv,manual,1.5 trend ti vct
volkswagen vento,2011,petrol,31578,331999,mumbai,1166,sedan,manual,trendline petrol
maruti eeco,2019,petrol & cng,12869,498799,mumbai,1286,suv,manual,5 str cng with ac plushtr
hyundai eon,2013,petrol,23092,215999,mumbai,750,hatchback,manual,era plus
renault duster,2015,diesel,39053,568599,mumbai,871,suv,manual,85 ps rxl
maruti ciaz,2015,petrol,54699,556799,mumbai,955,sedan,manual,zxi
maruti alto k10,2013,petrol,49492,200099,mumbai,725,hatchback,,vxi musik edition
hyundai elite i20,2017,petrol,19561,505299,mumbai,596,hatchback,manual,magna executive 1.2
maruti swift dzire,2015,petrol,29683,503899,mumbai,928,sedan,manual,vxi 1.2 bs iv
maruti dzire,2018,petrol,8604,668899,mumbai,1034,sedan,manual,vxi
honda accord,2012,petrol,50884,442499,mumbai,2426,sedan,manual,2.4 mt
maruti swift,2014,petrol,43680,387699,mumbai,636,hatchback,manual,vxi
maruti ignis,2017,petrol,29912,453599,mumbai,666,hatchback,manual,delta 1.2 k12
maruti ritz,2011,petrol,33412,277399,mumbai,269,hatchback,manual,lxi
maruti wagon r 1.0,2015,petrol,42102,320999,mumbai,425,hatchback,manual,lxi
honda amaze,2013,petrol,47239,405699,mumbai,176,sedan,manual,1.2 smt i vtec
hyundai i20,2013,petrol,45525,377999,mumbai,2020,hatchback,manual,sportz 1.2 vtvt
maruti alto k10,2010,petrol,50742,176599,mumbai,636,hatchback,manual,vxi
maruti baleno,2016,petrol,40039,635099,mumbai,720,hatchback,,zeta 1.2 k12 cvt
maruti wagon r,2010,petrol,33318,250799,mumbai,524,hatchback,manual,vxi
maruti zen estilo,2010,petrol,37030,192399,mumbai,960,hatchback,manual,vxi
hyundai verna,2011,petrol,41717,447699,mumbai,767,sedan,automatic,fluidic 1.6 sx vtvt opt at
nissan terrano,2014,diesel,54066,513299,mumbai,1673,suv,manual,xl plus 85 ps deisel
hyundai xcent,2014,petrol,35555,416899,mumbai,386,sedan,manual,s 1.2 opt
hyundai verna,2014,petrol,33135,537499,mumbai,1875,sedan,automatic,fluidic 1.6 vtvt sx at
maruti wagon r 1.0,2011,petrol,36253,284099,mumbai,506,hatchback,manual,vxi
honda amaze,2014,petrol,49724,419499,mumbai,219,sedan,manual,1.2 smt i vtec
maruti celerio,2016,petrol,26772,423699,mumbai,2413,hatchback,automatic,zxi amt
maruti baleno,2015,diesel,41346,570399,mumbai,38,hatchback,manual,alpha ddis 190
maruti swift dzire,2012,diesel,53886,476899,mumbai,608,sedan,manual,vdi bs iv
hyundai i10,2013,petrol,39040,320399,mumbai,225,hatchback,manual,magna 1.2 kappa2
hyundai i20,2012,petrol,67520,304199,mumbai,77,hatchback,manual,sportz 1.2 vtvt
hyundai i20,2010,petrol,43369,251199,mumbai,1535,hatchback,manual,magna o 1.2
ford figo,2012,diesel,47535,316499,mumbai,1140,hatchback,manual,1.4 titanium duratorq
maruti wagon r 1.0,2010,petrol,44261,252599,mumbai,339,hatchback,manual,vxi
hyundai i10,2011,petrol,23073,259999,mumbai,428,hatchback,automatic,sportz 1.2 at kappa2
toyota etios,2011,petrol,48910,343299,mumbai,506,sedan,manual,g
hyundai i20,2011,petrol,43124,350199,mumbai,421,hatchback,manual,sportz 1.2 o
hyundai i10,2011,petrol,43411,256399,mumbai,332,hatchback,manual,magna 1.2 kappa2
hyundai i20,2012,petrol,26709,350799,mumbai,542,hatchback,manual,magna o 1.2
honda city,2012,petrol,49238,424399,mumbai,942,sedan,automatic,v at
renault kwid,2015,petrol,32547,249599,mumbai,2056,hatchback,manual,rxl
hyundai grand i10,2016,petrol,21970,450199,mumbai,174,hatchback,manual,sportz 1.2 kappa vtvt
maruti swift dzire,2015,petrol,17438,494399,mumbai,762,sedan,manual,vxi 1.2 bs iv
hyundai i10,2009,petrol,17167,189399,mumbai,2123,hatchback,manual,magna 1.2
honda city,2014,petrol,47015,569599,mumbai,165,sedan,automatic,sv cvt petrol
volkswagen polo,2011,petrol,39230,290599,mumbai,859,hatchback,manual,comfortline 1.2l petrol
honda jazz,2016,petrol,24867,480299,mumbai,1245,hatchback,manual,1.2 s mt
hyundai i20,2010,petrol,38409,246499,mumbai,628,hatchback,manual,asta 1.2
hyundai grand i10,2017,petrol,27887,499899,mumbai,358,hatchback,manual,sports 1.2 vtvt
volkswagen vento,2013,petrol,7851,512199,mumbai,362,sedan,manual,highline petrol
honda wr-v,2017,petrol,30982,693599,mumbai,989,suv,manual,1.2 i-vtec vx mt
honda city,2012,petrol,40235,476499,mumbai,874,sedan,automatic,v at
maruti ertiga,2014,petrol & cng,33076,612499,mumbai,3793,suv,manual,vxi cng
maruti swift dzire,2013,petrol,33876,434999,mumbai,397,sedan,manual,zxi 1.2 bs iv
hyundai i20,2010,petrol,49100,261499,mumbai,222,hatchback,manual,sportz 1.2 o
volkswagen polo,2011,petrol,42836,302699,mumbai,541,hatchback,manual,highline1.2l petrol
volkswagen vento,2015,diesel,38459,602299,mumbai,2448,sedan,automatic,highline tdi at
maruti swift dzire,2010,diesel,80024,337599,mumbai,434,sedan,manual,vdi
hyundai i20,2014,petrol,20646,517199,mumbai,613,hatchback,manual,asta 1.2
maruti swift,2010,petrol,36785,270899,mumbai,278,hatchback,manual,vxi
hyundai grand i10,2015,petrol,39018,414399,mumbai,193,hatchback,manual,asta 1.2 vtvt
hyundai i10,2010,petrol,41923,236899,mumbai,282,hatchback,manual,magna 1.2 kappa2
tata nano,2015,petrol,9851,219499,mumbai,654,hatchback,automatic,twist xta
maruti eeco,2019,petrol & cng,7057,487699,mumbai,1269,suv,manual,5 str cng with ac plushtr
mahindra kuv100,2016,petrol,40626,376499,mumbai,39,suv,manual,k8 6 str
hyundai i10,2012,petrol,50107,253699,mumbai,386,hatchback,manual,magna 1.2 kappa2
honda jazz,2016,petrol,44234,475399,mumbai,900,hatchback,manual,1.2 v mt
maruti alto 800,2015,petrol,3370,289099,mumbai,217,hatchback,manual,lxi
hyundai i20,2011,petrol,36791,338799,mumbai,561,hatchback,manual,sportz 1.2 o
maruti ritz,2011,petrol,44798,237399,mumbai,835,hatchback,manual,vxi bs iv
hyundai i10,2010,petrol,50705,228099,mumbai,1066,hatchback,manual,sportz 1.2
honda city,2012,petrol,66684,405799,mumbai,495,sedan,manual,v mt petrol
hyundai i10,2010,petrol,39989,211699,mumbai,416,hatchback,manual,magna 1.2
maruti alto 800,2013,petrol,36374,252999,mumbai,144,hatchback,manual,lxi
hyundai i20 active,2016,petrol,17868,538399,mumbai,998,hatchback,manual,1.2 s
renault kwid,2016,petrol,19266,358399,mumbai,218,hatchback,,rxt 1.0 easy-r  at
honda amaze,2014,petrol,46713,422899,mumbai,360,sedan,manual,1.2 smt i vtec
maruti new  wagon-r,2019,petrol & cng,19433,563099,mumbai,2317,,,lxi cng 1.0 l
maruti swift,2009,petrol,47873,232399,mumbai,1066,hatchback,manual,vxi 1.3
hyundai elite i20,2016,petrol,25868,589899,mumbai,107,hatchback,manual,sportz 1.2
maruti baleno,2017,petrol,9818,659399,mumbai,249,hatchback,manual,alpha 1.2 k12
maruti dzire,2018,petrol,3226,691099,mumbai,621,sedan,manual,vxi
hyundai i20,2010,petrol,38014,271499,mumbai,259,hatchback,manual,magna o 1.2
toyota etios,2012,diesel,67283,392899,mumbai,787,sedan,manual,vd
hyundai xcent,2014,petrol,23325,476799,mumbai,263,sedan,manual,sx 1.2
hyundai i10,2010,petrol,57510,204499,mumbai,1005,hatchback,automatic,sportz 1.2 at
maruti ciaz,2015,petrol,48551,574999,mumbai,1242,sedan,manual,vxi plus
hyundai i10,2012,petrol,48978,287599,mumbai,447,hatchback,automatic,sportz 1.2 at kappa2
maruti alto 800,2013,petrol,26848,249699,mumbai,336,hatchback,manual,lxi
maruti alto,2010,petrol,34995,170099,mumbai,629,hatchback,manual,lxi
maruti celerio,2016,petrol,44635,343199,mumbai,925,hatchback,manual,zxi
hyundai grand i10,2018,petrol,35973,479199,mumbai,351,hatchback,manual,sports 1.2 vtvt
hyundai elite i20,2017,petrol,29594,552999,mumbai,631,hatchback,manual,sportz 1.2
hyundai i10,2013,petrol,54510,346599,mumbai,466,hatchback,automatic,sportz 1.2 at kappa2
hyundai i10,2011,petrol,65507,249199,mumbai,176,hatchback,manual,magna 1.2 kappa2
hyundai santro xing,2011,petrol,48142,190799,mumbai,1137,hatchback,manual,gls
honda brio,2012,petrol,62257,310399,mumbai,88,hatchback,manual,1.2 s mt i vtec
maruti baleno,2016,petrol,14866,565699,mumbai,58,hatchback,manual,delta 1.2 k12
volkswagen polo,2014,petrol,53898,403199,mumbai,960,hatchback,manual,highline1.2l petrol
honda brio,2012,petrol,24171,331699,mumbai,251,hatchback,manual,1.2 v mt i vtec
mahindra tuv300,2016,diesel,45468,670699,mumbai,1685,suv,manual,t8
volkswagen polo,2015,petrol,46554,438799,mumbai,754,hatchback,manual,highline1.2l petrol
mahindra kuv100,2016,petrol,39793,382699,mumbai,770,suv,manual,k6+ 6 str
maruti ertiga,2015,petrol,34649,605699,mumbai,1564,suv,manual,zxi plus
hyundai i10,2011,petrol,41577,264199,mumbai,372,hatchback,manual,magna 1.2 kappa2
tata nano,2016,petrol,29249,139599,mumbai,1492,hatchback,manual,xt twist
hyundai elite i20,2017,petrol,25483,602099,mumbai,782,hatchback,manual,asta 1.2 (o)
hyundai elite i20,2015,petrol,37800,479799,mumbai,560,hatchback,manual,magna 1.2
honda city,2009,petrol,83935,250599,mumbai,1286,sedan,manual,s mt petrol
hyundai i20,2012,petrol,48024,343699,mumbai,604,hatchback,manual,magna o 1.2
ford figo,2013,petrol,22618,250899,mumbai,1017,hatchback,manual,1.2 zxi duratec
maruti baleno,2019,petrol,11711,633599,mumbai,1224,hatchback,manual,delta 1.2 k12
maruti vitara brezza,2019,diesel,4781,887599,mumbai,940,suv,,vdi dual tone
maruti new  wagon-r,2020,petrol,17310,611999,mumbai,1049,,,zxi 1.2
renault kwid,2016,petrol,27792,285999,mumbai,211,hatchback,manual,rxl
maruti new  wagon-r,2019,petrol & cng,15671,586999,mumbai,1117,,,lxi cng 1.0 l
hyundai elite i20,2015,petrol,51187,433099,mumbai,555,hatchback,manual,sportz 1.2
ford ecosport,2016,petrol,37151,525999,mumbai,1712,suv,manual,1.5 trend ti vct
maruti wagon r 1.0,2014,petrol,49738,306099,mumbai,256,hatchback,manual,vxi
ford ecosport,2017,petrol,17795,803999,mumbai,25,suv,automatic,1.5 titanium ti vct at
ford ecosport,2013,diesel,39015,520799,mumbai,229,suv,manual,1.5 trend tdci
volkswagen polo,2011,petrol,38375,340199,mumbai,452,hatchback,manual,comfortline 1.2l petrol
maruti wagon r 1.0,2011,petrol & cng,57156,264999,mumbai,262,hatchback,manual,vxi
volkswagen polo,2011,petrol,54295,244099,mumbai,2955,hatchback,manual,trendline 1.2l petrol
maruti ertiga,2016,petrol,16815,686199,mumbai,1071,suv,,vxi optional
hyundai i10,2012,petrol,65116,299299,mumbai,277,hatchback,manual,magna 1.2 kappa2
maruti sx4,2010,petrol,54883,256899,mumbai,307,sedan,manual,zxi mt bs iv
honda city,2010,petrol,41911,366499,mumbai,125,sedan,manual,s mt petrol
maruti swift,2011,diesel,66356,395899,mumbai,277,hatchback,manual,vdi
honda amaze,2019,petrol,19679,714899,mumbai,498,sedan,,1.2 s cvt i vtec
hyundai i20,2009,petrol,39140,226999,mumbai,1473,hatchback,manual,asta 1.2
skoda rapid,2013,petrol,56545,360399,mumbai,2146,sedan,manual,ambition 1.6 mpi mt plus
hyundai eon,2015,petrol,34270,282799,mumbai,517,hatchback,manual,era plus
hyundai i20,2010,petrol,38204,273199,mumbai,435,hatchback,manual,asta 1.2
maruti wagon r 1.0,2018,petrol,66707,405399,mumbai,589,hatchback,automatic,vxi amt
maruti swift,2012,petrol,63871,354399,mumbai,317,hatchback,manual,vxi
maruti ritz,2011,petrol,40420,251799,mumbai,508,hatchback,manual,vxi bs iv
maruti swift dzire,2012,diesel,64886,456099,mumbai,257,sedan,manual,zdi
honda civic,2009,petrol,51045,270799,mumbai,616,sedan,manual,1.8v mt
honda amaze,2013,petrol,70008,386099,mumbai,302,sedan,manual,1.2 smt i vtec
hyundai elite i20,2017,petrol,40459,605899,mumbai,299,hatchback,manual,sportz 1.2
maruti celerio,2014,petrol,53533,356999,mumbai,439,hatchback,automatic,vxi amt
skoda laura,2011,diesel,75217,373899,mumbai,402,luxury sedan,automatic,elegance 2.0 tdi cr at
renault triber,2019,petrol,11438,680299,mumbai,1954,suv,,1.0 rxz
maruti swift,2012,petrol,64239,360799,mumbai,457,hatchback,manual,zxi
skoda rapid,2014,petrol,55444,430799,mumbai,1532,sedan,manual,ambition 1.6 mpi mt plus
maruti ritz,2011,diesel,56792,270699,mumbai,556,hatchback,manual,vdi
honda brio,2011,petrol,56664,251299,mumbai,555,hatchback,manual,1.2 v mt i vtec
toyota etios liva,2014,petrol,52146,311899,mumbai,557,hatchback,manual,g
maruti swift,2010,petrol,70119,241099,mumbai,725,hatchback,manual,vxi
toyota etios,2011,petrol,64317,308399,mumbai,691,sedan,manual,v
volkswagen polo,2017,petrol,25422,804099,mumbai,564,hatchback,automatic,gt tsi 1.2 petrol at
hyundai i10,2011,petrol,63784,248299,mumbai,347,hatchback,manual,magna 1.2 kappa2
maruti ertiga,2012,petrol,50665,499399,mumbai,929,suv,manual,vxi
honda brio,2012,petrol,77826,304899,mumbai,353,hatchback,manual,1.2 s mt i vtec
hyundai eon,2012,petrol,52723,228799,mumbai,305,hatchback,manual,era plus
honda jazz,2010,petrol,59073,288699,mumbai,214,hatchback,manual,1.2 base i vtec
volkswagen vento,2012,petrol,46608,423699,mumbai,93,sedan,manual,highline petrol
hyundai verna,2019,petrol,8890,921899,mumbai,2242,sedan,manual,1.6 sx vtvt
maruti wagon r 1.0,2011,petrol,69729,273999,mumbai,275,hatchback,manual,vxi
maruti ertiga,2016,petrol & cng,46178,693899,mumbai,2867,suv,manual,vxi cng
maruti wagon r 1.0,2016,petrol,46047,349499,mumbai,214,hatchback,manual,vxi
maruti wagon r,2009,petrol,25001,187899,mumbai,625,hatchback,manual,lxi
hyundai elite i20,2017,petrol,21304,646999,mumbai,607,hatchback,manual,sportz 1.2
maruti alto k10,2016,petrol,21933,351499,mumbai,198,hatchback,manual,vxi
maruti wagon r duo,2010,petrol & lpg,33814,192999,mumbai,413,hatchback,manual,lxi lpg
maruti wagon r 1.0,2017,petrol & cng,42385,442399,mumbai,334,hatchback,manual,lxi cng
maruti swift dzire,2013,diesel,92022,481299,mumbai,422,sedan,manual,vdi bs iv
maruti swift dzire,2015,petrol,57742,447499,mumbai,557,sedan,manual,vxi 1.2 bs iv
maruti ritz,2009,petrol,64009,208899,mumbai,345,hatchback,manual,zxi
tata zest,2015,petrol,54025,345699,mumbai,2237,sedan,,xm rt 90 ps abs
maruti baleno,2019,petrol,19014,622799,mumbai,947,hatchback,manual,delta 1.2 k12
skoda rapid,2014,diesel,58511,436099,mumbai,603,sedan,manual,elegance 1.6 tdi mt
skoda rapid,2012,diesel,64064,363299,mumbai,910,sedan,manual,elegance 1.6 tdi mt
maruti ertiga,2017,petrol,21922,713099,mumbai,698,suv,manual,vxi abs
ford ecosport,2013,petrol,43545,473299,mumbai,1052,suv,manual,1.0 ecoboost titanium opt
honda city,2011,petrol,55455,308099,mumbai,1027,sedan,,1.5 e mt petrol
maruti eeco,2010,petrol & cng,60246,220699,mumbai,1493,suv,manual,5 str with ac plushtr
honda brio,2012,petrol,65864,256799,mumbai,758,hatchback,manual,1.2 s (o) mt ivtec
maruti vitara brezza,2016,diesel,24881,752999,mumbai,1385,suv,manual,zdi plus
maruti baleno,2016,petrol,52144,556299,mumbai,288,hatchback,manual,alpha 1.2 k12
hyundai xcent,2014,petrol,56356,352099,mumbai,843,sedan,manual,s 1.2
mercedes benz cls class,2010,petrol,42372,1600343,mumbai,3322,luxury sedan,manual,350 blue efficiency
honda amaze,2013,petrol,87083,342899,mumbai,457,sedan,manual,1.2 smt i vtec
maruti swift dzire,2011,petrol,57597,301499,mumbai,422,sedan,manual,vxi 1.2 bs iv
maruti wagon r 1.0,2012,petrol & cng,64275,287899,mumbai,453,hatchback,manual,lxi
toyota etios,2011,petrol,69385,316899,mumbai,497,sedan,manual,g
renault duster,2018,diesel,16931,912499,mumbai,1929,suv,manual,rxz diesel 110
hyundai elite i20,2016,petrol,42507,532599,mumbai,377,hatchback,manual,sportz 1.2
honda city,2012,petrol,66445,379899,mumbai,803,sedan,manual,v mt petrol
toyota innova,2013,diesel,59036,810199,mumbai,2073,suv,manual,2.5 gx 8 str bs iv
volkswagen polo,2011,petrol,103624,258699,mumbai,410,hatchback,manual,comfortline 1.2l petrol
renault kwid,2017,petrol,68429,310199,mumbai,507,hatchback,manual,rxt
maruti s cross,2017,diesel,27564,718099,mumbai,1232,suv,manual,zeta 1.3
maruti wagon r 1.0,2015,petrol & cng,51199,357099,mumbai,672,hatchback,manual,lxi cng
ford ecosport,2015,petrol,45259,547799,mumbai,1432,suv,manual,1.0 ecoboost titanium opt
honda city,2017,petrol,18494,856899,mumbai,1008,sedan,manual,vx mt petrol
honda city,2018,petrol,14943,898899,mumbai,1529,sedan,manual,v mt petrol
hyundai verna,2017,petrol,17601,926399,mumbai,2033,sedan,automatic,1.6 sx vtvt at (o)
maruti swift,2011,petrol,68103,320199,mumbai,618,hatchback,manual,lxi
maruti wagon r 1.0,2012,petrol & cng,88391,276699,mumbai,630,hatchback,manual,lxi cng
volkswagen polo,2017,petrol,26041,807199,mumbai,500,hatchback,automatic,gt tsi 1.2 petrol at
maruti wagon r 1.0,2014,petrol & cng,57467,313799,mumbai,182,hatchback,manual,lxi cng
hyundai grand i10,2014,petrol,61291,362299,mumbai,328,hatchback,manual,asta 1.2 kappa vtvt opt
hyundai grand i10,2015,petrol,34885,469299,mumbai,101,hatchback,manual,asta 1.2 kappa vtvt
volkswagen jetta,2010,petrol,54780,339199,mumbai,860,sedan,manual,trendline 1.6
hyundai i20,2011,petrol,56869,314899,mumbai,351,hatchback,manual,magna o 1.2
hyundai i10,2010,petrol,66817,232399,mumbai,342,hatchback,manual,magna 1.2
maruti ertiga,2013,petrol & cng,74558,514199,mumbai,1856,suv,manual,vxi cng
maruti ertiga,2016,diesel,50815,747499,mumbai,2163,suv,manual,zdi plus shvs
datsun redi go,2018,petrol,29730,306899,mumbai,32019,hatchback,,1.0 s at
hyundai verna,2014,petrol,68191,459299,mumbai,1933,sedan,manual,fluidic 1.6 sx vtvt opt
maruti ertiga,2014,petrol & cng,59517,536599,mumbai,2115,suv,manual,vxi cng
maruti dzire,2017,diesel,15738,734999,mumbai,897,sedan,manual,vdi
toyota innova,2012,diesel,123544,657199,mumbai,1029,suv,manual,2.5 vx 8 str bs iv
maruti ciaz,2016,petrol,50656,585399,mumbai,311,sedan,manual,vxi plus
hyundai elite i20,2014,petrol,61493,396399,mumbai,495,hatchback,manual,era 1.2
honda wr-v,2018,petrol,17665,771899,mumbai,1123,suv,manual,1.2 i-vtec vx mt
toyota etios,2011,petrol,66259,316699,mumbai,527,sedan,manual,vx
tata harrier,2019,diesel,16321,1532471,mumbai,6959,suv,,xz 2.0l kryotec
honda amaze,2014,petrol,56134,421899,mumbai,82,sedan,manual,1.2 smt i vtec
hyundai i20,2011,petrol,76933,282599,mumbai,526,hatchback,manual,asta 1.2
hyundai i20,2010,petrol,52121,277099,mumbai,214,hatchback,manual,magna 1.2 vtvt
maruti zen estilo,2009,petrol,57487,170599,mumbai,732,hatchback,manual,lxi
maruti ertiga,2016,diesel,30894,783499,mumbai,460,suv,manual,vdi shvs
maruti ertiga,2017,petrol,28262,668499,mumbai,914,suv,manual,vxi
volkswagen ameo,2016,diesel,39923,619299,mumbai,409,sedan,automatic,highline 1.5l at (d)
honda jazz,2016,petrol,48265,563699,mumbai,561,hatchback,automatic,1.2 v at
maruti ertiga,2013,diesel,90511,562299,mumbai,398,suv,manual,vdi abs
hyundai i20,2010,petrol,66898,275699,mumbai,319,hatchback,manual,sportz 1.2 o
maruti ertiga,2014,diesel,58319,642099,mumbai,626,suv,manual,vdi abs
mahindra xuv500,2015,diesel,57504,845999,mumbai,1878,luxury suv,manual,w8 fwd
renault kwid,2016,petrol,45732,309299,mumbai,357,hatchback,manual,rxt opt
maruti dzire,2017,petrol,37024,654499,mumbai,1089,sedan,manual,zxi
hyundai creta,2017,petrol,26547,794599,mumbai,77,suv,manual,1.6 e + vtvt
hyundai i20,2010,petrol,68321,259899,mumbai,712,hatchback,manual,sportz 1.2 o
hyundai i10,2009,petrol,49357,193499,mumbai,991,hatchback,manual,magna 1.2
hyundai grand i10,2016,petrol,53525,457999,mumbai,327,hatchback,manual,sports 1.2 vtvt
maruti baleno,2018,petrol,32336,570299,mumbai,725,hatchback,manual,delta 1.2 k12
maruti ciaz,2014,petrol,59503,536599,mumbai,270,sedan,manual,zxi
maruti alto 800,2013,petrol,40256,259599,mumbai,292,hatchback,manual,lxi
honda city,2012,petrol,82338,406099,mumbai,158,sedan,manual,v mt petrol
hyundai verna,2018,diesel,8728,1042621,mumbai,2167,sedan,manual,1.6 crdi sx
hyundai i20,2011,petrol,53950,305899,mumbai,82,hatchback,manual,magna o 1.2
maruti swift dzire,2012,diesel,70152,447299,mumbai,121,sedan,manual,vdi bs iv
hyundai verna,2014,petrol,63461,480899,mumbai,1648,sedan,manual,fluidic 1.6 sx vtvt opt
hyundai creta,2018,diesel,16918,1175133,mumbai,2072,suv,,1.6 sx crdi
honda city,2012,petrol,81090,409799,mumbai,757,sedan,manual,v mt petrol
toyota innova,2010,diesel,64387,595899,mumbai,693,suv,manual,2.5 g4 8 str
maruti alto 800,2017,petrol,39193,300099,mumbai,110,hatchback,manual,vxi
maruti wagon r 1.0,2015,petrol,54286,324499,mumbai,391,hatchback,manual,vxi
mahindra xuv 3oo,2019,diesel,16900,1092717,mumbai,2526,suv,,w8(o)
hyundai i20,2009,diesel,72479,225899,mumbai,1022,hatchback,manual,asta 1.4 crdi
mercedes benz c class,2011,petrol,66145,754299,mumbai,3399,luxury sedan,manual,200 cgi avantgarde
maruti swift dzire,2015,petrol,52532,521899,mumbai,272,sedan,manual,vxi 1.2 bs iv
maruti swift,2017,petrol,33200,509299,mumbai,340,hatchback,manual,vxi
maruti ertiga,2016,diesel,58796,764499,mumbai,413,suv,manual,vdi shvs
maruti swift dzire,2012,petrol,78982,379299,mumbai,280,sedan,manual,vxi 1.2 bs iv
hyundai verna,2013,diesel,85990,445999,mumbai,1847,sedan,automatic,fluidic 1.6 crdi sx opt at
maruti swift,2012,petrol,67065,387699,mumbai,182,hatchback,manual,vxi
maruti wagon r 1.0,2011,petrol,70662,279299,mumbai,279,hatchback,manual,vxi
maruti zen estilo,2010,petrol,51266,183599,mumbai,205,hatchback,manual,lxi
maruti vitara brezza,2017,diesel,47447,746299,mumbai,601,suv,manual,vdi
volkswagen vento,2011,petrol,92346,259399,mumbai,947,sedan,manual,trendline petrol
hyundai venue,2019,petrol,11607,1107059,mumbai,763,suv,,1.0 turbo gdi sx+ at
honda city,2016,petrol,30191,704199,mumbai,1093,sedan,manual,vx mt petrol
maruti swift,2008,diesel,108344,198699,mumbai,1650,hatchback,manual,vdi abs
maruti celerio,2014,petrol & cng,58530,396299,mumbai,459,hatchback,manual,vxi cng
maruti wagon r 1.0,2013,petrol & cng,61228,296599,mumbai,556,hatchback,manual,lxi cng
maruti wagon r 1.0,2012,petrol,72101,300599,mumbai,261,hatchback,manual,vxi
maruti vitara brezza,2018,diesel,16351,929799,mumbai,480,suv,manual,zdi plus
honda amaze,2014,petrol,61893,388599,mumbai,387,sedan,manual,1.2 sx mt i vtec
honda city,2011,petrol,80846,340399,mumbai,419,sedan,manual,v mt petrol
hyundai i20,2012,petrol,73246,330099,mumbai,370,hatchback,manual,magna o 1.2
mercedes benz c class,2011,diesel,43062,920699,mumbai,1873,luxury sedan,,250 cdi elegance at
toyota innova,2009,diesel,96460,434299,mumbai,1310,suv,manual,2.5 g4 8 str
hyundai elite i20,2017,petrol,50878,581199,mumbai,230,hatchback,manual,sportz 1.2
maruti alto 800,2016,petrol & cng,47866,304399,mumbai,370,hatchback,manual,lxi cng
toyota innova,2012,diesel,41669,812499,mumbai,2267,suv,manual,2.5 gx 8 str bs iv
hyundai grand i10,2014,petrol,78023,323299,mumbai,422,hatchback,manual,asta 1.2 vtvt
hyundai verna,2012,diesel,101815,419999,mumbai,519,sedan,manual,fluidic 1.6 ex crdi
mahindra xuv500,2015,diesel,70558,856799,mumbai,435,luxury suv,manual,w8 fwd
honda amaze,2014,petrol,67170,387099,mumbai,440,sedan,manual,1.2 smt i vtec
maruti celerio,2014,petrol & cng,56751,357299,mumbai,1186,hatchback,manual,vxi cng
hyundai i10,2010,petrol,77289,212799,mumbai,290,hatchback,manual,magna 1.2
maruti alto 800,2018,petrol,47642,321399,mumbai,379,hatchback,manual,lxi
maruti alto,2011,petrol,77308,143599,mumbai,1404,hatchback,manual,lxi
honda amaze,2016,petrol,63952,395799,mumbai,409,sedan,manual,1.2 smt i vtec
bmw x1,2011,diesel,35626,801099,mumbai,5387,luxury suv,automatic,sdrive 20d
hyundai i20,2012,petrol,71595,344699,mumbai,195,hatchback,manual,magna o 1.2
maruti ertiga,2017,diesel,25104,811499,mumbai,744,suv,manual,vdi shvs
honda wr-v,2017,petrol,49525,675599,mumbai,1071,suv,manual,1.2 i-vtec vx mt
honda city,2015,diesel,66945,581999,mumbai,1579,sedan,manual,v mt diesel
tata nexon,2019,diesel,21430,991599,mumbai,1541,suv,,xza+ 1.5
hyundai i20,2010,petrol,73673,263099,mumbai,557,hatchback,manual,magna 1.2 vtvt
hyundai creta,2015,diesel,8552,965399,mumbai,1751,suv,,1.6 sx crdi
hyundai verna,2018,petrol,19407,1253711,mumbai,1210,sedan,automatic,1.6 sx vtvt at (o)
hyundai i20,2012,petrol,104459,262599,mumbai,319,hatchback,manual,magna o 1.2
maruti swift dzire,2013,diesel,78840,498299,mumbai,308,sedan,manual,vdi bs iv
hyundai verna,2013,diesel,65671,481799,mumbai,42,sedan,automatic,fluidic 1.6 crdi sx opt at
maruti swift,2012,petrol,74180,364999,mumbai,393,hatchback,manual,zxi
hyundai i20,2010,petrol,74226,233599,mumbai,484,hatchback,manual,magna o 1.2
hyundai i20,2010,petrol,58651,289899,mumbai,188,hatchback,manual,sportz 1.2 o
mercedes benz c class,2011,petrol,53018,766299,mumbai,2398,luxury sedan,manual,200 cgi avantgarde
maruti alto 800,2014,petrol & cng,57926,281899,mumbai,343,hatchback,manual,lxi cng
jeep compass,2018,diesel,34088,1470659,mumbai,1545,luxury suv,manual,2.0 limited
hyundai verna,2018,diesel,16063,1023330,mumbai,1498,sedan,,1.6 sx (o) crdi mt
skoda superb,2010,petrol,81855,343999,mumbai,154,luxury sedan,automatic,elegance 1.8 tsi at
maruti ertiga,2016,diesel,29442,792099,mumbai,838,suv,manual,zdi plus shvs
ford ecosport,2015,petrol,68849,582399,mumbai,875,suv,automatic,1.5 titanium ti vct at
hyundai venue,2019,petrol,8459,1135541,mumbai,1258,suv,,1.0 turbo gdi sx+ at
hyundai i20,2013,petrol,46444,425399,mumbai,162,hatchback,manual,sportz 1.2 vtvt
nissan sunny,2012,diesel,97273,236799,mumbai,2645,sedan,manual,xl diesel
jeep compass,2017,diesel,28310,1339561,mumbai,1039,luxury suv,manual,2.0 longitude
honda city,2009,petrol,96796,248199,mumbai,1081,sedan,automatic,s at
maruti swift dzire,2012,diesel,70736,467099,mumbai,199,sedan,manual,vdi bs iv
maruti swift,2009,petrol,70751,214499,mumbai,1083,hatchback,manual,vxi 1.3
toyota corolla altis,2012,diesel,102441,423299,mumbai,716,luxury sedan,manual,d 4d g
skoda rapid,2016,diesel,64211,522199,mumbai,60,sedan,,1.5 elegance tdi mt
toyota fortuner,2017,diesel,45112,2558429,mumbai,5900,luxury suv,manual,2.8 4x2 mt
hyundai santro xing,2011,petrol,67685,190599,mumbai,920,hatchback,manual,gls
toyota innova,2007,diesel,139200,356399,mumbai,1964,suv,manual,2.5 g4 8 str
maruti alto k10,2011,petrol,59578,205299,mumbai,360,hatchback,manual,vxi
toyota innova crysta,2019,diesel,11445,1996263,mumbai,2396,suv,manual,2.4 vx 8 str
hyundai i20,2011,diesel,93484,256099,mumbai,1809,hatchback,manual,sportz o 1.4 crdi
toyota corolla altis,2013,petrol,75088,468199,mumbai,1185,luxury sedan,automatic,g at
maruti ertiga,2015,petrol & cng,87925,586499,mumbai,2508,suv,manual,vxi cng
maruti celerio,2015,petrol,82249,301899,mumbai,554,hatchback,manual,vxi
honda wr-v,2017,diesel,65355,728599,mumbai,777,suv,manual,1.5 i-dtec vx mt
maruti alto 800,2014,petrol & cng,64504,264599,mumbai,298,hatchback,manual,lxi cng
mercedes benz c class,2012,diesel,45939,883499,mumbai,1100,luxury sedan,manual,c 220 cdi classic
toyota innova crysta,2016,diesel,35413,1781537,mumbai,211,suv,automatic,2.8 zx at 7 str
honda city,2012,petrol,996609,355299,mumbai,1019,sedan,,v mt sunroof
hyundai verna,2012,diesel,84924,445199,mumbai,771,sedan,manual,fluidic 1.6 sx crdi opt
honda city,2010,petrol,82209,301199,mumbai,326,sedan,manual,v mt petrol
maruti zen estilo,2010,petrol,80533,178299,mumbai,192,hatchback,manual,vxi
ford ecosport,2015,petrol,90966,488899,mumbai,783,suv,manual,1.0 ecoboost titanium opt
mahindra xuv500,2015,diesel,81726,947399,mumbai,1213,luxury suv,manual,w10
toyota etios,2013,diesel,74221,403799,mumbai,526,sedan,manual,gd
honda city,2014,petrol,75991,526399,mumbai,1259,sedan,automatic,sv cvt petrol
maruti celerio,2016,diesel,57924,358199,mumbai,783,hatchback,manual,zdi
hyundai creta,2017,petrol,53994,974599,mumbai,2701,suv,automatic,1.6 sx plus auto petrol
maruti vitara brezza,2016,diesel,51377,835299,mumbai,349,suv,manual,zdi plus dual tone
honda amaze,2016,diesel,67740,429499,mumbai,671,sedan,manual,1.5 emt i dtec
toyota corolla altis,2013,petrol,70919,427799,mumbai,70,luxury sedan,manual,g
maruti swift,2011,diesel,89656,373299,mumbai,623,hatchback,manual,zdi
renault kwid,2016,petrol,48597,294499,mumbai,238,hatchback,manual,rxt
maruti ertiga,2018,petrol & cng,63405,801399,mumbai,923,suv,manual,vxi cng
maruti vitara brezza,2019,diesel,3269,1054943,mumbai,1240,suv,manual,zdi
maruti swift dzire,2012,diesel,81886,450899,mumbai,312,sedan,manual,vdi bs iv
volkswagen vento,2013,diesel,84623,460099,mumbai,908,sedan,manual,highline diesel
maruti vitara brezza,2017,diesel,47948,740599,mumbai,861,suv,manual,zdi
ford figo,2011,petrol,72613,186899,mumbai,1490,hatchback,manual,1.2 zxi duratec
maruti swift dzire,2011,petrol,99853,280899,mumbai,959,sedan,manual,vxi 1.2 bs iv
maruti vitara brezza,2016,diesel,43994,698299,mumbai,632,suv,manual,vdi
bmw x1,2011,diesel,71879,820399,mumbai,2266,luxury suv,automatic,sdrive 20d
mg hector,2019,petrol,22462,1705686,mumbai,800,,,sharp dct petrol
maruti swift dzire,2011,petrol,80959,310299,mumbai,462,sedan,manual,zxi 1.2 bs iv
hyundai i10,2009,petrol,73977,178299,mumbai,891,hatchback,manual,magna 1.2
toyota corolla altis,2009,petrol,88237,301499,mumbai,809,luxury sedan,,1.8 g
maruti s cross,2015,diesel,75162,618999,mumbai,686,suv,manual,delta 1.6
maruti wagon r 1.0,2011,petrol & cng,89904,265799,mumbai,636,hatchback,manual,lxi cng
maruti swift dzire,2016,petrol,85975,464799,mumbai,829,sedan,manual,zxi 1.2 bs iv
toyota innova crysta,2017,diesel,54730,1644682,mumbai,2870,suv,automatic,touring sport diesel at
maruti ertiga,2016,diesel,57892,744999,mumbai,836,suv,manual,vdi shvs
maruti ertiga,2013,diesel,74233,620199,mumbai,361,suv,manual,vdi abs
honda city,2011,petrol & cng,64215,352099,mumbai,1753,sedan,manual,v mt petrol
honda mobilio,2015,petrol,72195,482299,mumbai,974,suv,manual,1.5 v i vtec
toyota innova crysta,2019,diesel,22239,1952126,mumbai,2737,suv,automatic,2.8 gx at 8 str
mahindra xuv500,2012,diesel,78554,501199,mumbai,1775,luxury suv,manual,w8 fwd
mahindra tuv300,2016,diesel,90163,598399,mumbai,2119,suv,automatic,t8 at
volkswagen vento,2012,diesel,86622,358299,mumbai,709,sedan,manual,highline diesel
maruti ciaz,2015,petrol,78126,522299,mumbai,378,sedan,manual,zxi
renault kwid,2017,petrol,46716,322499,mumbai,286,hatchback,manual,1.0 rxt
maruti swift,2013,petrol,78705,362799,mumbai,421,hatchback,manual,vxi
toyota corolla altis,2017,petrol,34304,1195939,mumbai,2807,luxury sedan,automatic,vl at
hyundai i20,2011,diesel,83831,338599,mumbai,480,hatchback,manual,asta 1.4 crdi
honda jazz,2017,petrol,60860,673099,mumbai,396,hatchback,automatic,1.2 v at
volkswagen polo,2015,petrol,78669,522099,mumbai,708,hatchback,automatic,gt tsi 1.2 petrol at
maruti dzire,2017,diesel,60178,685199,mumbai,546,sedan,manual,vdi
hyundai creta,2017,diesel,56122,1219674,mumbai,1093,suv,automatic,1.6 crdi sx plus auto
volkswagen polo,2015,petrol,78792,509599,mumbai,509,hatchback,automatic,gt tsi 1.2 petrol at
hyundai i20,2010,petrol,78799,284199,mumbai,101,hatchback,manual,sportz 1.2 o
honda jazz,2012,petrol,63500,341899,mumbai,195,hatchback,manual,1.2 select i vtec
maruti ertiga,2014,petrol & cng,84139,573299,mumbai,1782,suv,manual,vxi cng
nissan sunny,2012,diesel,80292,275299,mumbai,1053,sedan,manual,xl diesel
maruti ritz,2009,petrol,90961,226399,mumbai,304,hatchback,manual,vxi
maruti ciaz,2016,diesel,72862,657299,mumbai,1001,sedan,,zdi shvs hybird
mahindra xylo,2018,diesel,49616,678599,mumbai,1923,suv,manual,h4 abs bs iv
hyundai verna,2015,petrol,63139,447799,mumbai,2459,sedan,manual,fluidic 1.4 vtvt
maruti swift dzire,2010,petrol,106567,230599,mumbai,1201,sedan,manual,vxi
nissan terrano,2013,diesel,79096,411899,mumbai,1630,suv,manual,xl plus 85 ps deisel
mercedes benz c class,2011,petrol,41221,879999,mumbai,265,luxury sedan,manual,200 cgi avantgarde
volkswagen vento,2012,diesel,109149,312699,mumbai,679,sedan,manual,highline diesel
honda city,2013,petrol,98921,382499,mumbai,562,sedan,manual,v mt petrol
maruti ertiga,2019,petrol,22213,866699,mumbai,1500,suv,,vxi smart hybrid
maruti alto 800,2014,petrol & cng,78909,248299,mumbai,855,hatchback,manual,lxi cng
maruti vitara brezza,2019,diesel,17135,967099,mumbai,873,suv,manual,zdi
honda city,2010,petrol,83074,331199,mumbai,127,sedan,manual,s mt petrol
maruti swift,2010,petrol,74472,256299,mumbai,235,hatchback,manual,vxi
bmw 3 series,2011,diesel,94256,697999,mumbai,1891,luxury sedan,automatic,320d
nissan sunny,2011,petrol,77019,342199,mumbai,387,sedan,manual,xv petrol
maruti dzire,2017,diesel,62261,694199,mumbai,548,sedan,manual,vdi
hyundai i20,2011,diesel,148974,269299,mumbai,493,hatchback,manual,magna o 1.4 crdi
mahindra xuv500,2014,diesel,79433,693899,mumbai,633,luxury suv,manual,w8 fwd
maruti ertiga,2018,diesel,52554,924799,mumbai,620,suv,manual,vdi shvs
maruti ertiga,2014,petrol & cng,94065,546099,mumbai,88,suv,manual,vxi cng
toyota innova,2010,diesel,129323,534499,mumbai,893,suv,manual,2.5 g4 8 str
hyundai grand i10,2014,petrol & cng,106832,340099,mumbai,842,hatchback,manual,magna 1.2 kappa vtvt
skoda rapid,2014,diesel,110787,402099,mumbai,1159,sedan,manual,elegance 1.6 tdi mt
maruti swift,2016,diesel,79244,536899,mumbai,462,hatchback,manual,vdi abs
maruti ertiga,2015,diesel,92596,644799,mumbai,461,suv,manual,vdi abs
hyundai grand i10,2015,petrol,81238,363199,mumbai,629,hatchback,manual,asta 1.2 kappa vtvt opt
maruti swift dzire,2011,diesel,105683,346199,mumbai,446,sedan,manual,vdi
skoda fabia,2011,petrol,80826,216899,mumbai,1603,hatchback,manual,ambiente 1.2 mpi
toyota etios,2011,petrol,99729,306999,mumbai,351,sedan,manual,g
maruti wagon r 1.0,2010,petrol & cng,71429,294299,mumbai,500,hatchback,manual,vxi
hyundai creta,2016,petrol,65599,907799,mumbai,1434,suv,automatic,1.6 sx plus auto petrol
maruti wagon r 1.0,2015,petrol & cng,60707,354599,mumbai,95,hatchback,manual,lxi cng
hyundai i20 active,2016,petrol,55154,567599,mumbai,315,hatchback,manual,1.2 sx
toyota corolla altis,2010,petrol,98946,327699,mumbai,770,luxury sedan,,1.8 g
skoda superb,2010,petrol,85643,349199,mumbai,762,luxury sedan,automatic,elegance 1.8 tsi at
maruti vitara brezza,2016,diesel,77185,745799,mumbai,1009,suv,manual,zdi plus
maruti sx4,2009,petrol,84030,213999,mumbai,727,sedan,manual,zxi
hyundai i20,2011,petrol,119260,267899,mumbai,369,hatchback,manual,magna o 1.2
toyota innova,2015,diesel,150202,989899,mumbai,979,suv,manual,2.5 vx 7 str bs iv
mahindra tuv300,2016,diesel,87337,643099,mumbai,56,suv,manual,t8
hyundai i10,2012,petrol,92056,250599,mumbai,179,hatchback,manual,asta 1.2 kappa2
mercedes benz c class,2011,diesel,103047,777599,mumbai,1605,luxury sedan,,250 cdi elegance at
hyundai i20,2011,diesel,105739,274099,mumbai,645,hatchback,manual,magna o 1.4 crdi
honda city,2014,diesel,90036,531499,mumbai,673,sedan,manual,sv mt diesel
maruti ertiga,2014,diesel,69092,660299,mumbai,333,suv,manual,zdi
honda accord,2008,petrol,99083,344899,mumbai,621,sedan,automatic,2.4 at i vtec
maruti swift,2018,diesel,50225,712499,mumbai,769,hatchback,automatic,zdi amt
toyota innova,2008,diesel,105759,414799,mumbai,1644,suv,manual,2.5 v 7str
toyota innova,2009,diesel,137282,499099,mumbai,1151,suv,manual,2.5 v 8 str
honda city,2016,petrol,95357,690599,mumbai,1306,sedan,automatic,vx cvt petrol
maruti ciaz,2016,diesel,82646,617499,mumbai,483,sedan,manual,vdi+ shvs
volkswagen polo,2011,petrol,105718,312299,mumbai,601,hatchback,manual,highline 1.6l petrol
volkswagen vento,2011,diesel,112734,308999,mumbai,904,sedan,manual,highline diesel
honda amaze,2013,diesel,118191,400899,mumbai,171,sedan,manual,1.5 smt i dtec
maruti ertiga,2015,diesel,83771,662099,mumbai,864,suv,manual,vdi
hyundai i10,2011,petrol,122587,226899,mumbai,431,hatchback,manual,sportz 1.2 kappa2
maruti vitara brezza,2018,diesel,64083,799199,mumbai,453,suv,manual,vdi opt
honda city,2009,petrol,148906,225999,mumbai,498,sedan,manual,v mt petrol
maruti alto 800,2016,petrol & cng,109146,265599,mumbai,717,hatchback,manual,lxi cng opt
honda jazz,2011,petrol,120872,296999,mumbai,590,hatchback,manual,1.2 select i vtec
maruti ertiga,2013,diesel,160852,545799,mumbai,415,suv,manual,zdi
toyota prius,2010,petrol,104636,460599,mumbai,850,sedan,automatic,1.8 z3
maruti ciaz,2016,diesel,98340,662599,mumbai,271,sedan,manual,zdi+ shvs
maruti swift,2012,diesel,107710,354899,mumbai,438,hatchback,manual,vdi
maruti ertiga,2014,petrol & cng,71357,599699,mumbai,1007,suv,manual,vxi cng
toyota innova,2012,diesel,122351,774499,mumbai,625,suv,manual,2.5 gx 8 str bs iv
maruti wagon r 1.0,2011,petrol & cng,98542,264899,mumbai,406,hatchback,manual,lxi cng
honda jazz,2009,petrol,94123,208999,mumbai,605,hatchback,manual,1.2 base i vtec
honda accord,2009,petrol,88662,337899,mumbai,1122,sedan,automatic,2.4 at i vtec
maruti ertiga,2016,diesel,88230,735899,mumbai,420,suv,manual,vdi shvs
maruti swift dzire,2012,diesel,118249,400199,mumbai,339,sedan,manual,vdi bs iv
maruti ritz,2010,petrol,101000,207199,mumbai,525,hatchback,manual,vxi bs iv
chevrolet cruze,2012,diesel,81058,397199,mumbai,1940,luxury sedan,automatic,ltz at
hyundai i20,2013,petrol,95905,331699,mumbai,208,hatchback,manual,magna o 1.2
honda jazz,2016,petrol,87453,566799,mumbai,37,hatchback,automatic,1.2 v at
maruti wagon r 1.0,2013,petrol & cng,92864,311599,mumbai,148,hatchback,manual,lxi cng
maruti celerio,2014,petrol,84118,334599,mumbai,618,hatchback,automatic,vxi amt
honda amaze,2013,diesel,102171,361599,mumbai,224,sedan,manual,1.5 exmt i dtec
mahindra xuv500,2014,diesel,85129,695899,mumbai,923,luxury suv,manual,w8 fwd
volkswagen vento,2014,petrol,93629,402499,mumbai,783,sedan,manual,highline petrol
maruti swift dzire,2011,petrol,119535,292299,mumbai,323,sedan,manual,vxi 1.2 bs iv
hyundai i20,2011,diesel,118057,294299,mumbai,328,hatchback,manual,asta 1.4 crdi
honda accord,2008,petrol,108501,291799,mumbai,1772,sedan,manual,2.4 mt
bmw x1,2016,diesel,24476,1793758,mumbai,3467,luxury suv,automatic,sdrive 20d
hyundai i10,2012,petrol,109892,230699,mumbai,394,hatchback,manual,magna 1.1 irde2
maruti ciaz,2014,diesel,136749,531099,mumbai,993,sedan,manual,zdi
hyundai i20,2009,petrol,144991,196399,mumbai,2053,hatchback,manual,magna 1.2 vtvt
toyota innova,2010,diesel,142592,573799,mumbai,225,suv,manual,2.5 g4 7 str
honda city,2014,diesel,94530,587399,mumbai,442,sedan,manual,vx mt diesel
ford ecosport,2014,petrol,111101,503099,mumbai,329,suv,manual,1.0 ecoboost titanium opt
maruti wagon r 1.0,2014,petrol & cng,90334,326899,mumbai,162,hatchback,manual,lxi cng
mahindra tuv300,2015,diesel,94177,555799,mumbai,1795,suv,automatic,t8 at
maruti wagon r 1.0,2015,petrol & cng,88347,312399,mumbai,988,hatchback,manual,lxi cng
maruti swift,2012,diesel,114537,390499,mumbai,471,hatchback,manual,vdi
honda city,2009,petrol,101934,247099,mumbai,348,sedan,manual,s mt petrol
maruti wagon r 1.0,2013,petrol & cng,86295,257799,mumbai,189,hatchback,manual,lxi cng
hyundai xcent,2014,diesel,93358,392899,mumbai,799,sedan,manual,sx 1.1 crdi
volkswagen vento,2013,diesel,119721,471899,mumbai,63,sedan,manual,highline diesel
toyota etios,2012,diesel,119153,363899,mumbai,716,sedan,manual,gd
volkswagen vento,2015,diesel,88351,644499,mumbai,14,sedan,automatic,highline tdi at
maruti ritz,2009,diesel,134192,221199,mumbai,667,hatchback,manual,vdi
mahindra scorpio,2014,diesel,78013,822099,mumbai,2037,suv,manual,s10
volkswagen polo,2015,petrol,68718,581699,mumbai,51,hatchback,automatic,gt tsi 1.2 petrol at
maruti baleno,2017,petrol,79442,572599,mumbai,244,hatchback,manual,zeta 1.2 k12
hyundai i20,2009,petrol,101034,247299,mumbai,122,hatchback,manual,magna 1.2 vtvt
hyundai i20,2013,petrol,112093,357799,mumbai,367,hatchback,manual,magna o 1.2
maruti ertiga,2016,diesel,104898,732699,mumbai,304,suv,manual,zdi shvs
mahindra xuv500,2016,diesel,77109,1075143,mumbai,1372,luxury suv,,w10 at fwd
maruti swift dzire,2015,petrol,120714,454599,mumbai,675,sedan,manual,vxi 1.2 bs iv
honda amaze,2014,petrol,116242,371799,mumbai,7,sedan,manual,1.2 smt i vtec
ford ecosport,2014,diesel,71073,582999,mumbai,601,suv,manual,1.5titanium tdci
toyota corolla altis,2010,diesel,107778,387499,mumbai,640,luxury sedan,manual,d 4d gl
maruti swift,2012,diesel,123914,388599,mumbai,596,hatchback,manual,zdi
maruti s cross,2017,diesel,103539,731099,mumbai,221,suv,manual,delta 1.3
maruti swift dzire,2012,diesel,133678,446799,mumbai,321,sedan,manual,vdi bs iv
honda city,2010,petrol,130339,322899,mumbai,240,sedan,manual,v mt petrol
skoda octavia,2014,diesel,72547,889099,mumbai,2285,luxury sedan,automatic,elegance 2.0 tdi cr at
audi a6,2012,diesel,75728,1092616,mumbai,3209,luxury sedan,automatic,2.0 tdi
maruti swift,2012,diesel,125428,358799,mumbai,432,hatchback,manual,vdi
mahindra xuv500,2016,diesel,111422,728899,mumbai,857,luxury suv,manual,w6 4x2
honda jazz,2009,petrol & cng,152518,199099,mumbai,3468,hatchback,manual,1.2 base i vtec
honda jazz,2009,petrol,163642,197599,mumbai,1337,hatchback,manual,1.2 base i vtec
hyundai grand i10,2015,petrol,114840,441599,mumbai,444,hatchback,automatic,asta 1.2 at vtvt
skoda rapid,2013,diesel,138382,333299,mumbai,914,sedan,manual,1.6 tdi mt ambition plus
ford ecosport,2013,diesel,106379,526099,mumbai,505,suv,manual,1.5titanium tdci
maruti swift,2011,diesel,175435,330199,mumbai,314,hatchback,manual,vdi
honda city,2010,petrol,164580,296799,mumbai,382,sedan,manual,v mt petrol
maruti swift dzire,2013,diesel,125310,432699,mumbai,669,sedan,manual,vdi bs iv
mercedes benz e class,2011,diesel,77257,1063326,mumbai,923,luxury sedan,manual,e 250 cdi elegance
bmw x1,2011,diesel,107932,794599,mumbai,1469,luxury suv,automatic,sdrive 20d
toyota innova,2008,diesel,141671,410799,mumbai,1468,suv,manual,2.5 g4 8 str
toyota innova,2015,diesel,88998,995999,mumbai,1328,suv,manual,2.5 vx 7 str bs iv
toyota innova,2012,diesel,113206,742699,mumbai,192,suv,manual,2.5 gx 8 str bs iv
maruti ritz,2010,petrol & cng,121252,217599,mumbai,879,hatchback,manual,lxi
maruti wagon r 1.0,2016,petrol & cng,127305,335299,mumbai,497,hatchback,manual,lxi cng
honda amaze,2014,petrol,146858,427499,mumbai,117,sedan,manual,1.2 smt i vtec
toyota innova,2015,diesel,165870,949699,mumbai,1288,suv,manual,2.5 vx 8 str bs iv
volkswagen vento,2016,diesel,123078,662099,mumbai,933,sedan,automatic,highline tdi at
toyota innova,2014,diesel,88484,1057165,mumbai,1016,suv,manual,2.5 vx 8 str bs iv
hyundai i20,2009,petrol,120578,239099,mumbai,232,hatchback,manual,asta 1.2
volkswagen vento,2016,petrol,117793,627899,mumbai,484,sedan,,highline 1.2 tsi at
honda city,2010,petrol,172533,275699,mumbai,552,sedan,manual,s mt petrol
maruti swift dzire,2015,diesel,152963,549799,mumbai,500,sedan,manual,zdi
skoda yeti,2012,diesel,127844,468199,mumbai,2008,luxury suv,manual,active 2.0 tdi 4x2
maruti swift dzire,2013,diesel,161540,465899,mumbai,281,sedan,manual,vdi
hyundai i20,2011,petrol & cng,108240,295399,mumbai,703,hatchback,manual,asta 1.2
maruti sx4,2011,petrol,101043,215599,mumbai,923,sedan,manual,vxi
maruti swift dzire,2012,diesel,133639,472599,mumbai,337,sedan,manual,vdi bs iv
toyota etios liva,2013,diesel,125436,313399,mumbai,601,hatchback,manual,gd
nissan sunny,2012,diesel,118754,280099,mumbai,605,sedan,manual,xv diesel
maruti wagon r 1.0,2014,petrol & cng,150431,290299,mumbai,362,hatchback,manual,lxi cng
maruti wagon r 1.0,2010,petrol,155954,215099,mumbai,107,hatchback,manual,vxi
maruti swift dzire,2014,diesel,107789,566999,mumbai,275,sedan,manual,vdi bs iv
hyundai verna,2013,diesel,184523,428599,mumbai,369,sedan,manual,fluidic 1.6 sx crdi
toyota innova,2010,diesel,172115,536699,mumbai,374,suv,manual,2.5 v 7str
toyota innova,2013,diesel,158047,692799,mumbai,809,suv,manual,2.5 g4 8 str
maruti wagon r 1.0,2013,petrol & cng,162053,314899,mumbai,148,hatchback,manual,lxi
toyota innova,2009,diesel,182019,507999,mumbai,398,suv,manual,2.5 g4 8 str
bmw 5 series,2011,diesel,104673,1021714,mumbai,2320,luxury sedan,automatic,520d 2.0
maruti swift dzire,2012,diesel,161606,463599,mumbai,153,sedan,manual,vdi bs iv
hyundai creta,2018,diesel,104750,1171699,mumbai,705,suv,,1.6 sx crdi
maruti celerio,2015,petrol & cng,162070,366999,mumbai,824,hatchback,manual,vxi cng
maruti baleno,2016,diesel,162864,536499,mumbai,490,hatchback,manual,delta ddis 190
maruti ertiga,2014,diesel,140565,630599,mumbai,172,suv,manual,zdi
bmw x3,2012,diesel,128310,1352085,mumbai,1819,luxury sedan,automatic,xdrive 20d
hyundai i10,2010,petrol,105978,245199,mumbai,93,hatchback,manual,magna 1.2 kappa2
renault duster,2014,diesel,103800,499799,mumbai,326,suv,manual,rxl 110 ps adventure
ford ecosport,2014,diesel,189058,433899,mumbai,967,suv,manual,1.5 trend tdci
honda mobilio,2015,diesel,220838,476299,mumbai,1173,suv,manual,1.5 v i dtec
honda city,2011,petrol & cng,144111,357299,mumbai,824,sedan,manual,v mt petrol
maruti swift,2012,petrol,27912,333699,mumbai,216,hatchback,manual,zxi
mahindra scorpio,2016,diesel,146852,875899,mumbai,706,suv,automatic,s10 at
mahindra xuv500,2015,diesel,155655,740699,mumbai,1182,luxury suv,manual,w8 fwd
nissan sunny,2012,diesel,141087,297699,mumbai,423,sedan,manual,xv diesel
maruti wagon r 1.0,2014,petrol & cng,174471,296799,mumbai,789,hatchback,manual,lxi cng
bmw 5 series,2013,diesel,175025,1398444,mumbai,3604,luxury sedan,automatic,520d 2.0
toyota innova,2012,diesel,353288,721699,mumbai,480,suv,manual,2.5 gx 8 str bs iv
toyota innova crysta,2017,diesel,152809,1513079,mumbai,563,suv,manual,2.4 vx 8 str
mahindra tuv300,2016,diesel,148037,689799,mumbai,312,suv,manual,t8
ford ecosport,2014,diesel,131741,475899,mumbai,307,suv,manual,1.5 trend tdci
maruti alto k10,2012,petrol,21023,160199,mumbai,16294,hatchback,manual,vxi
renault kwid,2017,petrol,8327,372799,mumbai,1134,hatchback,automatic,rxt 1.0 easy-r at option
maruti alto k10,2011,petrol,19732,150099,mumbai,2752,hatchback,manual,lxi
hyundai xcent,2014,petrol,17108,453599,mumbai,2684,sedan,manual,sx 1.2 opt
maruti swift,2013,diesel,30689,435099,mumbai,2215,hatchback,manual,vdi
hyundai elite i20,2016,petrol,23231,529799,mumbai,1818,hatchback,manual,magna 1.2
maruti wagon r 1.0,2011,petrol,48546,218999,mumbai,1408,hatchback,manual,vxi
hyundai i10,2014,petrol,19951,310899,mumbai,1788,hatchback,manual,magna 1.1 irde2
maruti swift,2007,petrol,48448,145599,mumbai,18056,hatchback,manual,lxi 1.3
maruti alto,2012,petrol,19422,160199,mumbai,6531,hatchback,manual,lxi
hyundai elite i20,2016,petrol,20767,555599,mumbai,2717,hatchback,manual,sportz 1.2
maruti baleno,2016,petrol,23947,579399,mumbai,959,hatchback,manual,alpha 1.2 k12
honda brio,2014,petrol,1774,366899,mumbai,2088,hatchback,manual,1.2 vx mt i vtec
hyundai grand i10,2017,petrol,2490,464599,mumbai,443,hatchback,manual,sportz 1.2 kappa vtvt
maruti dzire,2018,petrol,19871,630999,mumbai,1965,sedan,automatic,vxi amt
maruti zen estilo,2012,petrol,43357,191299,mumbai,2765,hatchback,manual,vxi
maruti swift,2012,petrol,40272,343099,mumbai,1581,hatchback,manual,zxi
maruti ritz,2011,petrol,24635,192699,mumbai,4408,hatchback,manual,lxi
hyundai i10,2010,petrol,37186,185599,mumbai,3127,hatchback,manual,magna 1.2
maruti ritz,2010,petrol,28917,228999,mumbai,1885,hatchback,manual,vxi bs iv
renault kwid,2018,petrol,20079,368799,mumbai,2588,hatchback,automatic,rxt 1.0 easy-r at option
maruti swift,2014,petrol,41140,382899,mumbai,948,hatchback,manual,vxi
maruti alto,2009,petrol,68273,148699,mumbai,1505,hatchback,manual,lxi
maruti celerio,2015,petrol,42009,377799,mumbai,1670,hatchback,automatic,zxi amt
maruti swift dzire,2012,petrol,59727,322699,mumbai,1519,sedan,manual,vxi 1.2 bs iv
maruti baleno,2016,petrol,12844,564599,mumbai,490,hatchback,manual,delta 1.2 k12
maruti wagon r 1.0,2016,petrol,48347,353999,mumbai,1147,hatchback,manual,vxi
maruti wagon r 1.0,2015,petrol,57827,303599,mumbai,792,hatchback,manual,lxi
honda city,2017,petrol,22018,665999,mumbai,2866,sedan,manual,sv mt petrol
maruti wagon r 1.0,2017,petrol,21313,366199,mumbai,1360,hatchback,manual,vxi
maruti wagon r 1.0,2018,petrol & cng,22982,405899,mumbai,2320,hatchback,manual,lxi cng
hyundai grand i10,2015,petrol,40737,449599,mumbai,1092,hatchback,automatic,asta 1.2 at vtvt
hyundai new santro,2019,petrol,4447,518899,mumbai,1046,,,1.1 sports amt
hyundai i20,2010,petrol,53107,248999,mumbai,1245,hatchback,manual,magna 1.2 vtvt
hyundai elite i20,2017,petrol,19113,627899,mumbai,1279,hatchback,manual,asta 1.2
maruti wagon r 1.0,2015,petrol & cng,43781,315999,mumbai,1348,hatchback,manual,lxi cng
maruti zen estilo,2010,petrol,30793,186499,mumbai,1739,hatchback,manual,lxi
hyundai elite i20,2015,petrol,47214,477399,mumbai,2418,hatchback,manual,asta 1.2
hyundai i20,2010,petrol,55785,227999,mumbai,695,hatchback,manual,asta 1.2
hyundai i20,2013,petrol,57238,329099,mumbai,1455,hatchback,manual,sportz 1.2 vtvt
ford ecosport,2017,petrol,19621,694399,mumbai,1924,suv,manual,1.5 titanium ti vct
maruti wagon r 1.0,2014,petrol & cng,57005,335499,mumbai,1216,hatchback,manual,lxi cng
maruti swift,2008,petrol,41187,192499,mumbai,3430,hatchback,manual,vxi 1.3
maruti baleno,2016,petrol,30261,569799,mumbai,481,hatchback,manual,alpha 1.2 k12
maruti celerio,2016,petrol & cng,49107,386499,mumbai,3347,hatchback,manual,vxi cng
maruti ertiga,2018,petrol & cng,20814,818799,mumbai,1561,suv,manual,vxi cng
honda mobilio,2014,petrol,51484,437399,mumbai,1331,suv,manual,1.5 v i vtec
honda amaze,2013,petrol,59383,352599,mumbai,1376,sedan,automatic,1.2 sat i vtec
hyundai i10,2009,petrol,43158,200799,mumbai,902,hatchback,automatic,sportz 1.2 at
maruti vitara brezza,2017,diesel,19724,799999,mumbai,260,suv,manual,vdi opt
honda city,2008,petrol,82269,272799,mumbai,2037,sedan,manual,s mt petrol
maruti swift,2019,petrol,15415,717599,mumbai,1515,hatchback,,zxi plus amt
maruti wagon r 1.0,2016,petrol & cng,65990,342999,mumbai,1506,hatchback,manual,lxi cng
maruti wagon r 1.0,2017,petrol & cng,56328,364199,mumbai,3938,hatchback,manual,lxi cng
hyundai verna,2018,petrol,13197,1181299,mumbai,809,sedan,automatic,1.6 sx vtvt at (o)
maruti vitara brezza,2016,diesel,24367,717599,mumbai,1998,suv,manual,zdi
honda city,2013,petrol,82437,392299,mumbai,1277,sedan,manual,s mt petrol
maruti ertiga,2018,petrol & cng,34489,785399,mumbai,4106,suv,manual,vxi cng
maruti swift dzire,2013,diesel,69157,478899,mumbai,1422,sedan,manual,zdi
hyundai creta,2018,petrol,21960,1140793,mumbai,1642,suv,,1.6 sx (o) vtvt
maruti vitara brezza,2018,diesel,11025,882099,mumbai,2341,suv,automatic,zdi amt
ford figo,2010,petrol,85482,177999,mumbai,2304,hatchback,manual,1.2 titanium duratec
mahindra scorpio,2017,diesel,23836,1159377,mumbai,4031,suv,manual,s11
hyundai i20,2013,diesel,88809,383799,mumbai,985,hatchback,manual,sportz 1.4 crdi
mahindra xuv 3oo,2019,diesel,17468,1038682,mumbai,3137,suv,,w8(o)
hyundai venue,2019,petrol,8701,951699,mumbai,1789,suv,,1.0l turbo gdi sx(o) mt
honda city,2014,petrol,84851,521499,mumbai,1291,sedan,,vx (o) petrol
mahindra bolero,2015,diesel,81346,570899,mumbai,5242,suv,manual,slx bs iv
maruti ciaz,2017,diesel,83592,650499,mumbai,855,sedan,manual,alpha 1.3 ddis shvs
maruti wagon r 1.0,2014,petrol & cng,69919,313499,mumbai,1069,hatchback,manual,lxi cng
maruti celerio,2014,petrol & cng,81610,376699,mumbai,1809,hatchback,manual,vxi cng
mahindra xuv500,2016,diesel,72538,773199,mumbai,2716,luxury suv,manual,w6 4x2
mahindra marazzo,2018,diesel,23301,980099,mumbai,2931,,,m8 7 str
maruti ertiga,2012,diesel,93867,516899,mumbai,2323,suv,manual,zdi
volkswagen polo,2013,diesel,132643,311799,mumbai,2414,hatchback,manual,highline1.2l diesel
maruti a star,2013,petrol,100561,227299,mumbai,1870,hatchback,automatic,vxi abs at
ford ecosport,2015,diesel,96574,576499,mumbai,1740,suv,manual,1.5titanium tdci
maruti baleno,2017,petrol,66202,582099,mumbai,955,hatchback,manual,alpha 1.2 k12
mahindra xuv500,2014,diesel,146131,669999,mumbai,1380,luxury suv,manual,w8 fwd
toyota innova crysta,2017,diesel,183456,1423997,mumbai,4289,suv,manual,2.4 vx 8 str
maruti wagon r 1.0,2018,petrol & cng,15051,400000,mumbai,39,hatchback,manual,lxi cng
maruti swift dzire,2008,petrol,60536,160000,mumbai,1597,sedan,manual,vxi 1.3
hyundai i20,2009,petrol,97272,193500,mumbai,26,hatchback,manual,asta 1.2 o with sunroof
honda amaze,2015,petrol,43351,380000,mumbai,23,sedan,manual,1.2 smt i vtec
maruti wagon r 1.0,2017,petrol,33486,425000,mumbai,15,hatchback,manual,vxi
maruti celerio,2018,petrol,6875,550000,mumbai,49,hatchback,automatic,zxi opt amt
honda civic,2019,petrol,5265,1895000,mumbai,193,sedan,,zx cvt petrol
mahindra kuv100,2016,petrol,25723,340000,mumbai,38,suv,manual,k2 6 str
maruti baleno,2020,petrol,10934,795000,mumbai,119,hatchback,manual,alpha 1.2 k12
honda brio,2013,petrol,47118,310000,mumbai,26,hatchback,manual,1.2 e mt i vtec
skoda fabia,2011,diesel,80325,200000,mumbai,130,hatchback,manual,ambition plus 1.2 tdi
honda city,2016,petrol,34389,650000,mumbai,74,sedan,manual,s mt petrol
maruti swift,2011,diesel,60691,300000,mumbai,92,hatchback,manual,ldi bs iv
maruti celerio,2017,petrol,31285,515000,mumbai,18,hatchback,automatic,zxi amt
hyundai tucson new,2018,petrol,20086,1745000,mumbai,111,luxury suv,,2wd at gls petrol
maruti ertiga,2015,diesel,78558,650000,mumbai,35,suv,manual,vdi abs
tata tiago,2017,petrol,23486,480000,mumbai,33,hatchback,manual,xt 1.2 revotron
mahindra marazzo,2018,diesel,30439,1065000,mumbai,118,,,m8 7 str
maruti wagon r 1.0,2013,petrol & cng,80988,300000,mumbai,87,hatchback,manual,lxi cng
hyundai grand i10,2014,petrol,73294,390000,mumbai,16,hatchback,manual,sportz 1.2 kappa vtvt
mahindra renault logan,2007,petrol,13318,102000,mumbai,151,sedan,manual,glx 1.4
hyundai creta,2016,petrol,58756,981000,mumbai,61,suv,,1.6 sx plus vtvt
maruti alto k10,2011,petrol,23356,180699,mumbai,3525,hatchback,manual,lxi
hyundai i10,2016,petrol,12135,378799,mumbai,1258,hatchback,manual,magna 1.1 irde2
honda amaze,2018,diesel,47701,841000,mumbai,37,sedan,,1.5 v cvt i-dtec
maruti alto,2010,petrol,15387,158599,mumbai,979,hatchback,manual,lxi
maruti sx4,2008,petrol,91694,130499,mumbai,7784,sedan,manual,zxi
tata tiago,2018,petrol,16384,512599,mumbai,1319,hatchback,,xza 1.2 revotron
maruti celerio,2015,petrol,26209,384999,mumbai,2405,hatchback,automatic,vxi amt
honda jazz,2017,petrol,18365,563299,mumbai,951,hatchback,manual,1.2 v mt
maruti alto,2020,petrol & cng,6365,379699,mumbai,2786,hatchback,manual,lxi cng
ford ecosport,2013,petrol,44529,503299,mumbai,1864,suv,automatic,1.5 titanium ti vct at
hyundai verna,2012,petrol,32857,418199,mumbai,1570,sedan,manual,fluidic 1.6 sx vtvt
hyundai i10,2009,petrol,24185,213999,mumbai,515,hatchback,manual,magna 1.2
honda city,2013,petrol,45750,520000,mumbai,153,sedan,automatic,v at
maruti swift dzire,2011,petrol,124181,299000,mumbai,22,sedan,manual,vxi 1.2 bs iv
honda jazz,2011,petrol,64395,223399,mumbai,2564,hatchback,manual,1.2 select i vtec
honda city,2010,petrol & cng,72090,257699,mumbai,1360,sedan,manual,v mt petrol
maruti ertiga,2017,diesel,19573,818999,mumbai,1389,suv,manual,vdi shvs
hyundai elite i20,2014,petrol,49596,495899,mumbai,500,hatchback,manual,sportz (o) 1.2
tata manza,2010,petrol,62025,141099,mumbai,2571,sedan,manual,aura abs safire bs iv
volkswagen jetta,2015,diesel,19318,852999,mumbai,609,sedan,automatic,highline tdi at
maruti baleno,2019,petrol,5063,725699,mumbai,1835,hatchback,manual,alpha 1.2 k12
maruti ciaz,2017,petrol,43192,574099,mumbai,1501,sedan,manual,delta 1.4 vvt
jeep compass,2017,diesel,9721,1667609,mumbai,2138,luxury suv,,limited (o) 2.0
hyundai verna,2018,petrol,5236,1141000,mumbai,144,sedan,automatic,1.6 sx vtvt at (o)
chevrolet spark,2012,petrol,70997,135699,mumbai,2431,hatchback,manual,lt 1.0
maruti dzire,2017,petrol,41902,562899,mumbai,1055,sedan,manual,vxi
maruti wagon r 1.0,2018,petrol & cng,35592,417899,mumbai,1099,hatchback,manual,lxi cng
maruti ertiga,2019,petrol & cng,29123,820099,mumbai,6138,suv,manual,vxi cng
honda city zx,2008,petrol,78902,190399,mumbai,1932,sedan,manual,1.5 vtec plus
maruti ertiga,2015,petrol & cng,64172,658399,mumbai,1012,suv,,vxi cng anniversary edition
volkswagen vento,2014,diesel,96603,413899,mumbai,821,sedan,automatic,highline tdi at
mahindra scorpio,2019,diesel,16303,1247651,mumbai,5160,suv,,s9
honda city zx,2008,petrol,79397,170399,mumbai,4177,sedan,,1.5 exi
toyota fortuner,2015,diesel,27905,1718599,mumbai,2766,luxury suv,automatic,3.0 at 4x2
maruti ertiga,2019,petrol,13154,1075000,mumbai,184,suv,,zxi smart hybrid at
toyota corolla altis,2009,petrol,92819,235799,mumbai,847,luxury sedan,,1.8 g
bmw 3 series,2012,diesel,60588,816399,mumbai,2671,luxury sedan,automatic,320d
bmw 3 series,2015,diesel,63181,1547116,mumbai,2561,luxury sedan,automatic,320d luxuryline
toyota corolla altis,2011,petrol & cng,102438,375000,mumbai,51,luxury sedan,manual,gl
hyundai i20,2011,petrol & cng,113703,277499,mumbai,976,hatchback,manual,magna o 1.2
hyundai i10,2009,petrol,76286,183099,mumbai,398,hatchback,manual,magna 1.2
ford ecosport,2015,petrol,70795,486899,mumbai,1321,suv,manual,1.5 titanium ti vct
volkswagen polo,2012,diesel,95549,266099,mumbai,1243,hatchback,manual,comfortline 1.2l diesel
honda civic,2009,petrol,61552,272499,mumbai,1254,sedan,manual,1.8v mt
ssangyong rexton,2013,diesel,90404,565299,mumbai,762,luxury suv,manual,rx7
tata tiago,2016,petrol,67206,398699,mumbai,488,hatchback,manual,xz 1.2 revotron
honda crv,2007,petrol & cng,111084,296799,mumbai,1723,luxury suv,automatic,2.4 at
maruti swift,2011,petrol & cng,101184,332099,mumbai,672,hatchback,manual,zxi
toyota fortuner,2017,diesel,91620,2462277,mumbai,2580,luxury suv,manual,2.8 4x2 mt
nissan terrano,2013,diesel,127170,433999,mumbai,868,suv,manual,xv d thp premium 110 ps
honda city,2012,petrol & cng,115542,384599,mumbai,2899,sedan,,v mt sunroof
ford ecosport,2013,diesel,104672,492199,mumbai,2403,suv,manual,1.5titanium tdci
hyundai eon,2013,petrol,114958,206599,mumbai,1051,hatchback,manual,magna plus
honda city,2014,diesel,113552,482899,mumbai,432,sedan,manual,v mt diesel
toyota fortuner,2011,diesel,173347,877099,mumbai,1589,luxury suv,manual,3.0 mt 4x4
toyota innova,2010,diesel,247917,592399,mumbai,493,suv,manual,2.5 v 8 str
toyota fortuner,2018,diesel,54802,3250000,mumbai,152,luxury suv,automatic,2.8 4x4 at
honda amaze,2013,diesel,114975,237000,mumbai,149,sedan,manual,1.5 smt i dtec
chevrolet spark,2011,petrol,41692,75000,mumbai,290,hatchback,manual,e 1.0
mahindra xuv500,2015,diesel,70954,800000,mumbai,197,suv,manual,w10
mahindra renault logan,2008,diesel,132353,60000,mumbai,215,sedan,manual,dle 1.5 dci
skoda yeti,2013,diesel,124051,364000,mumbai,193,luxury suv,manual,ambition 2.0 tdi 4x2
maruti vitara brezza,2018,diesel,20017,820000,mumbai,109,,,vdi amt
maruti alto k10,2010,petrol,80200,120000,mumbai,158,hatchback,manual,vxi
maruti celerio,2015,petrol & cng,17861,344000,mumbai,326,hatchback,manual,vxi cng
renault duster,2012,diesel,40354,500000,mumbai,25,suv,manual,110 ps rxz diesel opt
maruti baleno,2016,petrol,38663,460000,mumbai,143,hatchback,manual,sigma 1.2 k12
hyundai verna,2016,diesel,80403,800000,mumbai,172,sedan,manual,fluidic 1.6 crdi s
tata sumo gold,2014,diesel,134600,350000,mumbai,464,suv,manual,ex
skoda superb,2014,petrol,58189,850000,mumbai,140,luxury sedan,automatic,elegance 1.8 tsi at
toyota innova,2013,diesel,246865,700000,mumbai,119,suv,manual,2.5 gx 8 str bs iv
tata indica v2,2003,diesel,90458,150000,mumbai,157,hatchback,manual,dls
renault duster,2013,diesel,87671,420000,mumbai,176,suv,manual,rxz diesel 110
toyota innova,2007,diesel,155130,380000,mumbai,109,suv,manual,2.5 g4 8 str
maruti alto 800,2012,petrol,15417,275000,mumbai,106,hatchback,manual,lxi
maruti a star,2008,petrol,34166,150000,mumbai,201,hatchback,manual,zxi
honda mobilio,2015,petrol,20612,600000,mumbai,139,suv,manual,1.5 v i vtec
hyundai eon,2015,petrol,25628,265000,mumbai,126,hatchback,manual,era plus
mercedes benz e class,2011,diesel,83602,1260000,mumbai,139,luxury sedan,manual,e 220 cdi elegance
nissan terrano,2014,diesel,51516,600000,mumbai,143,suv,manual,xv 110 diesel
hyundai i10,2010,petrol,33567,180000,mumbai,67,hatchback,manual,era 1.1 1rde2
toyota fortuner,2010,diesel,109598,1000000,mumbai,905,luxury suv,manual,3.0 mt 4x4
ford figo,2012,petrol,83698,170000,mumbai,36,hatchback,manual,1.2 exi duratec
renault kwid,2016,petrol,8944,280000,mumbai,33,hatchback,manual,rxl
toyota etios,2012,diesel,109198,350000,mumbai,392,sedan,manual,gd
maruti vitara brezza,2017,diesel,53377,825000,mumbai,33,suv,manual,zdi plus dual tone
maruti ciaz,2016,diesel,21926,825000,mumbai,63,sedan,manual,zdi shvs
maruti swift dzire,2010,petrol,32650,225000,mumbai,60,sedan,manual,vxi
hyundai verna,2017,diesel,34871,1150000,mumbai,13,,,1.6 sx (o) at crdi
tata tiago,2020,petrol,1791,508299,pune,5596,hatchback,manual,xt 1.2 revotron
maruti baleno,2016,petrol,10229,568299,pune,4315,hatchback,manual,delta 1.2 k12
hyundai eon,2012,petrol,36400,179199,pune,3181,hatchback,manual,era plus
maruti swift,2015,petrol,14864,400099,pune,2619,hatchback,manual,vxi
toyota etios liva,2012,petrol,40006,278699,pune,5489,hatchback,manual,vx
hyundai grand i10,2015,petrol,31398,474299,pune,1901,hatchback,manual,asta at 1.2 kappa vtvt
maruti alto 800,2014,petrol,34126,256799,pune,1325,hatchback,manual,lxi
maruti wagon r 1.0,2016,petrol,8974,413899,pune,2727,hatchback,automatic,vxi amt
honda brio,2012,petrol,23210,268999,pune,3953,hatchback,manual,1.2 s mt i vtec
hyundai grand i10,2016,petrol,25338,468499,pune,2269,hatchback,manual,sportz 1.2 kappa vtvt
maruti alto k10,2015,petrol,14170,329899,pune,1658,hatchback,,vxi amt
hyundai elite i20,2018,petrol,15519,608899,pune,2059,hatchback,manual,asta 1.2
maruti wagon r 1.0,2014,petrol,16251,363299,pune,2162,hatchback,manual,vxi
hyundai grand i10,2015,petrol,12833,461399,pune,2516,hatchback,manual,asta 1.2 kappa vtvt
maruti wagon r 1.0,2013,petrol,48362,290999,pune,2553,hatchback,manual,lxi
maruti wagon r 1.0,2017,petrol & cng,28987,414999,pune,2203,hatchback,manual,lxi cng
hyundai i10,2012,petrol,43211,261499,pune,744,hatchback,manual,era 1.1 irde
hyundai accent,2011,petrol,58344,142299,pune,10212,sedan,manual,executive gle
hyundai xcent,2014,petrol,33642,417299,pune,2245,sedan,manual,s 1.2
hyundai i10,2013,petrol,8767,248499,pune,4675,hatchback,manual,era 1.1 irde
honda brio,2012,petrol,40636,260199,pune,1870,hatchback,manual,1.2 e mt i vtec
maruti wagon r 1.0,2012,petrol,21482,284099,pune,1356,hatchback,manual,vxi
maruti wagon r 1.0,2017,petrol,20577,396199,pune,2632,hatchback,manual,vxi
maruti alto 800,2015,petrol,7478,277599,pune,1120,hatchback,manual,lxi
honda amaze,2015,petrol,34994,423799,pune,1703,sedan,manual,1.2 smt i vtec
maruti swift,2012,petrol,32628,383899,pune,1988,hatchback,manual,vxi
maruti swift,2013,petrol,45056,373599,pune,4364,hatchback,manual,vxi
hyundai i10,2012,petrol,44574,290899,pune,2139,hatchback,manual,sportz 1.2 kappa2
maruti alto k10,2014,petrol,35957,226699,pune,1652,hatchback,manual,vxi
renault kwid,2016,petrol,20385,274299,pune,4149,hatchback,manual,rxl
tata tiago,2016,petrol,32014,400699,pune,4956,hatchback,manual,xz 1.2 revotron
volkswagen ameo,2016,petrol,9755,520799,pune,2950,sedan,manual,highline 1.2
hyundai grand i10,2016,petrol,30367,430299,pune,1613,hatchback,manual,sportz 1.2 kappa vtvt
hyundai grand i10,2016,petrol,15184,457499,pune,1499,hatchback,manual,magna 1.2 kappa vtvt
hyundai grand i10,2015,petrol,27404,448399,pune,473,hatchback,manual,asta at 1.2 kappa vtvt
maruti alto 800,2017,petrol,39459,247199,pune,1721,hatchback,manual,lxi opt
maruti swift,2010,petrol,54882,287399,pune,4545,hatchback,manual,lxi
maruti wagon r stingray,2014,petrol,9296,322699,pune,2480,hatchback,manual,vxi
hyundai grand i10,2015,petrol,49377,351799,pune,1417,hatchback,manual,magna 1.2 vtvt
maruti wagon r 1.0,2014,petrol,26494,357499,pune,1078,hatchback,manual,vxi
maruti wagon r 1.0,2017,petrol,11077,409799,pune,1220,hatchback,manual,vxi
volkswagen polo,2014,petrol,36709,472799,pune,2160,hatchback,manual,highline1.2l petrol
hyundai i10,2012,petrol,31741,313499,pune,802,hatchback,manual,sportz 1.2 kappa2
maruti alto 800,2016,petrol,4887,298699,pune,1209,hatchback,manual,lxi
maruti new  wagon-r,2019,petrol,5562,567899,pune,3169,,,zxi 1.2
hyundai eon,2014,petrol,17416,272099,pune,1545,hatchback,manual,era plus
hyundai grand i10,2016,petrol,5844,482299,pune,956,hatchback,manual,sportz 1.2 kappa vtvt
maruti alto k10,2015,petrol,26051,290699,pune,1237,hatchback,,vxi amt
hyundai grand i10,2017,petrol,1805,482899,pune,1870,hatchback,manual,magna 1.2 kappa vtvt
toyota etios liva,2013,diesel,46910,393699,pune,2042,hatchback,manual,gd
maruti alto 800,2013,petrol,43902,219599,pune,1686,hatchback,manual,lxi
maruti celerio x,2018,petrol,27090,418399,pune,2079,hatchback,manual,vxi
hyundai grand i10,2017,petrol,39825,434199,pune,872,hatchback,manual,sportz 1.2 kappa vtvt
maruti alto k10,2012,petrol,48367,203599,pune,556,hatchback,manual,vxi
hyundai grand i10,2016,petrol,1139,485699,pune,1316,hatchback,manual,sportz 1.2 kappa vtvt
maruti wagon r 1.0,2013,petrol,55905,258499,pune,2771,hatchback,manual,lxi
hyundai i10,2011,petrol,64382,278999,pune,1023,hatchback,automatic,sportz 1.2 at kappa2
maruti alto 800,2015,petrol,17753,240299,pune,677,hatchback,manual,lxi
maruti swift,2015,petrol,32936,464599,pune,2985,hatchback,manual,vxi
maruti alto 800,2014,petrol,22538,245799,pune,2898,hatchback,manual,vxi
hyundai elite i20,2016,petrol,25351,547099,pune,1327,hatchback,manual,sportz 1.2
hyundai i10,2013,petrol,56689,249199,pune,1640,hatchback,manual,era 1.1 irde
honda jazz,2016,petrol,32785,580399,pune,1959,hatchback,automatic,1.2 v at
maruti baleno,2017,petrol,25533,555199,pune,1396,hatchback,manual,delta 1.2 k12
maruti swift,2014,petrol,16107,466399,pune,1104,hatchback,manual,vxi
maruti alto,2011,petrol,48837,205299,pune,418,hatchback,manual,lxi
maruti swift,2013,petrol,59807,389399,pune,2788,hatchback,manual,vxi
maruti alto k10,2018,petrol,13563,362999,pune,1369,hatchback,,vxi (o) amt
maruti swift,2015,petrol,37260,410799,pune,2943,hatchback,manual,vxi
hyundai i10,2011,petrol,34281,265599,pune,1509,hatchback,manual,magna 1.2 kappa2
hyundai i10,2010,petrol,60563,230599,pune,643,hatchback,manual,magna 1.2
hyundai elite i20,2016,petrol,23621,592899,pune,666,hatchback,manual,sportz 1.2
volkswagen vento,2013,petrol,58406,416099,pune,2099,sedan,manual,highline petrol
renault kwid,2019,petrol,16902,351199,pune,1577,hatchback,manual,rxl
maruti swift dzire,2015,petrol,49741,473699,pune,1019,sedan,manual,vxi 1.2 bs iv
maruti baleno,2016,petrol,32919,521699,pune,1255,hatchback,manual,delta 1.2 k12
maruti baleno,2018,petrol,4583,679999,pune,1598,hatchback,manual,zeta 1.2 k12
honda brio,2015,petrol,68406,337999,pune,838,hatchback,manual,1.2 s mt i vtec
hyundai grand i10,2015,petrol,33435,471399,pune,658,hatchback,manual,asta at 1.2 kappa vtvt
hyundai grand i10,2017,petrol,20101,525599,pune,1496,hatchback,,sportz (o) 1.2 at vtvt
maruti wagon r 1.0,2010,petrol,66489,247399,pune,633,hatchback,manual,lxi
maruti swift,2011,diesel,68471,393199,pune,1278,hatchback,manual,vdi
maruti alto k10,2013,petrol,50976,223899,pune,1006,hatchback,manual,vxi
renault kwid,2018,petrol,22513,346199,pune,255,hatchback,manual,rxt opt
maruti alto 800,2017,petrol,39100,302299,pune,837,hatchback,manual,vxi
maruti alto k10,2015,petrol,7954,324899,pune,543,hatchback,manual,vxi
hyundai grand i10,2015,petrol,31300,493199,pune,223,hatchback,manual,asta at 1.2 kappa vtvt
hyundai i10,2010,petrol,56204,241499,pune,484,hatchback,manual,magna 1.2
maruti wagon r,2009,petrol,20007,207799,pune,2216,hatchback,manual,lxi minor
maruti baleno,2018,petrol,13677,642399,pune,1898,hatchback,manual,zeta 1.2 k12
hyundai i10,2011,petrol,54473,276499,pune,1255,hatchback,automatic,sportz 1.2 at kappa2
maruti alto,2009,petrol,24653,164499,pune,215,hatchback,manual,lxi
maruti swift,2016,petrol,16266,487899,pune,3678,hatchback,manual,vxi
hyundai grand i10,2015,petrol,48057,392699,pune,1071,hatchback,manual,magna 1.2 kappa vtvt
maruti wagon r 1.0,2014,petrol & cng,66606,326799,pune,1486,hatchback,manual,lxi cng
maruti swift,2015,petrol,24846,516299,pune,474,hatchback,manual,vxi
hyundai grand i10,2015,petrol,30559,429499,pune,666,hatchback,manual,asta at 1.2 kappa vtvt
maruti alto,2009,petrol,34558,158799,pune,1919,hatchback,manual,lxi
maruti wagon r 1.0,2015,petrol,55390,356899,pune,461,hatchback,manual,vxi
honda city,2009,petrol,49788,226399,pune,6211,sedan,manual,s mt petrol
maruti dzire,2017,petrol,30348,658399,pune,1599,sedan,automatic,zxi amt
renault kwid,2016,petrol,41811,308799,pune,722,hatchback,manual,rxt opt
volkswagen vento,2011,petrol,71758,314799,pune,1892,sedan,manual,highline petrol
chevrolet spark,2011,petrol,73402,144699,pune,2271,hatchback,manual,lt 1.0
maruti swift,2013,diesel,60422,355599,pune,2925,hatchback,manual,vdi
maruti alto k10,2014,petrol,56479,259399,pune,758,hatchback,manual,vxi
maruti alto 800,2015,petrol,54112,255499,pune,512,hatchback,manual,lxi
maruti celerio,2018,petrol,19824,427499,pune,1947,hatchback,manual,vxi
hyundai i10,2011,petrol,71720,226599,pune,1404,hatchback,manual,sportz 1.2 kappa2
volkswagen ameo,2016,petrol,52907,374999,pune,2546,sedan,manual,comfortline 1.2
hyundai grand i10,2015,petrol,54283,403199,pune,798,hatchback,manual,asta 1.2 kappa vtvt
maruti wagon r 1.0,2016,petrol,54988,373399,pune,859,hatchback,automatic,vxi amt
maruti alto k10,2015,petrol,53317,304599,pune,529,hatchback,manual,vxi
hyundai eon,2012,petrol,58646,203799,pune,1348,hatchback,manual,era plus
maruti wagon r,2009,petrol,47016,203799,pune,1298,hatchback,manual,lxi minor
maruti wagon r 1.0,2012,petrol,77355,266799,pune,996,hatchback,manual,lxi
hyundai i10,2013,petrol,64501,288399,pune,792,hatchback,manual,magna 1.2 kappa2
volkswagen polo,2017,petrol,71115,708899,pune,562,hatchback,automatic,gt tsi 1.2 petrol at
volkswagen polo,2010,petrol,106705,248299,pune,2062,hatchback,manual,highline1.2l petrol
hyundai elite i20,2019,petrol,1414,749399,pune,1788,hatchback,,1.2 sports plus vtvt
volkswagen polo,2016,petrol,45308,632999,pune,1006,hatchback,automatic,gt tsi 1.2 petrol at
maruti swift,2011,diesel,80805,401399,pune,431,hatchback,manual,vdi
hyundai elite i20,2016,petrol,65640,458599,pune,1548,hatchback,manual,magna 1.2
maruti baleno,2018,petrol,38598,612499,pune,787,hatchback,automatic,delta 1.2 k12 amt
maruti alto k10,2010,petrol,75320,155699,pune,859,hatchback,manual,lxi
jeep compass,2018,diesel,13960,1526310,pune,3768,luxury suv,manual,2.0 sport
honda amaze,2013,petrol,70832,356799,pune,1235,sedan,manual,1.2 smt i vtec
hyundai i20 active,2018,petrol,21509,600799,pune,2983,hatchback,manual,1.2 s
maruti swift dzire,2014,petrol,59950,476199,pune,627,sedan,manual,vxi 1.2 bs iv
hyundai grand i10,2015,petrol,55009,432699,pune,822,hatchback,manual,asta at 1.2 kappa vtvt
maruti celerio,2014,petrol,66904,375899,pune,798,hatchback,manual,vxi
maruti baleno,2016,diesel,62876,625399,pune,1935,hatchback,manual,alpha ddis 190
maruti baleno,2016,petrol,61536,561099,pune,552,hatchback,automatic,zeta 1.2 k12 amt
maruti new  wagon-r,2019,petrol,38522,547399,pune,931,,,vxi (o)1.ol ags
hyundai i20,2009,petrol,77165,259999,pune,753,hatchback,manual,asta 1.2
hyundai i10,2009,petrol,60172,201799,pune,374,hatchback,manual,magna 1.2
maruti ertiga,2018,diesel,7020,903499,pune,1844,suv,manual,vdi shvs
maruti baleno,2016,petrol,45907,539899,pune,1344,hatchback,manual,delta 1.2 k12
honda crv,2015,petrol,70001,1196242,pune,2473,luxury suv,,2.4 at 4wd avn
maruti wagon r,2009,petrol,63745,197599,pune,1136,hatchback,manual,lxi minor
maruti swift,2013,petrol,88454,362799,pune,1549,hatchback,manual,vxi
maruti wagon r,2007,petrol,65402,120199,pune,5473,hatchback,manual,vxi bs iii
hyundai xcent,2014,petrol,84803,401299,pune,1518,sedan,manual,s 1.2 opt
maruti swift dzire,2016,petrol,54503,518699,pune,1911,sedan,manual,vxi 1.2 bs iv
maruti a star,2010,petrol,89700,178899,pune,3356,hatchback,manual,vxi
hyundai i10,2007,petrol,40214,179899,pune,6779,hatchback,manual,magna
hyundai i20,2010,petrol,73213,259199,pune,761,hatchback,manual,magna o 1.2
maruti ritz,2010,petrol,83908,213399,pune,1116,hatchback,manual,vxi bs iv
skoda rapid,2014,diesel,93514,408499,pune,2455,sedan,manual,1.6 tdi mt ambition plus
hyundai elite i20,2019,petrol,7769,726699,pune,1496,hatchback,,1.2 sports plus vtvt
hyundai i10,2012,petrol,71455,297299,pune,651,hatchback,manual,sportz 1.2 kappa2
maruti alto k10,2012,petrol,53513,196999,pune,2044,hatchback,manual,lxi
honda city,2015,petrol,51457,732699,pune,1750,sedan,automatic,vx cvt petrol
hyundai eon,2013,petrol,87041,214699,pune,1075,hatchback,manual,era plus
hyundai i20,2011,petrol,84008,319399,pune,529,hatchback,manual,sportz 1.2 o
maruti celerio,2017,petrol,88966,387099,pune,1187,hatchback,automatic,vxi amt
maruti ertiga,2016,diesel,46478,774599,pune,1446,suv,manual,vdi shvs
maruti wagon r,2010,petrol,77896,262599,pune,2218,hatchback,manual,vxi
ford figo,2011,diesel,82936,283199,pune,639,hatchback,manual,1.4 titanium duratorq
renault kwid,2016,petrol,86031,256699,pune,1963,hatchback,manual,rxl
hyundai venue,2019,petrol,10468,1108978,pune,2179,suv,,1.0 turbo gdi sx+ at
maruti alto,2009,petrol,87978,154999,pune,709,hatchback,manual,lxi
maruti alto k10,2010,petrol,75401,165799,pune,1277,hatchback,manual,vxi
hyundai santro xing,2009,petrol,47439,202899,pune,264,hatchback,manual,gls
maruti dzire,2017,petrol,65919,669299,pune,441,sedan,manual,zxi
toyota innova,2016,diesel,76252,1066255,pune,2719,suv,manual,2.5 gx 8 str bs iv
maruti swift,2011,diesel,91145,380099,pune,997,hatchback,manual,vdi
hyundai grand i10,2016,petrol,77137,409399,pune,1259,hatchback,manual,sportz 1.2 kappa vtvt
toyota innova crysta,2017,diesel,84193,1645288,pune,2492,suv,automatic,2.8 zx at 7 str
jeep compass,2017,diesel,67410,1372285,pune,2481,luxury suv,,2.0 limited 4*2
hyundai elite i20,2017,petrol,57453,572199,pune,946,hatchback,manual,asta 1.2
hyundai getz prime,2009,petrol,69959,145399,pune,704,hatchback,manual,1.1 gvs
maruti a star,2010,petrol,80711,181899,pune,1208,hatchback,manual,zxi
hyundai i20,2009,petrol,116752,266799,pune,766,hatchback,manual,asta 1.2
volkswagen vento,2016,petrol,68067,674399,pune,1224,sedan,,highline 1.2 tsi at
volkswagen polo,2013,petrol,87568,260499,pune,2627,hatchback,manual,comfortline 1.2l petrol
honda city zx,2008,petrol,103788,167899,pune,3716,sedan,manual,gxi
maruti alto,2009,petrol,78447,158599,pune,1422,hatchback,manual,lxi
maruti wagon r 1.0,2012,petrol & cng,82862,307699,pune,783,hatchback,manual,lxi cng
hyundai i20,2011,petrol,93869,339399,pune,401,hatchback,manual,sportz 1.2 o
honda city,2010,petrol,90590,358999,pune,780,sedan,manual,s mt petrol
tata hexa,2017,diesel,30763,1357640,pune,1676,suv,automatic,varicor 400 xta
maruti celerio,2014,petrol,99942,368699,pune,442,hatchback,manual,vxi
tata hexa,2018,diesel,62957,1283405,pune,1669,suv,automatic,varicor 400 xta
hyundai i10,2007,petrol,79454,187399,pune,840,hatchback,manual,magna
hyundai i10,2009,petrol,116081,180899,pune,1225,hatchback,manual,magna 1.2
maruti baleno,2017,petrol,64886,526399,pune,730,hatchback,manual,delta 1.2 k12
maruti baleno,2015,petrol,77092,490299,pune,2313,hatchback,manual,alpha 1.2 k12
hyundai grand i10,2015,petrol,71225,437499,pune,527,hatchback,manual,asta at 1.2 kappa vtvt
honda city,2010,petrol,86174,395499,pune,508,sedan,manual,s mt petrol
tata nexon,2018,diesel,18137,902999,pune,2290,suv,,xza+ 1.5
maruti alto 800,2016,petrol & cng,99124,272299,pune,1604,hatchback,manual,lxi cng
maruti baleno,2017,petrol,90932,565799,pune,905,hatchback,,rs 1.0 petrol
volkswagen polo,2016,petrol,60386,433099,pune,1159,hatchback,manual,comfortline 1.2l petrol
tata hexa,2018,diesel,27963,1355620,pune,1732,suv,automatic,varicor 400 xta
maruti alto 800,2014,petrol & cng,76131,266399,pune,1632,hatchback,manual,lxi cng
hyundai elite i20,2014,petrol,83012,499999,pune,963,hatchback,manual,asta 1.2
mahindra bolero,2018,diesel,45899,805299,pune,4723,suv,manual,power+ zlx
fiat grand punto,2014,diesel,81737,330399,pune,2571,hatchback,manual,sport 1.3
maruti ertiga,2017,diesel,86128,821199,pune,808,suv,manual,zdi plus shvs
maruti swift,2012,petrol,100481,321399,pune,1237,hatchback,manual,vxi
maruti ertiga,2015,diesel,79830,709999,pune,849,suv,manual,vdi abs
hyundai i20,2012,petrol,88590,343299,pune,1298,hatchback,manual,sportz 1.2 vtvt
hyundai i10,2012,petrol,102372,291399,pune,1022,hatchback,automatic,sportz 1.2 at kappa2
maruti swift dzire,2013,diesel,84711,532499,pune,447,sedan,manual,vdi bs iv
hyundai xcent,2015,petrol,113465,415199,pune,857,sedan,manual,sx 1.2
toyota corolla altis,2015,petrol,77611,863199,pune,2397,luxury sedan,automatic,vl at
volkswagen polo,2011,petrol,100982,316899,pune,369,hatchback,manual,highline1.2l petrol
skoda rapid,2012,diesel,105917,330599,pune,1396,sedan,manual,elegance 1.6 tdi mt
maruti wagon r 1.0,2012,petrol,94879,266499,pune,666,hatchback,manual,vxi
maruti swift,2009,diesel,123493,208299,pune,2032,hatchback,manual,vdi
hyundai i10,2009,petrol,131364,181199,pune,1735,hatchback,manual,magna 1.2
toyota innova,2013,diesel,80576,823999,pune,1562,suv,manual,2.5 gx 8 str bs iv
maruti wagon r 1.0,2011,petrol,117927,225499,pune,2930,hatchback,manual,lxi
maruti swift dzire,2015,petrol,93971,459799,pune,1294,sedan,manual,vxi 1.2 bs iv
hyundai verna,2017,diesel,75242,962999,pune,4169,sedan,,1.6 sx (o) crdi mt
hyundai i20,2014,petrol,94847,376499,pune,1651,hatchback,manual,sportz 1.2 vtvt
hyundai eon,2014,petrol,87051,236999,pune,1149,hatchback,manual,era plus
maruti swift dzire,2011,petrol,125071,308699,pune,935,sedan,manual,vxi 1.2 bs iv
maruti alto 800,2016,petrol & cng,110584,278799,pune,835,hatchback,manual,lxi cng
maruti ertiga,2019,diesel,59858,1066053,pune,4132,suv,manual,vdi
hyundai creta,2018,diesel,52987,1030602,pune,754,suv,,1.4 e plus crdi
maruti new  wagon-r,2019,petrol & cng,39718,563699,pune,818,,,lxi cng 1.0 l
maruti wagon r 1.0,2014,petrol & cng,96603,361999,pune,272,hatchback,manual,lxi cng
maruti wagon r 1.0,2015,petrol,102809,323099,pune,306,hatchback,manual,lxi
skoda rapid,2012,diesel,123831,349699,pune,501,sedan,manual,elegance 1.6 tdi mt
honda wr-v,2018,diesel,79530,816499,pune,1188,suv,manual,1.5 i-dtec vx mt
honda wr-v,2018,diesel,77157,839299,pune,908,suv,manual,1.5 i-dtec vx mt
hyundai i10,2010,petrol,105844,227099,pune,483,hatchback,manual,magna 1.2
maruti ritz,2010,petrol,95984,208299,pune,790,hatchback,manual,vxi bs iv
maruti swift dzire,2014,diesel,106190,519999,pune,789,sedan,manual,vdi bs iv
hyundai creta,2015,diesel,99645,814999,pune,1165,suv,,1.6 sx (o) crdi
maruti baleno,2016,diesel,92601,608099,pune,968,hatchback,manual,alpha ddis 190
volkswagen jetta,2012,diesel,123383,473799,pune,1567,sedan,automatic,highline tdi at
maruti ertiga,2015,diesel,99046,617999,pune,1962,suv,manual,vdi abs
volkswagen vento,2014,diesel,151201,393999,pune,656,sedan,manual,highline diesel
maruti swift,2013,diesel,162143,433399,pune,979,hatchback,manual,zdi
skoda rapid,2015,diesel,109167,484999,pune,333,sedan,manual,1.5 tdi mt elegance
hyundai creta,2016,petrol,111419,1000299,pune,1207,suv,automatic,1.6 sx plus auto petrol
maruti swift,2014,diesel,120062,492999,pune,1289,hatchback,manual,zdi
maruti wagon r 1.0,2014,petrol & cng,102760,321499,pune,1144,hatchback,manual,lxi cng
maruti alto 800,2013,petrol & cng,115720,221199,pune,1479,hatchback,manual,lxi cng
maruti celerio,2015,petrol & cng,160968,320699,pune,1475,hatchback,manual,vxi cng
toyota innova,2013,diesel,107995,772599,pune,1345,suv,manual,2.5 vx 7 str bs iv
maruti swift,2014,diesel,133435,509599,pune,460,hatchback,manual,zdi
volkswagen vento,2013,diesel,146692,391399,pune,892,sedan,manual,comfortline diesel
renault duster,2012,diesel,125767,540299,pune,1056,suv,manual,rxz diesel 110
maruti ertiga,2016,diesel,130191,734499,pune,531,suv,manual,vdi shvs
bmw 5 series,2013,diesel,93457,1469346,pune,3440,luxury sedan,automatic,520d 2.0
toyota etios,2011,petrol,170425,237499,pune,2362,sedan,manual,v
mercedes benz cla class,2015,diesel,109092,1784163,pune,4877,luxury sedan,manual,cla 200 cdi sport
skoda octavia,2014,petrol,158960,807399,pune,2324,luxury sedan,automatic,elegance 1.8 tsi at
ford figo,2011,diesel,163480,249599,pune,705,hatchback,manual,1.4 titanium duratorq
hyundai elite i20,2014,diesel,169488,495199,pune,1131,hatchback,manual,magna 1.4 crdi
hyundai elite i20,2017,diesel,128128,644199,pune,1790,hatchback,manual,1.4 crdi asta (o)
mahindra xylo,2011,diesel,206243,306699,pune,1209,suv,manual,e8 abs bs iv
volkswagen vento,2013,diesel,120100,451599,pune,521,sedan,manual,comfortline diesel
maruti swift dzire,2012,diesel,143850,465699,pune,1187,sedan,manual,vdi bs iv
toyota fortuner,2015,diesel,276496,1402080,pune,1347,luxury suv,manual,3.0 mt 4x2
mercedes benz e class,2013,petrol,122242,1414200,pune,43573,luxury sedan,manual,200 elegance
honda brio,2014,petrol,141973,330499,pune,229,hatchback,manual,1.2 vx mt i vtec
toyota fortuner,2012,diesel,128749,995799,pune,3805,luxury suv,manual,3.0 mt 4x2
toyota innova,2014,diesel,312882,792899,pune,1874,suv,manual,2.5 gx 8 str bs iv
datsun redi go,2017,petrol,18451,221199,pune,4735,hatchback,manual,t (o)
tata nano,2017,petrol,3476,183299,pune,5550,hatchback,automatic,twist xta
maruti wagon r 1.0,2014,petrol,10937,340199,pune,2114,hatchback,manual,vxi
maruti ignis,2018,petrol,11972,460899,pune,1325,hatchback,manual,delta 1.2 k12
hyundai xcent,2014,petrol,31054,422699,pune,1173,sedan,manual,s 1.2 opt
maruti wagon r 1.0,2014,petrol,38458,351499,pune,985,hatchback,manual,vxi
maruti alto 800,2013,petrol,25478,203399,pune,2417,hatchback,manual,lxi
hyundai grand i10,2016,petrol,33475,448599,pune,903,hatchback,manual,sportz 1.2 kappa vtvt
maruti ciaz,2015,diesel,17927,629999,pune,1792,sedan,manual,zdi
volkswagen vento,2015,petrol,23591,540399,pune,1890,sedan,,highline 1.2 tsi at
maruti baleno,2019,petrol,3139,695499,pune,891,hatchback,manual,delta 1.2 k12
maruti swift,2014,diesel,38846,490699,pune,1056,hatchback,manual,vdi
hyundai grand i10,2014,petrol,17987,406299,pune,883,hatchback,manual,sportz 1.2 kappa vtvt
renault kwid,2016,petrol,4749,331699,pune,1183,hatchback,,rxt 1.0 easy-r  at
maruti alto k10,2013,petrol,33351,220999,pune,2023,hatchback,manual,vxi
hyundai new elantra,2013,petrol,26382,507199,pune,1048,luxury sedan,manual,s 1.8 mt
maruti omni e,2019,petrol,19684,296699,pune,2070,,,std
hyundai grand i10,2013,petrol,25889,339599,pune,1865,hatchback,manual,magna 1.2 vtvt
hyundai verna,2011,petrol,48598,347899,pune,4098,sedan,manual,fluidic 1.6 sx vtvt opt
hyundai i20,2010,petrol,48342,278899,pune,662,hatchback,manual,magna o 1.2
chevrolet spark,2011,petrol,48541,143299,pune,4464,hatchback,manual,lt 1.0
maruti alto 800,2014,petrol,20656,252699,pune,1135,hatchback,manual,lxi
maruti wagon r 1.0,2014,petrol,44511,343199,pune,617,hatchback,manual,vxi
maruti alto k10,2015,petrol,38314,311299,pune,297,hatchback,manual,vxi
maruti celerio,2014,petrol,19510,371399,pune,166,hatchback,automatic,vxi amt
toyota etios,2011,petrol & cng,46733,238299,pune,3379,sedan,manual,g
hyundai grand i10,2013,petrol,31238,342899,pune,1076,hatchback,manual,sports 1.2 vtvt
honda city,2014,diesel,55308,585799,pune,475,sedan,manual,vx mt diesel
hyundai i20,2012,petrol,37709,344599,pune,1000,hatchback,manual,magna o 1.2
maruti celerio,2017,petrol,20176,451399,pune,1171,hatchback,automatic,vxi amt
hyundai santro xing,2010,petrol,49533,194799,pune,2098,hatchback,manual,gls
honda brio,2015,petrol,35067,368899,pune,935,hatchback,manual,1.2 s mt i vtec
maruti zen estilo,2011,petrol,21572,235399,pune,901,hatchback,manual,vxi
hyundai verna,2011,petrol,48478,371999,pune,2704,sedan,manual,fluidic 1.6 sx vtvt
maruti alto 800,2013,petrol,26955,223599,pune,1054,hatchback,manual,lxi
maruti alto 800,2017,petrol,32862,301999,pune,546,hatchback,manual,lxi
volkswagen polo,2011,petrol,38579,307999,pune,1215,hatchback,manual,comfortline 1.2l petrol
maruti wagon r 1.0,2011,petrol,55472,259299,pune,782,hatchback,manual,vxi
maruti eeco,2010,petrol,49362,222399,pune,932,suv,manual,7 str
maruti alto,2011,petrol,9742,213099,pune,435,hatchback,manual,lxi
volkswagen vento,2011,petrol,39489,274199,pune,1389,sedan,manual,highline petrol
kia seltos,2020,diesel,2765,1567518,pune,1633,,,htx 1.5 diesel
maruti alto k10,2015,petrol,51776,311999,pune,352,hatchback,,vxi amt
maruti wagon r 1.0,2014,petrol,41479,359399,pune,356,hatchback,manual,vxi
maruti sx4,2010,petrol,31645,259399,pune,2332,sedan,manual,vxi
maruti alto 800,2014,petrol & cng,24140,289199,pune,1713,hatchback,manual,lxi cng
honda amaze,2015,petrol,43575,442299,pune,1226,sedan,manual,1.2 smt i vtec
hyundai i20,2012,diesel,57281,357499,pune,1064,hatchback,manual,asta 1.4 crdi
hyundai i10,2014,petrol,44857,293799,pune,2487,hatchback,manual,sportz 1.1 irde2
hyundai i10,2012,petrol,57585,268399,pune,843,hatchback,manual,magna 1.2 kappa2
maruti alto 800,2018,petrol,1634,363699,pune,64,hatchback,manual,lxi
honda brio,2012,petrol,60849,231899,pune,1238,hatchback,manual,1.2 s mt i vtec
maruti alto k10,2012,petrol,50611,220299,pune,267,hatchback,manual,vxi
maruti eeco,2019,petrol & cng,17417,456599,pune,871,suv,manual,5 str cng with ac plushtr
volkswagen vento,2016,petrol,19162,692999,pune,1319,sedan,,highline 1.2 tsi at
hyundai eon,2013,petrol,54558,235099,pune,924,hatchback,manual,era plus
volkswagen polo,2014,petrol,54813,453399,pune,1295,hatchback,manual,highline1.2l petrol
hyundai elite i20,2017,petrol,30884,581699,pune,1041,hatchback,manual,sportz 1.2
ford figo,2011,petrol,49856,230299,pune,1641,hatchback,manual,1.2 zxi duratec
hyundai eon,2014,petrol,43134,282499,pune,1102,hatchback,manual,sportz
maruti wagon r,2010,petrol,51491,204099,pune,1005,hatchback,manual,lxi
honda brio,2013,petrol,52024,312799,pune,661,hatchback,manual,1.2 s mt i vtec
maruti alto k10,2010,petrol,74680,174899,pune,1246,hatchback,manual,vxi
honda brio,2013,petrol,55524,320099,pune,407,hatchback,manual,1.2 s mt i vtec
volkswagen polo,2015,petrol,48850,565299,pune,912,hatchback,automatic,gt tsi 1.2 petrol at
maruti new  wagon-r,2019,petrol,10564,543399,pune,1026,,,vxi 1.2l
volkswagen polo,2014,petrol,67087,468899,pune,756,hatchback,manual,highline1.2l petrol
honda city,2015,petrol,44065,676099,pune,1669,sedan,manual,vx mt petrol
maruti swift,2020,petrol,15527,664599,pune,2908,hatchback,manual,vxi
maruti ertiga,2012,diesel,46331,593299,pune,2944,suv,manual,zdi
mahindra xuv500,2013,diesel,73887,557499,pune,4267,luxury suv,manual,w6 4x2
hyundai i10,2010,petrol,51993,254699,pune,324,hatchback,manual,sportz 1.2 kappa2
volkswagen polo,2015,petrol,62124,556999,pune,910,hatchback,automatic,gt tsi 1.2 petrol at
maruti zen estilo,2007,petrol,75395,122099,pune,2877,hatchback,manual,lxi
hyundai i10,2010,petrol,41175,264799,pune,553,hatchback,manual,magna 1.2 kappa2
volkswagen polo,2010,petrol,62724,272199,pune,1492,hatchback,manual,trendline 1.2l petrol
honda jazz,2017,petrol,33346,662899,pune,795,hatchback,automatic,1.2 v at
ford figo,2011,petrol,68190,199399,pune,1239,hatchback,manual,1.2 zxi duratec
toyota etios,2011,petrol,69474,306599,pune,747,sedan,manual,g
maruti celerio,2018,petrol & cng,34875,506299,pune,640,hatchback,manual,vxi cng
ford figo,2011,petrol,38670,213599,pune,1455,hatchback,manual,1.2 titanium duratec
hyundai i10,2014,petrol & cng,64670,302299,pune,2410,hatchback,manual,sportz 1.1 irde2
maruti ertiga,2013,diesel,54675,576699,pune,1534,suv,manual,zdi
hyundai eon,2014,petrol,8083,267599,pune,1117,hatchback,manual,era plus
hyundai eon,2013,petrol,44200,207599,pune,1362,hatchback,manual,sportz
ford figo,2010,petrol,31320,209299,pune,169,hatchback,manual,1.2 titanium duratec
maruti swift,2008,petrol,83232,214899,pune,1266,hatchback,manual,zxi 1.3
volkswagen polo,2010,diesel,65271,271399,pune,1815,hatchback,manual,highline1.2l diesel
hyundai elite i20,2019,petrol,6388,961799,pune,792,hatchback,,1.2  asta (o) cvt
maruti ertiga,2015,petrol,79846,529399,pune,1524,suv,manual,vxi
hyundai verna,2012,diesel,152460,399899,pune,2790,sedan,manual,fluidic 1.6 sx crdi opt
hyundai creta,2015,petrol,46166,831699,pune,1641,suv,manual,1.6 sx plus petrol
maruti alto,2012,petrol,70555,189199,pune,859,hatchback,manual,lxi
maruti ertiga,2017,petrol,29397,726599,pune,1364,suv,manual,zxi plus
volkswagen polo,2015,petrol,44708,525399,pune,109,hatchback,manual,highline1.2l petrol
maruti alto k10,2010,petrol,65510,178099,pune,866,hatchback,manual,lxi
maruti a star,2010,petrol,51583,248299,pune,284,hatchback,manual,vxi
hyundai creta,2019,petrol,10357,1314109,pune,1879,suv,,1.6 sx (o) vtvt
maruti baleno,2016,petrol,61456,506099,pune,1400,hatchback,manual,alpha 1.2 k12
maruti alto k10,2013,petrol,76864,215199,pune,677,hatchback,manual,vxi
honda city,2010,petrol,88576,352199,pune,814,sedan,manual,s mt petrol
toyota corolla altis,2018,petrol,34924,1391980,pune,4496,luxury sedan,automatic,vl at
chevrolet spark,2010,petrol,63541,138099,pune,1539,hatchback,manual,lt 1.0
maruti alto k10,2012,petrol,72148,196999,pune,671,hatchback,manual,vxi
maruti zen estilo,2009,petrol,71582,170499,pune,702,hatchback,manual,vxi
maruti swift,2015,diesel,98926,500499,pune,948,hatchback,manual,vdi abs
ford figo,2011,diesel,105448,221599,pune,1469,hatchback,manual,1.4 zxi duratorq
hyundai i20,2010,petrol & cng,82156,251799,pune,1867,hatchback,manual,sportz 1.2 o
hyundai verna,2012,diesel,84777,440299,pune,1086,sedan,manual,fluidic 1.6 sx crdi
tata hexa,2017,diesel,22399,1348247,pune,1406,suv,automatic,varicor 400 xta
mahindra xuv500,2015,diesel,52094,732299,pune,2961,luxury suv,manual,w6 4x2
maruti s cross,2017,diesel,13630,926299,pune,1114,suv,manual,zeta shvs
ford ecosport,2019,petrol,9675,1040803,pune,1345,suv,,1.5 titanium plus ti vct at
maruti baleno,2018,petrol,47926,580699,pune,1271,hatchback,manual,delta 1.2 k12
honda jazz,2015,diesel,110046,462399,pune,854,hatchback,manual,1.5 v i dtec
tata hexa,2017,diesel,29059,1167760,pune,989,suv,automatic,varicor 400 xta
honda civic,2010,petrol & lpg,94279,284599,pune,2602,sedan,manual,1.8v mt
hyundai i10,2009,petrol,119014,175499,pune,1644,hatchback,manual,era 1.1 irde
maruti ertiga,2019,diesel,23371,1088576,pune,2336,suv,manual,vdi
maruti ritz,2012,diesel,104517,316399,pune,985,hatchback,manual,vdi
maruti wagon r 1.0,2014,petrol,69438,330399,pune,411,hatchback,manual,vxi
volkswagen polo,2011,petrol,98999,230299,pune,2545,hatchback,manual,trendline 1.2l petrol
toyota innova,2008,diesel,64065,458199,pune,2294,suv,manual,2.5 g4 8 str
maruti swift,2012,petrol,95783,385899,pune,436,hatchback,manual,vxi
honda crv,2013,petrol,98773,774299,pune,2872,luxury suv,automatic,2.0 2wd at
hyundai i10,2012,petrol & lpg,67024,241799,pune,1312,hatchback,manual,magna 1.1 lpg
maruti wagon r,2009,petrol,63388,182299,pune,1118,hatchback,manual,lxi minor
maruti vitara brezza,2018,diesel,12039,993099,pune,1661,suv,automatic,zdi + amt
hyundai i20,2013,petrol,87548,365999,pune,666,hatchback,manual,sportz 1.2 vtvt
mahindra xuv500,2015,diesel,58112,1003099,pune,2269,luxury suv,manual,w10
maruti dzire,2019,petrol,48560,718299,pune,779,sedan,automatic,zxi amt
maruti ertiga,2016,diesel,73264,750999,pune,561,suv,manual,vdi shvs
mahindra scorpio,2016,diesel,77241,792699,pune,8780,suv,manual,s2
renault kwid,2016,petrol,107578,254699,pune,1238,hatchback,manual,rxt
maruti wagon r 1.0,2014,petrol & cng,87427,338699,pune,878,hatchback,manual,lxi cng
toyota innova crysta,2016,diesel,47802,1657206,pune,2144,suv,automatic,2.8 gx at 8 str
hyundai creta,2016,diesel,94775,933299,pune,2426,suv,manual,1.6 sx plus diesel
renault duster,2013,diesel,158768,401099,pune,2253,suv,manual,85 ps rxe
maruti ritz,2012,diesel,109285,336299,pune,122,hatchback,manual,vdi
volkswagen vento,2015,diesel,88100,569399,pune,2315,sedan,automatic,highline tdi at
volkswagen ameo,2016,diesel,96122,523999,pune,902,sedan,manual,highline 1.5
volkswagen polo,2013,diesel,160035,292299,pune,2370,hatchback,manual,highline1.2l diesel
ford figo,2010,petrol,74430,182699,pune,1933,hatchback,manual,1.2 titanium duratec
tata zest,2014,diesel,112959,368599,pune,2388,sedan,manual,xms quadrajet 90ps
volkswagen polo,2012,petrol,140417,331299,pune,592,hatchback,manual,comfortline 1.2l petrol
bmw x1,2011,diesel,112688,687499,pune,4800,luxury suv,automatic,sdrive 20d
hyundai santro xing,2012,petrol & lpg,118882,217399,pune,634,hatchback,manual,gl plus lpg
bmw 5 series,2012,diesel,99034,1177557,pune,2799,luxury sedan,automatic,520d 2.0
maruti celerio,2015,petrol & cng,122289,367299,pune,1492,hatchback,manual,vxi cng
honda amaze,2014,diesel,113188,342199,pune,932,sedan,manual,1.5 sx mt i dtec
toyota innova,2013,diesel,178253,782199,pune,2199,suv,manual,2.5 vx 7 str bs iv
honda city,2014,diesel,117430,551399,pune,1333,sedan,manual,v mt diesel
maruti swift,2014,petrol,117914,404499,pune,710,hatchback,manual,vxi
hyundai xcent,2015,petrol & cng,89468,384899,pune,2164,sedan,,1.2 s vtvt
maruti vitara brezza,2018,diesel,94045,825499,pune,1182,suv,manual,zdi plus dual tone
mahindra xuv500,2013,diesel,125780,657499,pune,2684,luxury suv,manual,w8 fwd
bmw x1,2011,diesel,166437,759599,pune,2070,luxury suv,automatic,sdrive 20d
toyota innova,2014,diesel,101489,914499,pune,1937,suv,manual,2.5 vx 7 str bs iv
ford figo,2015,diesel,183798,247799,pune,2262,hatchback,manual,1.4 exi duratorq
hyundai i20,2013,diesel,214799,358999,pune,1736,hatchback,manual,sportz 1.4 crdi
honda city,2015,petrol,122135,540699,pune,1593,sedan,manual,v mt petrol
maruti ertiga,2018,diesel,119308,851799,pune,932,suv,manual,vdi shvs
bmw 5 series,2012,diesel,148836,1145742,pune,1755,luxury sedan,automatic,520d 2.0
tata safari storme,2016,diesel,150831,706499,pune,11695,suv,manual,2.2 vx 4x2
tata nano,2015,petrol,8143,210699,pune,1829,hatchback,automatic,twist xta
ford figo,2011,petrol,38373,189699,pune,2495,hatchback,manual,1.2 titanium duratec
maruti alto k10,2015,petrol,28497,332899,pune,688,hatchback,,vxi amt
maruti wagon r stingray,2014,petrol,22409,359899,pune,731,hatchback,manual,vxi
ford figo,2011,petrol,46292,179199,pune,7509,hatchback,manual,1.2 exi duratec
maruti swift dzire,2012,petrol,41385,361699,pune,2631,sedan,manual,zxi 1.2 bs iv
renault kwid,2017,petrol,17245,320699,pune,2720,hatchback,,rxl1.0 easy-r at
volkswagen polo,2015,petrol,31433,556299,pune,2269,hatchback,automatic,gt tsi 1.2 petrol at
hyundai i10,2014,petrol,43814,296699,pune,2401,hatchback,manual,sportz 1.1 irde2
maruti zen estilo,2008,petrol,19373,158499,pune,2799,hatchback,manual,vxi
maruti alto 800,2012,petrol,17736,203499,pune,7175,hatchback,manual,lxi
hyundai i10,2012,petrol,41017,271299,pune,3314,hatchback,automatic,sportz 1.2 at kappa2
maruti alto k10,2016,petrol,18946,251899,pune,754,hatchback,manual,vxi
hyundai eon,2013,petrol,53085,194399,pune,5428,hatchback,manual,era plus
maruti swift dzire,2016,petrol,9984,546899,pune,4992,sedan,manual,vxi opt
chevrolet spark,2011,petrol,36258,156299,pune,3209,hatchback,manual,lt 1.0
volkswagen polo,2014,petrol,21690,477199,pune,2185,hatchback,manual,highline1.2l petrol
honda amaze,2014,petrol,33942,427599,pune,3335,sedan,manual,1.2 smt i vtec
hyundai i20 active,2015,petrol,46687,461199,pune,1877,hatchback,manual,1.2 s
hyundai i10,2010,petrol,56737,225699,pune,1607,hatchback,manual,magna 1.2 kappa2
maruti wagon r,2007,petrol,14769,167499,pune,2015,hatchback,manual,lxi
maruti wagon r 1.0,2011,petrol,44899,268799,pune,2527,hatchback,manual,vxi
maruti swift,2017,petrol,27809,501199,pune,3131,hatchback,manual,vxi limited edition
maruti wagon r 1.0,2012,petrol,32808,260399,pune,670,hatchback,manual,vxi
renault kwid,2016,petrol,28106,301099,pune,1967,hatchback,manual,rxt opt
maruti celerio,2015,petrol,23648,393999,pune,919,hatchback,automatic,zxi amt
maruti eeco,2018,petrol & cng,32623,415599,pune,1819,suv,manual,5 str cng with ac plushtr
hyundai grand i10,2015,petrol,25655,396999,pune,1715,hatchback,manual,magna 1.2 vtvt
honda brio,2014,petrol,42559,382399,pune,1587,hatchback,automatic,1.2 vx at i vtec
maruti swift,2014,petrol,30771,440499,pune,2835,hatchback,manual,vxi
hyundai eon,2015,petrol,18279,281499,pune,970,hatchback,manual,magna plus
honda amaze,2013,petrol,40795,384899,pune,798,sedan,manual,1.2 smt i vtec
maruti swift,2013,petrol,16906,435199,pune,1357,hatchback,manual,zxi
toyota etios liva,2013,petrol,35428,327099,pune,4842,hatchback,manual,g
mg hector,2020,petrol,4454,1714199,pune,1407,,,sharp dct petrol
renault kwid,2019,petrol,2082,409099,pune,1360,hatchback,,climber 1.0 at
maruti dzire,2017,petrol,17868,623199,pune,1456,sedan,automatic,vxi amt
hyundai i10,2010,petrol,29196,237399,pune,1444,hatchback,manual,sportz 1.2 kappa2
hyundai grand i10,2018,petrol,12433,491099,pune,797,hatchback,manual,magna 1.2 kappa vtvt
hyundai grand i10,2015,petrol,10945,426999,pune,1803,hatchback,manual,asta 1.2 kappa vtvt
renault kwid,2017,petrol,30191,290799,pune,2631,hatchback,manual,1.0 rxt
hyundai grand i10,2015,petrol,46917,406099,pune,1475,hatchback,manual,asta 1.2 (o) vtvt
honda city,2012,petrol,66511,408099,pune,2030,sedan,manual,v mt petrol
maruti eeco,2019,petrol & cng,17397,459599,pune,1404,suv,manual,5 str cng with ac plushtr
maruti alto k10,2012,petrol,55072,185399,pune,1404,hatchback,manual,lxi
hyundai elite i20,2015,diesel,37423,592799,pune,1172,hatchback,manual,asta 1.4 crdi
maruti ritz,2010,petrol,50769,236199,pune,1342,hatchback,manual,vxi bs iv
hyundai elite i20,2016,petrol,38170,591299,pune,944,hatchback,manual,asta 1.2 (o)
maruti swift,2012,diesel,61365,333899,pune,2394,hatchback,manual,vdi
maruti sx4,2010,petrol,61317,253499,pune,2055,sedan,automatic,zxi leather amt
volkswagen polo,2014,petrol,48809,469499,pune,1071,hatchback,manual,highline1.2l petrol
hyundai new elantra,2014,petrol,40273,643199,pune,609,luxury sedan,automatic,sx 1.8 at
hyundai i20,2010,petrol,43167,281899,pune,1487,hatchback,manual,asta 1.2
hyundai elite i20,2017,petrol,36324,577399,pune,1685,hatchback,manual,sportz 1.2
ford figo,2011,petrol,63042,224299,pune,935,hatchback,manual,1.2 zxi duratec
volkswagen vento,2015,petrol,50258,498799,pune,2504,sedan,automatic,comfortline tsi at
maruti celerio,2014,petrol & cng,61591,332499,pune,2286,hatchback,manual,vxi
maruti swift dzire,2008,petrol,36244,236899,pune,1490,sedan,manual,vxi
maruti zen estilo,2010,petrol,33011,169099,pune,1817,hatchback,manual,lxi
skoda superb,2012,petrol,52892,464799,pune,2434,luxury sedan,automatic,elegance 1.8 tsi at
maruti swift,2019,petrol,8333,644899,pune,1196,hatchback,automatic,vxi amt
renault duster,2014,diesel,68235,504899,pune,1050,suv,manual,85 ps rxl opt
maruti ritz,2010,petrol,62075,244499,pune,849,hatchback,manual,vxi bs iv
hyundai i20,2010,petrol,74934,232799,pune,19572,hatchback,manual,sportz 1.2 o
renault duster,2015,petrol,58082,393299,pune,2192,suv,manual,rxl petrol 104
maruti ertiga,2012,petrol,58547,515899,pune,1016,suv,manual,zxi
maruti vitara brezza,2019,diesel,24435,836099,pune,1817,suv,manual,ldi
maruti wagon r 1.0,2012,petrol,73750,268699,pune,815,hatchback,manual,vxi
honda city,2012,petrol,74247,365199,pune,2452,sedan,,1.5 e mt petrol
hyundai santro xing,2008,petrol,55766,136699,pune,3221,hatchback,manual,gls
hyundai grand i10,2014,petrol,68868,377899,pune,855,hatchback,manual,sportz 1.2 kappa vtvt
honda city,2018,petrol,7349,860199,pune,1401,sedan,manual,v mt petrol
maruti wagon r,2007,petrol,94357,157699,pune,1901,hatchback,manual,lxi
maruti swift dzire,2010,diesel,84008,283699,pune,2484,sedan,manual,vdi bs iv
maruti alto k10,2010,petrol,83421,117399,pune,10502,hatchback,manual,lxi
hyundai santro xing,2010,petrol,98169,144399,pune,2638,hatchback,manual,gls
honda brio,2012,petrol,71493,259899,pune,598,hatchback,manual,1.2 s mt i vtec
volkswagen vento,2013,diesel,74078,332299,pune,2774,sedan,manual,comfortline diesel
hyundai i10,2011,petrol,76746,209399,pune,2435,hatchback,manual,sportz 1.2 kappa2
maruti wagon r 1.0,2015,petrol & cng,79847,364699,pune,2088,hatchback,manual,lxi cng
maruti s cross,2019,diesel,5861,1023431,pune,2207,suv,manual,zeta shvs
volkswagen vento,2015,diesel,61564,450699,pune,2322,sedan,automatic,comfortline tdi at
mahindra scorpio,2015,diesel,58242,830399,pune,4270,suv,manual,s10
volkswagen ameo,2018,petrol,36360,501499,pune,1772,sedan,,comfortline 1.0
maruti swift,2013,diesel,68815,396299,pune,2095,hatchback,manual,vdi
maruti wagon r 1.0,2013,petrol & cng,68315,307999,pune,1279,hatchback,manual,lxi cng
volkswagen polo,2016,petrol,56769,481899,pune,1522,hatchback,manual,highline1.2l petrol
honda city,2011,petrol,89227,295299,pune,1675,sedan,manual,s mt petrol
volkswagen vento,2015,diesel,78700,543699,pune,2036,sedan,automatic,highline tdi at
hyundai verna,2018,diesel,23718,944099,pune,2386,sedan,,1.6 sx (o) crdi mt
honda accord,2010,petrol,105813,374699,pune,1750,sedan,manual,2.4 mt
maruti swift,2019,petrol,21245,695699,pune,1502,hatchback,automatic,zxi amt
ford figo,2012,petrol,73055,195899,pune,2757,hatchback,manual,1.2 exi duratec
maruti wagon r 1.0,2013,petrol,68804,272399,pune,1135,hatchback,manual,vxi
hyundai i10,2008,petrol,121046,159499,pune,1495,hatchback,manual,era
maruti wagon r duo,2008,petrol & lpg,80322,168799,pune,1568,hatchback,manual,lxi lpg
maruti swift,2015,diesel,99222,480599,pune,1240,hatchback,manual,zdi
maruti swift dzire,2010,diesel,97436,265099,pune,2030,sedan,manual,vdi
volkswagen ameo,2019,diesel,16641,818599,pune,474,sedan,automatic,highline plus dsg 1.5
maruti wagon r 1.0,2014,petrol & cng,93843,337199,pune,1086,hatchback,manual,lxi cng
toyota innova crysta,2017,diesel,64712,1349661,pune,4928,suv,manual,2.4 gx 7 str
maruti eeco,2018,petrol & cng,42958,369299,pune,1091,suv,manual,7 str
maruti xl6,2019,petrol,23448,926999,pune,1690,suv,,alpha shvs  mt
maruti swift,2012,diesel,98558,414199,pune,1029,hatchback,manual,zdi
maruti sx4,2010,petrol,120208,237199,pune,777,sedan,manual,zxi mt bs iv
skoda rapid,2016,diesel,80638,619499,pune,2274,sedan,automatic,1.5 tdi at style plus
ford figo,2011,diesel,121729,262999,pune,1566,hatchback,manual,1.4 titanium duratorq
maruti alto 800,2013,petrol & cng,133774,231699,pune,697,hatchback,manual,lxi cng
honda city,2016,diesel,93031,660999,pune,2405,sedan,manual,vx mt o diesel
maruti alto 800,2013,petrol & cng,98976,206399,pune,1288,hatchback,manual,lxi cng
maruti wagon r 1.0,2013,petrol,96735,225399,pune,1068,hatchback,manual,vxi
maruti swift,2012,diesel,136965,325199,pune,911,hatchback,manual,ldi bs iv
maruti wagon r 1.0,2014,petrol & cng,94937,239999,pune,2123,hatchback,manual,lxi cng
maruti swift,2010,petrol,116872,274899,pune,1433,hatchback,manual,lxi
ford figo,2011,petrol & cng,112947,185599,pune,3702,hatchback,manual,1.2 exi duratec
volkswagen polo,2014,diesel,106640,408899,pune,1180,hatchback,manual,highline1.5l diesel
maruti ertiga,2012,petrol,104456,474599,pune,1423,suv,manual,zxi
maruti swift dzire,2012,diesel,118302,383899,pune,1570,sedan,manual,vdi bs iv
hyundai i20,2009,petrol,106257,230399,pune,535,hatchback,manual,asta 1.2
toyota innova crysta,2017,diesel,98968,1527320,pune,1041,suv,automatic,2.8 gx at 7 str
maruti swift dzire,2015,diesel,112267,531799,pune,1449,sedan,manual,zdi
hyundai i10,2012,petrol & cng,127255,300999,pune,1237,hatchback,manual,sportz 1.2 kappa2
toyota innova,2010,diesel,79649,576699,pune,1343,suv,manual,2.5 g4 8 str
maruti eeco,2015,petrol & cng,131237,305399,pune,2080,suv,manual,7 str
honda city,2010,petrol & cng,203118,262399,pune,3805,sedan,manual,v mt petrol
maruti ciaz,2015,petrol,142015,493099,pune,1234,sedan,manual,zxi plus
ford ecosport,2014,diesel,125340,511299,pune,1113,suv,manual,1.5titanium tdci
maruti wagon r 1.0,2013,petrol & cng,121461,278399,pune,981,hatchback,manual,lxi cng
toyota innova,2010,diesel,225134,467399,pune,764,suv,manual,2.5 g4 7 str
toyota etios liva,2016,diesel,111428,461399,pune,1566,hatchback,,vd limited edition
maruti swift,2010,diesel,147362,290699,pune,472,hatchback,manual,vdi
mahindra kuv100,2016,diesel,141825,349599,pune,1952,suv,manual,k8 d 6 str
toyota fortuner,2015,diesel,246938,1358699,pune,3728,luxury suv,manual,3.0 mt 4x2
jeep compass,2017,petrol,73309,1135945,pune,1926,luxury suv,automatic,limited 1.4 at
volkswagen jetta,2015,diesel,98975,853999,pune,2110,sedan,automatic,highline tdi at
toyota corolla altis,2019,petrol,14448,1817000,pune,1169,luxury sedan,automatic,vl at
volkswagen vento,2011,petrol,18090,319299,pune,1715,sedan,manual,trendline petrol
tata nano,2015,petrol,13193,214099,pune,1086,hatchback,automatic,twist xta
tata nano,2016,petrol,12486,214499,pune,1768,hatchback,automatic,twist xta
volkswagen polo,2011,petrol,23524,264899,pune,3707,hatchback,manual,trendline 1.2l petrol
maruti celerio,2017,petrol,10769,461799,pune,697,hatchback,automatic,vxi amt
hyundai elite i20,2014,petrol,23661,507699,pune,1085,hatchback,manual,sportz (o) 1.2
maruti swift,2014,diesel,27388,539899,pune,2024,hatchback,manual,zdi
chevrolet spark,2012,petrol,66741,136299,pune,5989,hatchback,manual,lt 1.0
hyundai verna,2012,diesel,40174,420199,pune,2051,sedan,manual,fluidic 1.6 sx crdi
volkswagen vento,2011,petrol,19762,290499,pune,2264,sedan,manual,highline petrol
maruti ritz,2010,petrol & cng,35736,227599,pune,1107,hatchback,manual,zxi
maruti omni e,2018,petrol & cng,61814,264699,pune,1903,,,8 str
renault kwid,2018,petrol,4927,354899,pune,2388,hatchback,automatic,rxt 1.0 easy-r at option
maruti alto 800,2014,petrol,3447,262399,pune,1031,hatchback,manual,lxi
chevrolet beat,2012,petrol,49052,171699,pune,1419,hatchback,manual,lt petrol
tata tiago,2016,petrol,39297,349699,pune,943,hatchback,manual,xz 1.2 revotron
hyundai i20,2013,petrol,25341,358199,pune,1921,hatchback,manual,sportz 1.2 vtvt
datsun go plus,2017,petrol,22195,349699,pune,1432,hatchback,manual,t
maruti ritz,2010,petrol,38490,207199,pune,878,hatchback,manual,zxi
hyundai verna,2015,petrol,25274,541899,pune,2462,sedan,manual,fluidic 1.6 vtvt s (o)  mt
tata tiago,2017,petrol,24830,387799,pune,2619,hatchback,manual,xz 1.2 revotron
hyundai eon,2014,petrol,26644,202499,pune,1298,hatchback,manual,d lite plus
mahindra kuv100,2016,petrol,37308,318899,pune,3407,suv,manual,k4 6 str
ford figo,2013,petrol,50116,259699,pune,2272,hatchback,manual,1.2 zxi duratec
maruti wagon r 1.0,2018,petrol & cng,21940,435699,pune,1886,hatchback,manual,lxi cng
tata tigor,2017,petrol & cng,21284,501099,pune,4220,sedan,manual,xz 1.2 revotron opt
maruti wagon r 1.0,2016,petrol,35646,358999,pune,1345,hatchback,manual,vxi
maruti sx4,2010,petrol,35867,258399,pune,1043,sedan,manual,zxi mt bs iv
nissan terrano,2016,petrol,37910,449499,pune,3414,suv,manual,xl p
volkswagen polo,2010,petrol,41363,231499,pune,3867,hatchback,manual,trendline 1.2l petrol
hyundai verna,2012,petrol,58032,366199,pune,725,sedan,automatic,fluidic 1.6 sx vtvt opt at
maruti eeco,2018,petrol & cng,30965,445499,pune,633,suv,manual,5 str cng with ac plushtr
honda city,2016,petrol,32972,674199,pune,1800,sedan,manual,v mt petrol
volkswagen polo,2014,petrol,54154,459199,pune,989,hatchback,manual,highline1.2l petrol
maruti ciaz,2014,diesel,51787,574899,pune,1136,sedan,manual,vdi plus
maruti alto k10,2011,petrol,60972,200999,pune,1122,hatchback,manual,vxi
ford figo aspire,2018,diesel,10712,610299,pune,2835,sedan,manual,1.5 trend diesel
hyundai elite i20,2017,petrol,22564,656099,pune,1287,hatchback,manual,asta 1.2 (o)
ford ecosport,2017,petrol,19240,730399,pune,1846,suv,manual,1.5 titanium ti vct
renault duster,2013,diesel,57244,482799,pune,1946,suv,manual,rxl plus diesel 85
maruti eeco,2018,petrol & cng,27390,429599,pune,1090,suv,manual,5 str cng with ac plushtr
maruti alto,2009,petrol & cng,13431,152199,pune,2596,hatchback,manual,lxi
hyundai verna,2011,petrol,60559,353699,pune,1675,sedan,manual,fluidic 1.6 sx vtvt opt
volkswagen vento,2011,diesel,72199,312599,pune,1482,sedan,manual,highline diesel
hyundai xcent,2014,petrol,63950,399599,pune,521,sedan,manual,s 1.2 opt
hyundai eon,2013,petrol,52867,211399,pune,1616,hatchback,manual,sportz
maruti swift,2019,diesel,14800,711099,pune,2102,hatchback,manual,vdi
mahindra xuv500,2018,diesel,13448,1209799,pune,2859,luxury suv,,w7 fwd
hyundai verna,2011,petrol,71303,276899,pune,2160,sedan,manual,fluidic 1.6 sx vtvt opt
volkswagen polo,2011,petrol,64228,345499,pune,353,hatchback,manual,highline1.2l petrol
honda city,2016,petrol,65566,671699,pune,841,sedan,manual,vx mt petrol
chevrolet spark,2011,petrol & cng,72110,124199,pune,3514,hatchback,manual,ls 1.0
hyundai i10,2011,petrol,79899,255399,pune,373,hatchback,manual,sportz 1.2 kappa2
maruti swift,2019,diesel,16449,726099,pune,1058,hatchback,manual,vdi
chevrolet beat,2010,petrol,56964,150499,pune,2820,hatchback,manual,ls petrol
datsun go plus,2015,petrol,51812,259599,pune,1144,hatchback,manual,t
renault duster,2016,diesel,51764,528499,pune,1904,suv,manual,rxl diesel 110
volkswagen vento,2011,petrol,85190,245699,pune,2051,sedan,manual,trendline petrol
volkswagen vento,2012,diesel,94474,326599,pune,1725,sedan,manual,comfortline diesel
honda civic,2008,petrol,84807,174999,pune,1760,sedan,automatic,1.8v at
hyundai verna,2012,petrol,68574,394099,pune,1697,sedan,manual,fluidic 1.6 sx vtvt opt
honda city,2014,petrol,85514,614999,pune,893,sedan,automatic,vx cvt petrol
ford ecosport,2018,diesel,35902,866899,pune,2397,suv,manual,1.5titanium tdci
mercedes benz cla class,2015,diesel,73412,1749999,pune,2823,luxury sedan,manual,cla 200 cdi sport
maruti swift dzire,2011,diesel,123354,311099,pune,1607,sedan,manual,zdi
renault kwid,2015,petrol,68894,232499,pune,1261,hatchback,manual,rxt
nissan terrano,2014,diesel,94590,474899,pune,1830,suv,manual,xl plus 85 ps deisel
toyota innova,2009,diesel,101849,571399,pune,975,suv,manual,2.5 v 8 str
hyundai elite i20,2015,diesel,101238,536099,pune,1432,hatchback,manual,asta 1.4 crdi
honda accord,2011,petrol,129732,411699,pune,1665,sedan,automatic,2.4 at i vtec
maruti alto k10,2015,petrol & cng,115447,264099,pune,2175,hatchback,manual,lxi cng
hyundai verna,2014,petrol,66161,395199,pune,1753,sedan,,fluidic 1.4 vtvt cx
honda amaze,2014,diesel,88309,383599,pune,1619,sedan,manual,1.5 smt i dtec
renault duster,2014,diesel,91736,554099,pune,505,suv,manual,rxz 110 4wd
maruti eeco,2013,petrol & cng,148048,249799,pune,410,suv,manual,5 str with ac plushtr
ford figo,2011,petrol & cng,94896,213499,pune,1851,hatchback,manual,1.2 lxi duratec
volkswagen jetta,2014,diesel,120733,492299,pune,1086,sedan,manual,comfortline 2.0l tdi
hyundai elite i20,2014,diesel,154655,438399,pune,1646,hatchback,manual,sportz 1.4
skoda rapid,2015,diesel,158343,433499,pune,1479,sedan,manual,1.5 tdi mt elegance
toyota fortuner,2014,diesel,67622,1600000,pune,1506,luxury suv,automatic,3.0 at 4x2
skoda fabia,2011,petrol,110000,300000,pune,257,,,elegance 1.2 mpi
maruti alto,2000,petrol & cng,116945,37000,pune,788,hatchback,manual,lx
maruti ritz,2010,petrol,106857,155000,pune,310,hatchback,manual,vxi bs iv
toyota innova,2008,diesel,315886,325000,pune,473,suv,manual,2.5 v 8 str
maruti wagon r 1.0,2016,petrol,10742,379000,pune,245,hatchback,automatic,vxi amt
toyota innova,2005,diesel,411677,374000,pune,277,suv,manual,2.5 g3
honda city,2016,petrol,31900,819000,pune,281,sedan,manual,vx mt petrol
hyundai xcent,2014,petrol,30110,360000,pune,160,sedan,manual,sx 1.2 opt
maruti sx4,2007,petrol,72497,99000,pune,1095,sedan,manual,zxi
maruti wagon r 1.0,2013,petrol & cng,69600,250000,pune,854,hatchback,manual,lxi cng
chevrolet cruze,2009,diesel,132358,331000,pune,414,luxury sedan,manual,ltz
hyundai i20,2013,diesel,74150,400000,pune,135,hatchback,manual,magna o 1.4 crdi
tata safari,2003,diesel,76789,150000,pune,597,suv,manual,4x2 lx
toyota innova,2007,diesel,135310,520000,pune,141,suv,manual,2.5 v 7str
hyundai xcent,2015,petrol,9879,550000,pune,189,sedan,manual,s 1.2 opt
maruti swift dzire,2014,diesel,112307,400000,pune,179,sedan,manual,tour
mercedes benz e class,2007,diesel,157216,493000,pune,312,luxury sedan,manual,280 cdi elegance
audi a6,2007,petrol,130126,800000,pune,210,,,2.8 tfsi technology
hyundai verna,2013,diesel,91697,450000,pune,456,sedan,manual,fluidic 1.6 ex crdi
honda city,2012,petrol,98314,400000,pune,226,sedan,manual,s mt petrol
hyundai grand i10,2014,diesel,101853,400000,pune,20,hatchback,manual,asta 1.1 crdi opt
hyundai santro,2000,petrol,83603,34000,pune,280,hatchback,manual,le
ford ikon,2005,petrol,96256,50000,pune,456,sedan,manual,1.3 flair
maruti wagon r 1.0,2014,petrol & cng,65166,300000,pune,916,hatchback,manual,lxi cng
maruti ignis,2018,petrol,9810,600000,pune,819,hatchback,automatic,zeta 1.2 k12 amt
maruti ciaz,2015,diesel,98294,720000,pune,111,sedan,manual,zdi+ shvs
mahindra thar,2011,diesel,51671,425000,pune,1980,suv,manual,crde 4x4 bs iv
maruti alto,2010,petrol,34854,182999,hyderabad,16577,hatchback,manual,lxi
maruti wagon r 1.0,2013,petrol,39541,328599,hyderabad,6602,hatchback,manual,vxi
maruti celerio,2015,petrol,34481,346899,hyderabad,6909,hatchback,manual,vxi
maruti swift,2011,petrol,46592,415899,hyderabad,3068,hatchback,manual,vxi
maruti alto,2011,petrol,23837,242099,hyderabad,289,hatchback,manual,lxi
hyundai santro xing,2011,petrol & lpg,41925,269299,hyderabad,4856,hatchback,manual,gls lpg
maruti alto k10,2014,petrol,40187,281099,hyderabad,2755,hatchback,manual,vxi
maruti alto k10,2017,petrol,19279,362999,hyderabad,3729,hatchback,manual,vxi
maruti baleno,2016,petrol,20411,545599,hyderabad,4882,hatchback,manual,delta 1.2 k12
hyundai i10,2010,petrol,5383,409299,hyderabad,2690,hatchback,automatic,asta 1.2 at with sunroof
renault kwid,2017,petrol,19944,412499,hyderabad,3495,hatchback,,climber 1.0 at
maruti eeco,2019,petrol,8294,414099,hyderabad,1473,suv,manual,5 str with ac plushtr
hyundai i20,2012,diesel,38856,411499,hyderabad,5581,hatchback,manual,magna o 1.4 crdi
maruti wagon r 1.0,2012,petrol,46828,330899,hyderabad,846,hatchback,manual,vxi
hyundai santro xing,2012,petrol,30692,291599,hyderabad,2591,hatchback,manual,gls
maruti eeco,2019,petrol,8647,452899,hyderabad,2068,suv,manual,5 str with ac plushtr
maruti eeco,2020,petrol,17082,417099,hyderabad,2082,suv,manual,5 str with ac plushtr
maruti swift dzire,2014,petrol,35103,498699,hyderabad,2421,sedan,manual,vxi 1.2 bs iv
hyundai i10,2013,petrol,55302,364999,hyderabad,554,hatchback,manual,magna 1.2 kappa2
hyundai i20,2012,petrol,51853,396499,hyderabad,5809,hatchback,manual,sportz 1.2 vtvt
hyundai i10,2012,petrol,56900,318099,hyderabad,2858,hatchback,manual,sportz 1.2 kappa2
maruti alto 800,2018,petrol,7885,344199,hyderabad,1724,hatchback,manual,lxi
maruti alto 800,2013,petrol,4264,277499,hyderabad,2068,hatchback,manual,lxi
maruti alto k10,2013,petrol,33274,274499,hyderabad,1047,hatchback,manual,vxi
hyundai i10,2013,petrol,35377,383199,hyderabad,901,hatchback,manual,magna 1.2 kappa2
maruti alto 800,2018,petrol,16208,331499,hyderabad,1482,hatchback,manual,lxi
maruti swift dzire,2015,petrol,15516,562199,hyderabad,7209,sedan,manual,vxi 1.2 bs iv
maruti alto k10,2012,petrol,29160,261299,hyderabad,1350,hatchback,manual,vxi
hyundai eon,2015,petrol,22377,314399,hyderabad,1394,hatchback,manual,magna plus
maruti alto,2011,petrol,31119,243699,hyderabad,425,hatchback,manual,lxi
maruti wagon r 1.0,2011,petrol,55981,293199,hyderabad,2189,hatchback,manual,vxi
ford new figo,2016,petrol,40924,398999,hyderabad,7606,hatchback,manual,1.2 titanium
hyundai i10,2009,petrol,27034,274299,hyderabad,2040,hatchback,manual,magna 1.2
hyundai i10,2010,petrol,34430,313199,hyderabad,1258,hatchback,manual,magna 1.2
maruti wagon r 1.0,2014,petrol,41913,381999,hyderabad,612,hatchback,manual,vxi
hyundai eon,2016,petrol,40681,276799,hyderabad,6002,hatchback,manual,era plus
hyundai i20,2012,petrol,53847,370699,hyderabad,4939,hatchback,manual,magna 1.2 vtvt
datsun redi go,2018,petrol,13379,319999,hyderabad,3831,hatchback,manual,t (o)
maruti alto 800,2017,petrol,27927,315899,hyderabad,586,hatchback,manual,lxi opt
hyundai grand i10,2017,petrol,17406,582899,hyderabad,1220,hatchback,,sportz (o) 1.2 at vtvt
maruti swift,2019,diesel,43074,679899,hyderabad,4464,hatchback,manual,vdi
hyundai i10,2008,petrol,83568,230899,hyderabad,1402,hatchback,manual,era
maruti alto k10,2014,petrol,46445,280599,hyderabad,2666,hatchback,,vxi amt
maruti wagon r 1.0,2013,petrol,45460,330899,hyderabad,787,hatchback,manual,vxi
hyundai i10,2012,petrol,44883,335999,hyderabad,751,hatchback,manual,magna 1.2 kappa2
maruti alto 800,2014,petrol,43615,256999,hyderabad,1953,hatchback,manual,lxi
maruti alto k10,2011,petrol,56816,227799,hyderabad,1101,hatchback,manual,lxi
maruti alto 800,2015,petrol,38472,276299,hyderabad,2067,hatchback,manual,lxi
hyundai santro xing,2011,petrol & lpg,54368,264799,hyderabad,1289,hatchback,manual,gls lpg
maruti alto 800,2013,petrol,57525,245399,hyderabad,1134,hatchback,manual,lxi
hyundai i10,2015,petrol,47164,390899,hyderabad,1593,hatchback,manual,sportz 1.1 irde2
maruti alto 800,2015,petrol,25048,306199,hyderabad,680,hatchback,manual,vxi
maruti alto 800,2013,petrol,42131,268199,hyderabad,772,hatchback,manual,lxi
maruti wagon r 1.0,2015,petrol,48243,370699,hyderabad,1200,hatchback,manual,vxi
honda brio,2013,petrol,40362,391999,hyderabad,1395,hatchback,manual,1.2 s mt i vtec
maruti alto k10,2016,petrol,60866,320299,hyderabad,1381,hatchback,,vxi amt
hyundai eon,2013,petrol,59918,252399,hyderabad,1394,hatchback,manual,magna plus
maruti eeco,2016,petrol,54919,317599,hyderabad,2349,suv,manual,7 str
hyundai santro xing,2009,petrol,50156,172799,hyderabad,5831,hatchback,manual,gls
maruti celerio,2015,petrol,43028,399799,hyderabad,1521,hatchback,manual,zxi opt
hyundai i10,2013,petrol,57200,363399,hyderabad,576,hatchback,manual,magna 1.2 kappa2
hyundai santro xing,2009,petrol,31094,220099,hyderabad,1168,hatchback,manual,gls
maruti swift dzire,2013,petrol,58065,453699,hyderabad,1372,sedan,manual,vxi 1.2 bs iv
hyundai i10,2011,petrol,57568,320499,hyderabad,606,hatchback,manual,sportz 1.2 kappa2
tata tiago,2018,petrol,67311,422499,hyderabad,5985,hatchback,manual,xz 1.2 revotron
hyundai grand i10,2017,petrol,23663,473799,hyderabad,1415,hatchback,manual,magna 1.2 kappa vtvt
hyundai eon,2017,petrol,29422,359699,hyderabad,451,hatchback,manual,era plus
nissan micra,2013,diesel,50151,311999,hyderabad,2826,hatchback,manual,xe diesel
maruti dzire,2017,petrol,33399,630099,hyderabad,2187,sedan,manual,vxi
maruti alto k10,2017,petrol,37328,312099,hyderabad,1499,hatchback,manual,vxi
maruti baleno,2017,petrol,7861,701599,hyderabad,2127,hatchback,manual,alpha 1.2 k12
hyundai santro xing,2008,petrol,41859,198199,hyderabad,1326,hatchback,manual,gls
maruti swift,2016,diesel,43630,543399,hyderabad,2512,hatchback,manual,vdi
maruti alto,2010,petrol,63438,197599,hyderabad,2688,hatchback,manual,lxi
honda city,2011,petrol,67624,407199,hyderabad,3364,sedan,manual,s mt petrol
maruti baleno,2016,petrol,22594,630199,hyderabad,2316,hatchback,manual,zeta 1.2 k12
maruti zen estilo,2010,petrol,80996,209799,hyderabad,1962,hatchback,manual,vxi
hyundai santro xing,2007,petrol,38392,210699,hyderabad,336,hatchback,manual,gls
maruti alto k10,2012,petrol,36870,265799,hyderabad,393,hatchback,manual,lxi
maruti alto k10,2012,petrol,63082,244199,hyderabad,760,hatchback,manual,vxi
hyundai eon,2017,petrol,69319,318599,hyderabad,883,hatchback,manual,era plus
maruti wagon r 1.0,2011,petrol & cng,85435,269499,hyderabad,1735,hatchback,manual,lxi cng
maruti alto k10,2017,petrol,84937,323899,hyderabad,660,hatchback,manual,vxi
maruti alto 800,2019,petrol,24740,311299,hyderabad,1419,hatchback,manual,vxi
maruti dzire,2018,diesel,40615,768099,hyderabad,917,sedan,manual,vdi
hyundai grand i10,2015,petrol,23738,519099,hyderabad,905,hatchback,automatic,asta 1.2 at vtvt
hyundai i10,2010,petrol,71355,288999,hyderabad,532,hatchback,manual,magna 1.2
maruti celerio x,2018,petrol,31973,423599,hyderabad,3192,hatchback,manual,vxi
maruti wagon r 1.0,2010,petrol,59076,256499,hyderabad,866,hatchback,manual,lxi
maruti ignis,2017,petrol,31925,478899,hyderabad,1515,hatchback,manual,delta 1.2 k12
maruti baleno,2018,petrol,33478,635399,hyderabad,1331,hatchback,manual,zeta 1.2 k12
hyundai santro xing,2010,petrol & lpg,73539,263099,hyderabad,604,hatchback,manual,gls lpg
maruti dzire,2017,petrol,35440,605099,hyderabad,1823,sedan,manual,vxi
maruti baleno,2017,diesel,51501,676999,hyderabad,2483,hatchback,manual,alpha ddis 190
hyundai i10,2009,petrol,66427,237799,hyderabad,1446,hatchback,manual,magna 1.2
honda city,2015,petrol,47555,782799,hyderabad,3433,sedan,automatic,vx cvt petrol
hyundai i20,2010,petrol,68124,357499,hyderabad,879,hatchback,manual,magna o 1.2
mahindra thar,2017,diesel,27328,755999,hyderabad,7526,suv,manual,crde 4x4 bs iv
maruti swift dzire,2015,petrol,69124,514899,hyderabad,1342,sedan,manual,zxi 1.2 bs iv
maruti swift,2011,petrol,78238,406299,hyderabad,1922,hatchback,manual,vxi
hyundai santro xing,2007,petrol,52521,176699,hyderabad,984,hatchback,manual,xo erlx euro iii
maruti wagon r 1.0,2011,petrol,104293,271199,hyderabad,948,hatchback,manual,vxi abs air bag
hyundai i10,2010,petrol,119179,254299,hyderabad,523,hatchback,manual,magna 1.2 kappa2
maruti alto k10,2015,petrol,57564,298499,hyderabad,757,hatchback,manual,vxi
maruti dzire,2019,diesel,21168,799199,hyderabad,1251,sedan,manual,vdi
hyundai elite i20,2018,petrol,67132,565599,hyderabad,2332,hatchback,manual,sportz 1.2
mg hector,2019,petrol,26283,1433289,hyderabad,4037,,,sharp hybird petrol mt
maruti ritz,2009,petrol,71240,256599,hyderabad,1313,hatchback,manual,vxi bs iv
maruti a star,2009,petrol,69535,213299,hyderabad,1383,hatchback,manual,vxi
maruti baleno,2017,petrol,53055,624999,hyderabad,1029,hatchback,manual,zeta 1.2 k12
maruti alto k10,2010,petrol,106136,210399,hyderabad,527,hatchback,manual,vxi
hyundai santro xing,2013,petrol,68484,306599,hyderabad,656,hatchback,manual,gls
maruti swift dzire,2017,diesel,57889,699399,hyderabad,2955,sedan,manual,vdi opt
maruti alto,2011,petrol & cng,70720,217699,hyderabad,733,hatchback,manual,lxi cng
maruti wagon r duo,2009,petrol & lpg,197377,171999,hyderabad,2191,hatchback,manual,lxi lpg
maruti swift dzire,2017,diesel,59374,685699,hyderabad,398,sedan,manual,vdi opt
toyota innova crysta,2017,diesel,80745,1818604,hyderabad,3227,suv,manual,2.4 zx 7 str
maruti alto 800,2018,petrol,42143,321799,hyderabad,756,hatchback,manual,lxi
maruti alto 800,2012,petrol,89758,244699,hyderabad,573,hatchback,manual,lxi
maruti swift dzire,2015,petrol,78713,535999,hyderabad,892,sedan,manual,vxi 1.2 bs iv
maruti dzire,2018,diesel,47721,750499,hyderabad,1642,sedan,manual,vdi
maruti wagon r 1.0,2012,petrol & cng,79870,327099,hyderabad,771,hatchback,manual,lxi cng
maruti swift,2009,diesel,90273,291199,hyderabad,1745,hatchback,manual,ldi
bmw x1,2016,diesel,60381,1987577,hyderabad,7715,luxury suv,automatic,sdrive 20d
maruti swift,2012,diesel,146225,368499,hyderabad,3054,hatchback,manual,vdi
maruti zen estilo,2010,petrol,88461,203699,hyderabad,1369,hatchback,manual,lxi
hyundai santro xing,2008,petrol & lpg,98277,203699,hyderabad,541,hatchback,manual,gls
maruti vitara brezza,2017,diesel,74942,791899,hyderabad,1286,suv,manual,zdi
hyundai i10,2010,petrol,95991,265299,hyderabad,698,hatchback,manual,sportz 1.2
hyundai i10,2011,petrol,116395,386299,hyderabad,384,hatchback,automatic,sportz 1.2 at kappa2
maruti swift dzire,2017,diesel,80273,619699,hyderabad,1975,sedan,automatic,zdi amt
hyundai i10,2008,petrol,89270,275699,hyderabad,496,hatchback,manual,sportz 1.2
maruti wagon r duo,2008,petrol & lpg,99395,208599,hyderabad,816,hatchback,manual,lxi lpg
hyundai santro xing,2009,petrol,105529,172399,hyderabad,5226,hatchback,manual,gls
maruti ritz,2012,diesel,96714,372199,hyderabad,1223,hatchback,manual,zdi
toyota etios,2011,petrol,103749,340899,hyderabad,2278,sedan,manual,v
datsun go plus,2016,petrol,48716,296699,hyderabad,2557,hatchback,manual,t
maruti baleno,2018,diesel,74535,739599,hyderabad,1453,hatchback,manual,alpha ddis 190
maruti swift,2012,diesel,77838,474599,hyderabad,1040,hatchback,manual,zdi
hyundai verna,2018,petrol,43975,1027899,hyderabad,1714,sedan,manual,1.6 sx vtvt (o)
maruti alto,2009,petrol & lpg,155996,174799,hyderabad,2684,hatchback,manual,lxi
maruti swift,2011,petrol,121622,382699,hyderabad,378,hatchback,manual,vxi
maruti ertiga,2014,diesel,86775,664299,hyderabad,3179,suv,manual,vdi abs
volkswagen ameo,2017,diesel,109300,485499,hyderabad,2215,sedan,automatic,highline 1.5l at (d)
maruti swift dzire,2015,diesel,97036,539899,hyderabad,797,sedan,manual,vdi bs iv
hyundai creta,2016,petrol,75730,964999,hyderabad,2266,suv,automatic,1.6 sx plus auto petrol
maruti swift,2015,petrol,87030,461099,hyderabad,1263,hatchback,manual,vxi
hyundai creta,2016,diesel,72727,924899,hyderabad,2143,suv,manual,1.6 sx plus diesel
maruti alto k10,2012,petrol,103887,227499,hyderabad,535,hatchback,manual,vxi
hyundai santro xing,2009,petrol & lpg,93933,229499,hyderabad,554,hatchback,manual,gls lpg
maruti swift,2016,diesel,82732,507599,hyderabad,1093,hatchback,manual,vdi abs
toyota etios liva,2012,diesel,86617,362699,hyderabad,1553,hatchback,manual,gd
hyundai i10,2012,petrol,114748,288499,hyderabad,1173,hatchback,manual,sportz 1.2 kappa2
hyundai i10,2011,petrol,112315,328699,hyderabad,283,hatchback,manual,sportz 1.2 kappa2
maruti ritz,2012,diesel,136808,313999,hyderabad,658,hatchback,manual,vdi
maruti swift dzire,2015,petrol,107589,538599,hyderabad,565,sedan,manual,vxi 1.2 bs iv
maruti swift,2013,diesel,108649,421399,hyderabad,1194,hatchback,manual,vdi
maruti swift,2012,diesel,101039,473799,hyderabad,1060,hatchback,manual,zdi
hyundai creta,2018,diesel,89645,926399,hyderabad,2818,suv,,1.4 e plus crdi
maruti swift,2013,diesel,111864,428599,hyderabad,1195,hatchback,manual,vdi
maruti vitara brezza,2017,diesel,108339,707599,hyderabad,1339,suv,manual,vdi opt
maruti swift,2015,diesel,98101,470699,hyderabad,1087,hatchback,manual,vdi abs
maruti swift,2012,diesel,164757,384999,hyderabad,1993,hatchback,manual,zdi
maruti celerio,2016,petrol,106318,374699,hyderabad,882,hatchback,manual,zxi
maruti swift dzire,2015,petrol,94320,527599,hyderabad,732,sedan,manual,vxi 1.2 bs iv
skoda rapid,2012,diesel,134290,352999,hyderabad,3387,sedan,manual,elegance 1.6 tdi mt
maruti ritz,2011,diesel,114828,318899,hyderabad,371,hatchback,manual,vdi
hyundai verna,2012,diesel,138713,461399,hyderabad,2771,sedan,manual,fluidic 1.6 ex crdi
hyundai creta,2016,diesel,76226,979599,hyderabad,1413,suv,,1.6 sx crdi
maruti swift dzire,2008,diesel,228257,260999,hyderabad,2985,sedan,manual,vdi
ford ecosport,2018,diesel,109284,817999,hyderabad,1472,suv,manual,1.5titanium tdci
maruti dzire,2017,diesel,175702,646399,hyderabad,563,sedan,manual,vdi
hyundai creta,2016,diesel,108963,968599,hyderabad,1765,suv,automatic,1.6 crdi sx plus auto
maruti baleno,2016,diesel,200759,618799,hyderabad,442,hatchback,manual,zeta ddis 190
maruti ciaz,2015,diesel,136968,591299,hyderabad,2561,sedan,manual,zdi
maruti alto 800,2012,petrol,126194,254099,hyderabad,430,hatchback,manual,lxi
nissan sunny,2013,diesel,157225,376699,hyderabad,2602,sedan,manual,xv diesel
hyundai grand i10,2016,petrol,26745,478599,hyderabad,1109,hatchback,manual,sports 1.2 vtvt
maruti alto,2010,petrol,16227,205099,hyderabad,3850,hatchback,manual,lxi
hyundai i10,2012,petrol,48155,340199,hyderabad,1495,hatchback,manual,sportz 1.2 kappa2
hyundai santro xing,2008,petrol,42497,187699,hyderabad,10610,hatchback,manual,gls
hyundai eon,2015,petrol,23516,291599,hyderabad,2653,hatchback,manual,magna plus
hyundai grand i10,2019,petrol,12973,528999,hyderabad,3719,hatchback,manual,magna 1.2 vtvt
hyundai i10,2015,petrol,31741,383399,hyderabad,4043,hatchback,manual,magna 1.1 irde2
maruti swift dzire,2014,petrol,30612,496399,hyderabad,1657,sedan,manual,vxi 1.2 bs iv
maruti eeco,2019,petrol,10025,482599,hyderabad,849,suv,manual,5 str with ac plushtr
maruti wagon r 1.0,2013,petrol,21885,342899,hyderabad,1190,hatchback,manual,vxi
maruti alto 800,2016,petrol,16527,303099,hyderabad,1109,hatchback,manual,lxi
maruti alto 800,2017,petrol,3957,333299,hyderabad,831,hatchback,manual,lxi opt
maruti wagon r 1.0,2012,petrol,5264,372199,hyderabad,1098,hatchback,manual,vxi
hyundai eon,2016,petrol,23774,322299,hyderabad,736,hatchback,manual,era plus
nissan micra active,2016,petrol,28407,369199,hyderabad,4814,hatchback,manual,xv
maruti alto,2011,petrol,23658,239899,hyderabad,617,hatchback,manual,lxi
hyundai grand i10,2014,petrol,43229,430599,hyderabad,1292,hatchback,manual,asta 1.2 kappa vtvt
maruti alto k10,2013,petrol,29171,254099,hyderabad,1128,hatchback,manual,lxi
hyundai i10,2012,petrol,45015,346899,hyderabad,904,hatchback,manual,sportz 1.2 kappa2
hyundai i10,2012,petrol,50040,332099,hyderabad,456,hatchback,manual,magna 1.2 kappa2
maruti alto 800,2014,petrol,27884,273599,hyderabad,1485,hatchback,manual,lxi
hyundai grand i10,2016,petrol,23257,477799,hyderabad,2632,hatchback,manual,sportz 1.2 kappa vtvt
maruti alto,2012,petrol,34784,247699,hyderabad,1380,hatchback,manual,lxi
maruti wagon r 1.0,2014,petrol,40694,354799,hyderabad,852,hatchback,manual,vxi
maruti alto k10,2012,petrol,34573,280499,hyderabad,266,hatchback,manual,vxi
maruti celerio,2017,petrol,35554,441599,hyderabad,1620,hatchback,automatic,zxi amt
honda amaze,2016,petrol,37429,471999,hyderabad,2030,sedan,manual,1.2 smt i vtec
maruti swift dzire,2016,diesel,31180,596799,hyderabad,2386,sedan,manual,vdi bs iv
maruti alto,2012,petrol,28354,260399,hyderabad,584,hatchback,manual,lxi
maruti swift dzire,2010,petrol,54987,318199,hyderabad,1204,sedan,manual,lxi 1.2 bs iv
maruti celerio,2015,petrol,30536,431699,hyderabad,1672,hatchback,automatic,zxi amt
maruti swift,2011,petrol,45905,425599,hyderabad,1491,hatchback,manual,vxi
maruti alto,2011,petrol,36593,232599,hyderabad,633,hatchback,manual,lxi
hyundai elite i20,2016,petrol,30356,592599,hyderabad,4185,hatchback,manual,asta 1.2
hyundai i10,2011,petrol,60134,362999,hyderabad,983,hatchback,automatic,sportz 1.2 at kappa2
renault kwid,2018,petrol,13739,393199,hyderabad,2134,hatchback,automatic,1.0 rxt opt at
maruti alto,2012,petrol,21186,262999,hyderabad,603,hatchback,manual,lxi
hyundai i10,2010,petrol,49696,273099,hyderabad,729,hatchback,manual,magna 1.2 kappa2
maruti alto,2011,petrol,26705,250099,hyderabad,652,hatchback,manual,lxi
maruti s presso,2019,petrol,11267,424899,hyderabad,2371,hatchback,,vxi plus ags
maruti alto 800,2018,petrol,17394,340699,hyderabad,573,hatchback,manual,lxi
maruti alto 800,2016,petrol,32135,294899,hyderabad,425,hatchback,manual,lxi
maruti zen estilo,2010,petrol,20984,270399,hyderabad,1787,hatchback,manual,vxi
hyundai i10,2010,petrol,46776,311799,hyderabad,941,hatchback,manual,sportz 1.2 kappa2
hyundai eon,2013,petrol,33010,286299,hyderabad,936,hatchback,manual,magna plus
maruti celerio,2015,petrol,38294,336099,hyderabad,2423,hatchback,automatic,vxi at
hyundai grand i10,2017,petrol,38961,501999,hyderabad,1234,hatchback,manual,asta 1.2 kappa vtvt
hyundai i10,2010,petrol,51154,266699,hyderabad,1587,hatchback,manual,magna 1.1 irde2
maruti alto k10,2011,petrol,45069,222799,hyderabad,1596,hatchback,manual,vxi
hyundai eon,2018,petrol,12519,359899,hyderabad,1168,hatchback,manual,era plus
maruti alto 800,2016,petrol,7011,313799,hyderabad,919,hatchback,manual,lxi
volkswagen polo,2014,petrol,54158,451699,hyderabad,1439,hatchback,manual,highline1.2l petrol
maruti baleno,2017,petrol,28476,594699,hyderabad,2727,hatchback,automatic,delta 1.2 k12 amt
honda amaze,2015,petrol,46295,407799,hyderabad,2801,sedan,manual,1.2 smt i vtec
hyundai i10,2011,petrol,64715,255299,hyderabad,2916,hatchback,manual,sportz 1.2 kappa2
hyundai i10,2011,petrol,53981,322799,hyderabad,575,hatchback,manual,sportz 1.2 kappa2
hyundai i20,2010,petrol,54960,405999,hyderabad,682,hatchback,manual,sportz 1.2 o
maruti alto k10,2015,petrol,47133,284099,hyderabad,959,hatchback,manual,vxi
maruti alto k10,2011,petrol,47298,240399,hyderabad,188,hatchback,manual,lxi
maruti alto k10,2011,petrol,47330,243899,hyderabad,528,hatchback,manual,lxi
hyundai i10,2013,petrol,48179,376699,hyderabad,544,hatchback,manual,magna 1.2 kappa2
maruti alto k10,2018,petrol,13446,373899,hyderabad,703,hatchback,manual,vxi
maruti wagon r stingray,2013,petrol,51081,367499,hyderabad,532,hatchback,manual,vxi
maruti swift dzire,2016,petrol,31475,538799,hyderabad,1768,sedan,manual,vxi opt
hyundai i10,2012,petrol,46875,347199,hyderabad,419,hatchback,manual,magna 1.2 kappa2
maruti swift dzire,2011,petrol,60423,312099,hyderabad,2654,sedan,manual,lxi 1.2 bs iv
maruti wagon r 1.0,2016,petrol,37667,387299,hyderabad,1013,hatchback,manual,lxi
hyundai i10,2008,petrol,63088,259899,hyderabad,261,hatchback,manual,magna 1.1 irde2
hyundai i20,2011,petrol,66207,405799,hyderabad,850,hatchback,manual,asta 1.2
maruti swift,2014,petrol,36758,452499,hyderabad,659,hatchback,manual,vxi
honda brio,2012,petrol,58851,336899,hyderabad,543,hatchback,manual,1.2 s mt i vtec
hyundai i10,2010,petrol,39429,313099,hyderabad,449,hatchback,manual,sportz 1.2 kappa2
maruti swift,2012,diesel,66160,382099,hyderabad,2049,hatchback,manual,vdi
maruti eeco,2019,petrol,17802,426499,hyderabad,637,suv,manual,5 str with ac plushtr
maruti swift dzire,2016,petrol,39724,539399,hyderabad,3163,sedan,manual,vxi 1.2 bs iv
maruti dzire,2017,petrol,16497,634999,hyderabad,644,sedan,manual,vxi
hyundai santro xing,2009,petrol & lpg,42394,253199,hyderabad,520,hatchback,manual,gls lpg
maruti vitara brezza,2018,diesel,9104,1028178,hyderabad,1998,suv,automatic,zdi + amt
maruti baleno,2020,petrol,9033,728699,hyderabad,2252,hatchback,manual,zeta 1.2 k12
maruti swift,2013,petrol,58963,449999,hyderabad,730,hatchback,manual,vxi
hyundai grand i10,2016,petrol,47441,449599,hyderabad,636,hatchback,manual,sportz 1.2 kappa vtvt
hyundai elite i20,2016,petrol,36851,623599,hyderabad,1278,hatchback,manual,asta 1.2 (o)
maruti eeco,2017,petrol,41736,379699,hyderabad,672,suv,manual,5 str with ac plushtr
maruti alto k10,2015,petrol,49825,329799,hyderabad,372,hatchback,,vxi amt
hyundai i20,2010,petrol,63570,389399,hyderabad,616,hatchback,manual,sportz 1.2 o
hyundai i10,2011,petrol,63370,296399,hyderabad,359,hatchback,manual,magna 1.2 kappa2
maruti eeco,2019,petrol,18864,470699,hyderabad,301,suv,manual,5 str with ac plushtr
maruti alto 800,2015,petrol,46585,302999,hyderabad,195,hatchback,manual,vxi
maruti celerio,2015,petrol,54862,370399,hyderabad,1023,hatchback,automatic,vxi amt
maruti wagon r 1.0,2011,petrol & cng,66082,296799,hyderabad,759,hatchback,manual,lxi cng
maruti eeco,2019,petrol,21360,480599,hyderabad,291,suv,manual,5 str with ac plushtr
maruti wagon r 1.0,2014,petrol,58748,363699,hyderabad,180,hatchback,manual,vxi
maruti wagon r 1.0,2016,petrol,59094,352099,hyderabad,587,hatchback,manual,vxi
maruti alto,2011,petrol,59317,235099,hyderabad,100,hatchback,manual,lxi
maruti alto k10,2012,petrol,62535,244199,hyderabad,373,hatchback,manual,vxi
hyundai i10,2010,petrol,79869,259899,hyderabad,1068,hatchback,manual,sportz 1.2 kappa2
maruti eeco,2011,petrol & lpg,76443,261099,hyderabad,1670,suv,manual,5 str cng with ac plushtr
maruti swift,2018,petrol,38552,610099,hyderabad,1681,hatchback,automatic,vxi amt
maruti swift dzire,2014,diesel,57173,505199,hyderabad,1105,sedan,manual,vdi bs iv
hyundai i10,2011,petrol,72167,307999,hyderabad,412,hatchback,manual,magna 1.2 kappa2
maruti wagon r 1.0,2011,petrol,61753,318199,hyderabad,230,hatchback,manual,vxi
hyundai i10,2008,petrol,63040,233299,hyderabad,527,hatchback,manual,era
volkswagen ameo,2016,petrol,42970,516899,hyderabad,2061,sedan,manual,highline 1.2
volkswagen vento,2011,petrol,64456,350199,hyderabad,1307,sedan,manual,highline petrol
maruti swift dzire,2016,diesel,41808,645399,hyderabad,2057,sedan,automatic,zdi amt
hyundai i10,2009,petrol,67271,261599,hyderabad,393,hatchback,manual,era 1.1 irde
maruti alto 800,2018,petrol,33555,329599,hyderabad,713,hatchback,manual,lxi opt
maruti wagon r 1.0,2010,petrol,65249,301699,hyderabad,398,hatchback,manual,vxi
maruti alto k10,2011,petrol,72976,222699,hyderabad,389,hatchback,manual,vxi
renault kwid,2016,petrol,47683,302499,hyderabad,2020,hatchback,manual,rxt opt
maruti alto,2009,petrol,60541,190099,hyderabad,824,hatchback,manual,lxi
honda city,2017,petrol,33960,926399,hyderabad,1577,sedan,automatic,zx cvt
maruti swift,2013,petrol,64034,417999,hyderabad,735,hatchback,manual,vxi
maruti zen estilo,2007,petrol,38721,168199,hyderabad,936,hatchback,manual,lxi
honda brio,2013,petrol,62049,353799,hyderabad,1633,hatchback,manual,1.2 s mt i vtec
maruti ritz,2012,diesel,80522,321899,hyderabad,803,hatchback,manual,vdi
volkswagen polo,2019,petrol,33610,586199,hyderabad,1530,hatchback,,trendline 1.0 l petrol
hyundai santro xing,2007,petrol,65766,167999,hyderabad,2358,hatchback,manual,xo erlx euro iii
maruti alto 800,2013,petrol,80324,249899,hyderabad,441,hatchback,manual,lxi
maruti alto,2009,petrol,74051,190699,hyderabad,475,hatchback,manual,lxi
hyundai santro xing,2009,petrol & lpg,82748,196199,hyderabad,962,hatchback,manual,gls
hyundai elite i20,2019,petrol,24171,764799,hyderabad,1507,hatchback,manual,asta 1.2 (o)
maruti swift dzire,2015,petrol,61734,527399,hyderabad,764,sedan,manual,zxi 1.2 bs iv
maruti alto,2010,petrol,68073,202299,hyderabad,409,hatchback,manual,lxi
hyundai santro xing,2009,petrol & lpg,71409,237699,hyderabad,384,hatchback,manual,gls lpg
maruti wagon r 1.0,2010,petrol,75141,276299,hyderabad,748,hatchback,manual,lxi
honda jazz,2015,petrol,64403,521799,hyderabad,1461,hatchback,automatic,1.2 v at
maruti eeco,2017,petrol & lpg,57417,362199,hyderabad,657,suv,manual,7 str
maruti swift dzire,2016,diesel,58440,580099,hyderabad,705,sedan,manual,vdi bs iv
nissan micra active,2016,petrol,62412,342799,hyderabad,2240,hatchback,manual,xv s
volkswagen polo,2015,petrol,85957,429799,hyderabad,555,hatchback,manual,trendline 1.2l petrol
hyundai i10,2010,petrol,78839,259499,hyderabad,835,hatchback,manual,magna 1.2 kappa2
hyundai i20,2010,petrol,53951,385099,hyderabad,335,hatchback,manual,sportz 1.2 o
hyundai creta,2019,diesel,16992,1533481,hyderabad,1577,suv,,1.6 sx at crdi
maruti baleno,2017,petrol,50539,666699,hyderabad,441,hatchback,manual,alpha 1.2 k12
hyundai i10,2010,petrol,87816,286199,hyderabad,447,hatchback,manual,magna 1.2
hyundai i20 active,2016,diesel,57997,660699,hyderabad,1254,hatchback,manual,1.4 sx
ford figo,2011,petrol & lpg,68732,265999,hyderabad,742,hatchback,manual,1.2 titanium duratec
maruti swift dzire,2013,petrol,74656,424899,hyderabad,817,sedan,manual,vxi 1.2 bs iv
hyundai i20,2012,petrol,77916,408899,hyderabad,1292,hatchback,manual,sportz 1.2 vtvt
hyundai elite i20,2016,petrol,64505,605399,hyderabad,578,hatchback,manual,asta 1.2
maruti dzire,2018,diesel,34772,747999,hyderabad,1039,sedan,manual,vdi
maruti dzire,2018,petrol,42497,667999,hyderabad,1109,sedan,automatic,vxi amt
maruti celerio,2017,petrol,43102,473799,hyderabad,491,hatchback,automatic,zxi opt amt
maruti swift,2008,petrol,81234,291999,hyderabad,1700,hatchback,manual,vxi 1.3
maruti wagon r 1.0,2011,petrol & cng,68946,316999,hyderabad,413,hatchback,manual,lxi cng
maruti swift,2018,petrol,43382,663599,hyderabad,1017,hatchback,,zxi+ bs iv
honda brio,2012,petrol,77664,379299,hyderabad,242,hatchback,manual,1.2 v mt i vtec
hyundai elite i20,2017,petrol,56842,618999,hyderabad,949,hatchback,manual,sportz 1.2
maruti s cross,2015,diesel,74350,515899,hyderabad,1701,suv,manual,zeta 1.3
ford figo,2013,diesel,72854,297799,hyderabad,1233,hatchback,manual,1.4 titanium duratorq
renault duster,2017,diesel,58244,779299,hyderabad,1757,suv,automatic,rxz amt 110 ps
maruti swift,2015,petrol,75977,457199,hyderabad,2069,hatchback,manual,vxi
hyundai i10,2013,petrol,87857,331299,hyderabad,491,hatchback,manual,magna 1.2 kappa2
hyundai eon,2016,petrol & lpg,72409,287599,hyderabad,1093,hatchback,manual,era plus lpg
maruti wagon r 1.0,2016,petrol,64064,418599,hyderabad,500,hatchback,automatic,vxi amt
renault kwid,2016,petrol,63361,345699,hyderabad,1453,hatchback,,rxt 1.0 easy-r  at
maruti dzire,2017,diesel,73035,648899,hyderabad,564,sedan,manual,vdi
maruti alto,2009,petrol,78369,195799,hyderabad,387,hatchback,manual,lxi
maruti alto,2012,petrol & cng,76551,206399,hyderabad,619,hatchback,manual,lxi cng
maruti vitara brezza,2018,diesel,27879,961399,hyderabad,769,suv,automatic,zdi + amt
hyundai i10,2011,petrol,70969,345799,hyderabad,179,hatchback,manual,magna 1.2 kappa2
maruti swift dzire,2014,diesel,90890,506799,hyderabad,778,sedan,manual,vdi bs iv
maruti swift,2012,diesel,109381,417399,hyderabad,426,hatchback,manual,vdi
maruti swift,2008,petrol,99732,266299,hyderabad,652,hatchback,manual,vxi 1.3
maruti wagon r 1.0,2012,petrol & cng,82470,312399,hyderabad,485,hatchback,manual,lxi cng
hyundai i10,2008,petrol,94989,254099,hyderabad,382,hatchback,manual,magna 1.2
maruti alto,2011,petrol,66154,227099,hyderabad,301,hatchback,manual,lxi
hyundai grand i10,2016,petrol,62874,449099,hyderabad,621,hatchback,manual,sportz 1.2 kappa vtvt
maruti alto k10,2011,petrol,92202,221599,hyderabad,260,hatchback,manual,lxi
maruti alto 800,2012,petrol & cng,103693,263899,hyderabad,316,hatchback,manual,lxi cng
toyota innova,2012,diesel,105927,771699,hyderabad,2256,suv,manual,2.5 gx 8 str bs iv
maruti ertiga,2014,diesel,86013,622099,hyderabad,2813,suv,manual,vdi
maruti wagon r 1.0,2012,petrol & cng,86559,334599,hyderabad,449,hatchback,manual,lxi cng
hyundai santro xing,2010,petrol,86995,221399,hyderabad,368,hatchback,manual,gl
maruti baleno,2017,petrol,75854,590099,hyderabad,439,hatchback,manual,delta 1.2 k12
maruti alto k10,2011,petrol,95164,207799,hyderabad,438,hatchback,manual,vxi
maruti vitara brezza,2019,diesel,37775,922899,hyderabad,1467,suv,automatic,zdi amt
hyundai i10,2013,petrol,82622,335299,hyderabad,541,hatchback,manual,sportz 1.2 kappa2
hyundai xcent,2015,petrol,80800,433199,hyderabad,800,sedan,manual,s 1.2
toyota innova crysta,2019,diesel,187013,1657913,hyderabad,1988,suv,manual,2.4 gx 8 str
maruti swift,2011,diesel,110597,356999,hyderabad,372,hatchback,manual,vdi
honda city,2019,petrol,11446,984599,hyderabad,2173,sedan,manual,1.5 v mt
maruti swift,2010,diesel,97591,323299,hyderabad,1261,hatchback,manual,vdi
hyundai eon,2015,petrol,82502,312499,hyderabad,318,hatchback,manual,magna plus
maruti alto k10,2010,petrol,103152,210899,hyderabad,840,hatchback,manual,vxi
maruti swift,2009,diesel,99958,321399,hyderabad,658,hatchback,manual,ldi
maruti swift dzire,2015,petrol,90617,534399,hyderabad,406,sedan,manual,zxi 1.2 bs iv
maruti alto 800,2015,petrol,76983,266499,hyderabad,606,hatchback,manual,lxi
hyundai elite i20,2017,petrol,87798,620299,hyderabad,450,hatchback,manual,sportz 1.2
maruti dzire,2018,diesel,88198,726399,hyderabad,655,sedan,manual,vdi
maruti swift,2014,petrol,95614,444099,hyderabad,203,hatchback,manual,vxi
hyundai creta,2015,diesel,87128,986099,hyderabad,1284,suv,automatic,1.6 crdi sx plus auto
volkswagen ameo,2016,diesel,77217,517699,hyderabad,1002,sedan,manual,highline 1.5
maruti alto k10,2015,petrol,73445,291499,hyderabad,414,hatchback,manual,vxi
maruti swift dzire,2017,diesel,97114,673899,hyderabad,418,sedan,manual,vdi opt
maruti wagon r 1.0,2012,petrol,105694,349799,hyderabad,116,hatchback,manual,vxi
maruti swift,2012,diesel,163970,413899,hyderabad,514,hatchback,manual,vdi
maruti swift dzire,2015,petrol,101946,544799,hyderabad,158,sedan,manual,vxi 1.2 bs iv
renault duster,2016,diesel,112458,618899,hyderabad,927,suv,automatic,rxl amt 110 ps
maruti ritz,2012,diesel,102870,318099,hyderabad,352,hatchback,manual,ldi
maruti swift,2010,diesel,115128,331899,hyderabad,940,hatchback,manual,vdi
honda amaze,2013,diesel,116594,392699,hyderabad,1391,sedan,manual,1.5 vxmt i dtec
hyundai elite i20,2017,petrol,97090,644799,hyderabad,233,hatchback,manual,sportz 1.2
maruti swift,2014,petrol,101696,442699,hyderabad,548,hatchback,manual,vxi
toyota innova crysta,2018,diesel,91045,1722856,hyderabad,1242,suv,manual,2.4 vx 7 str
volkswagen polo,2013,diesel,95569,425399,hyderabad,871,hatchback,manual,highline1.2l diesel
hyundai santro xing,2012,petrol & lpg,129644,288199,hyderabad,203,hatchback,manual,gls lpg
maruti wagon r duo,2010,petrol & lpg,151016,251999,hyderabad,325,hatchback,manual,lxi lpg
maruti baleno,2016,diesel,126692,647899,hyderabad,720,hatchback,manual,alpha ddis 190
ford figo,2014,diesel,120841,307299,hyderabad,1498,hatchback,manual,1.4 zxi duratorq
hyundai grand i10,2016,diesel,102426,444199,hyderabad,831,hatchback,manual,asta 1.1 crdi
maruti swift dzire,2016,diesel,168820,553599,hyderabad,667,sedan,manual,vdi bs iv
maruti baleno,2018,petrol,142268,689099,hyderabad,430,hatchback,manual,alpha 1.2 k12
hyundai i20,2012,diesel,107807,395599,hyderabad,451,hatchback,manual,magna o 1.4 crdi
maruti alto,2011,petrol,118524,214699,hyderabad,264,hatchback,manual,lxi
maruti ertiga,2014,diesel,149332,593099,hyderabad,515,suv,manual,vdi abs
hyundai creta,2016,diesel,156312,914599,hyderabad,528,suv,,1.6 sx (o) crdi
hyundai elite i20,2015,petrol,111423,555999,hyderabad,592,hatchback,manual,asta 1.2
ford ecosport,2018,diesel,106089,713399,hyderabad,1158,suv,manual,1.5 trend+ tdci
volkswagen vento,2011,diesel,192809,335699,hyderabad,2095,sedan,manual,highline diesel
maruti alto k10,2015,petrol,234436,282999,hyderabad,498,hatchback,manual,vxi
toyota innova,2016,diesel,214144,967099,hyderabad,1453,suv,manual,2.5 gx 7 str bs iv
maruti baleno,2016,petrol,27568,548399,hyderabad,2439,hatchback,manual,delta 1.2 k12
maruti wagon r stingray,2013,petrol,44137,340199,hyderabad,6193,hatchback,manual,vxi
maruti baleno,2018,petrol,15053,585999,hyderabad,2610,hatchback,manual,delta 1.2 k12
volkswagen polo,2013,petrol,31799,449499,hyderabad,4428,hatchback,manual,highline1.2l petrol
hyundai eon,2013,petrol,27748,224199,hyderabad,6924,hatchback,manual,d lite plus
maruti swift dzire,2012,petrol,41210,420699,hyderabad,8622,sedan,manual,vxi 1.2 bs iv
hyundai xcent,2014,petrol,35893,468999,hyderabad,3315,sedan,manual,sx 1.2 opt
maruti celerio,2016,petrol,22229,442499,hyderabad,2703,hatchback,automatic,zxi amt
maruti alto 800,2015,petrol,34103,274499,hyderabad,3623,hatchback,manual,lxi
maruti ritz,2010,petrol,41611,307099,hyderabad,615,hatchback,manual,vxi genus
hyundai i20,2010,petrol,53953,290499,hyderabad,8411,hatchback,manual,sportz 1.2 o
renault kwid,2016,petrol,25414,309599,hyderabad,2468,hatchback,manual,rxt
hyundai i10,2011,petrol,33505,290599,hyderabad,4791,hatchback,manual,magna 1.2 kappa2
hyundai eon,2014,petrol,28205,278199,hyderabad,1164,hatchback,manual,d lite plus
maruti celerio,2016,petrol,26982,373799,hyderabad,4491,hatchback,manual,vxi (o)
hyundai grand i10,2019,petrol,3976,577099,hyderabad,2510,hatchback,manual,sportz 1.2 kappa vtvt
maruti ritz,2013,petrol,45317,330899,hyderabad,2350,hatchback,manual,vxi bs iv
maruti wagon r 1.0,2015,petrol,53312,342699,hyderabad,2031,hatchback,manual,vxi
tata nano,2016,petrol,15354,202699,hyderabad,2368,hatchback,automatic,twist xta
maruti alto 800,2016,petrol,47318,295399,hyderabad,1202,hatchback,manual,lxi
maruti swift,2018,petrol,4451,613699,hyderabad,1824,hatchback,manual,vxi
hyundai eon,2013,petrol & lpg,32842,258099,hyderabad,3302,hatchback,,magna plus blue drive
hyundai grand i10,2017,petrol,25826,500799,hyderabad,1062,hatchback,manual,sports 1.2 vtvt
maruti omni e,2017,petrol,5041,279199,hyderabad,1548,,,std
maruti wagon r 1.0,2012,petrol,14631,348699,hyderabad,691,hatchback,manual,vxi
hyundai elite i20,2016,petrol,24885,624599,hyderabad,2211,hatchback,manual,asta 1.2 (o)
maruti alto k10,2012,petrol,48979,253999,hyderabad,533,hatchback,manual,vxi
maruti wagon r stingray,2014,petrol,49437,340399,hyderabad,811,hatchback,manual,vxi
skoda rapid,2015,petrol,49095,488999,hyderabad,3995,sedan,manual,ambition 1.6 mpfi mt
maruti ritz,2010,petrol,10441,297699,hyderabad,2454,hatchback,manual,vxi bs iv
maruti alto k10,2010,petrol,10910,199999,hyderabad,2409,hatchback,manual,lxi
maruti omni e,2018,petrol,25568,314599,hyderabad,766,,,8 str
honda amaze,2017,petrol,17922,516399,hyderabad,1725,sedan,manual,1.2 vxmt i vtec
maruti swift,2019,petrol,14428,615499,hyderabad,1847,hatchback,automatic,vxi amt
honda city,2015,petrol,39983,546599,hyderabad,3952,sedan,manual,s mt petrol
hyundai i10,2011,petrol,70484,342399,hyderabad,778,hatchback,automatic,sportz 1.2 at kappa2
honda city,2010,petrol,51549,396099,hyderabad,3698,sedan,manual,v mt petrol
renault kwid,2016,petrol,13440,357599,hyderabad,1275,hatchback,manual,1.0 rxt
maruti swift,2018,petrol,25290,576399,hyderabad,515,hatchback,manual,vxi
tata tiago,2017,petrol,32875,473799,hyderabad,2716,hatchback,,xza 1.2 revotron
hyundai i10,2010,petrol,66672,310399,hyderabad,997,hatchback,automatic,sportz 1.2 at kappa2
hyundai grand i10,2015,petrol,50992,446999,hyderabad,708,hatchback,manual,asta 1.2 vtvt
maruti swift,2014,petrol,55071,446299,hyderabad,1266,hatchback,manual,vxi
hyundai i20 active,2018,diesel,32556,771499,hyderabad,1914,hatchback,manual,1.4 sx
skoda rapid,2018,petrol,33782,771699,hyderabad,5556,sedan,manual,style 1.6 mpi mt
hyundai grand i10,2015,petrol,81287,442299,hyderabad,516,hatchback,manual,asta 1.2 kappa vtvt
maruti swift,2018,diesel,46992,622599,hyderabad,2340,hatchback,manual,vdi
hyundai i10,2014,petrol,58303,352799,hyderabad,1884,hatchback,manual,sportz 1.1 irde2
skoda fabia,2011,petrol,58228,253799,hyderabad,3625,hatchback,manual,elegance 1.2 mpi
honda br-v,2016,petrol,31996,706999,hyderabad,3446,suv,automatic,1.5 i-vtec v cvt
tata tiago,2019,petrol,22069,539899,hyderabad,4667,hatchback,,xz+ 1.2 revotron
maruti vitara brezza,2016,diesel,37380,783099,hyderabad,2046,suv,manual,zdi
hyundai grand i10,2014,petrol,62099,399999,hyderabad,1513,hatchback,manual,asta 1.2 kappa vtvt
hyundai i20,2009,petrol,64790,296699,hyderabad,1413,hatchback,manual,magna 1.2 vtvt
volkswagen polo,2011,petrol,81993,310199,hyderabad,2719,hatchback,manual,highline1.2l petrol
maruti baleno,2016,petrol,54916,514199,hyderabad,1999,hatchback,manual,delta 1.2 k12
maruti alto 800,2019,petrol,34886,306899,hyderabad,1033,hatchback,manual,lxi
maruti s cross,2017,diesel,52235,817099,hyderabad,1355,suv,manual,zeta 1.3
hyundai verna,2010,petrol,81081,291199,hyderabad,2188,sedan,manual,transform 1.6 vtvt
maruti vitara brezza,2018,diesel,24976,917599,hyderabad,1632,suv,automatic,zdi amt
hyundai i10,2011,petrol,76345,304899,hyderabad,1110,hatchback,automatic,sportz 1.2 at kappa2
maruti alto 800,2017,petrol,52641,284299,hyderabad,1404,hatchback,manual,lxi
maruti wagon r 1.0,2015,petrol,70993,301299,hyderabad,1942,hatchback,manual,vxi
hyundai elite i20,2016,petrol,88256,572899,hyderabad,986,hatchback,manual,asta 1.2
maruti ertiga,2018,diesel,21021,971299,hyderabad,3121,suv,manual,zdi plus shvs
hyundai i10,2008,petrol,85549,229399,hyderabad,747,hatchback,manual,magna 1.1 irde2
maruti swift,2009,diesel,129266,269699,hyderabad,2444,hatchback,manual,vdi
hyundai elite i20,2015,petrol,82168,560299,hyderabad,1175,hatchback,manual,asta 1.2 (o)
tata tiago,2016,petrol,89440,363099,hyderabad,3974,hatchback,manual,xt 1.2 revotron
volkswagen polo,2018,petrol,60529,572499,hyderabad,2552,hatchback,,highline 1.0 petrol
honda crv,2007,petrol,101947,285299,hyderabad,5288,luxury suv,manual,2.4 mt
ford new figo,2016,diesel,83357,449999,hyderabad,964,hatchback,manual,1.5 titanium
maruti vitara brezza,2019,diesel,38781,828699,hyderabad,1566,suv,manual,vdi
maruti sx4,2008,petrol,107327,231499,hyderabad,2416,sedan,manual,zxi
hyundai i10,2011,petrol,110349,231699,hyderabad,1215,hatchback,manual,sportz 1.2 kappa2
maruti vitara brezza,2019,diesel,36005,942299,hyderabad,2365,suv,automatic,zdi amt
maruti alto k10,2012,petrol,89034,240599,hyderabad,416,hatchback,manual,vxi
honda city,2010,petrol,167063,441599,hyderabad,500,sedan,automatic,v at
toyota fortuner,2017,diesel,188558,2269771,hyderabad,3586,luxury suv,manual,2.8 4x2 mt
toyota fortuner,2011,diesel,160953,999199,hyderabad,2550,luxury suv,manual,3.0 mt 4x4
toyota innova,2012,diesel,150911,922199,hyderabad,2327,suv,manual,2.5 vx 8 str bs iv
toyota innova,2015,diesel,143896,1121699,hyderabad,1577,suv,manual,2.5 vx 8 str bs iv
hyundai elite i20,2016,diesel,147359,527999,hyderabad,1687,hatchback,manual,1.4 crdi asta (o)
honda city,2016,petrol,137243,529499,hyderabad,2378,sedan,automatic,vx cvt petrol
hyundai santro xing,2008,petrol,78841,143000,hyderabad,223,hatchback,manual,gls
maruti wagon r,2008,petrol,66355,150000,hyderabad,256,hatchback,manual,lxi
hyundai verna,2007,diesel,142726,150000,hyderabad,325,sedan,manual,vgt crdi
maruti swift,2016,petrol,3587,551399,hyderabad,8129,hatchback,manual,zxi
maruti swift dzire,2016,diesel,3343,624799,hyderabad,2828,sedan,manual,vdi bs iv
hyundai i20,2012,petrol,10027,368599,hyderabad,7827,hatchback,manual,magna 1.2 vtvt
tata safari,2012,diesel,147857,210000,hyderabad,522,suv,manual,4x2 ex dicor bs iv
hyundai i10,2014,petrol,28446,376099,hyderabad,4761,hatchback,manual,sportz 1.1 irde2
renault kwid,2017,petrol,9415,337299,hyderabad,3468,hatchback,manual,rxt
hyundai i20,2012,petrol,32353,413699,hyderabad,6873,hatchback,manual,asta 1.2
maruti dzire,2020,petrol,15784,661399,hyderabad,454,sedan,manual,vxi
maruti swift,2015,diesel,36668,517699,hyderabad,4434,hatchback,manual,vdi abs
hyundai grand i10,2014,petrol,45993,372999,hyderabad,1929,hatchback,manual,magna 1.2 kappa vtvt
hyundai grand i10,2017,petrol,27251,512499,hyderabad,1162,hatchback,manual,asta 1.2 kappa vtvt
hyundai grand i10,2016,petrol,31361,391699,hyderabad,1096,hatchback,manual,magna 1.2 vtvt
hyundai grand i10,2019,petrol,3884,540099,hyderabad,2523,hatchback,manual,magna 1.2 vtvt
maruti swift,2020,petrol,10923,629999,hyderabad,1626,hatchback,automatic,vxi amt
renault kwid,2016,petrol,30909,373799,hyderabad,1233,hatchback,automatic,rxt 1.0 easy-r at option
hyundai grand i10,2017,petrol,3915,542999,hyderabad,1115,hatchback,manual,sportz o 1.2
maruti alto k10,2019,petrol,14764,387999,hyderabad,886,hatchback,manual,vxi
chevrolet cruze,2010,diesel,47145,414899,hyderabad,3057,luxury sedan,automatic,ltz at
hyundai i10,2008,petrol,45640,250499,hyderabad,1060,hatchback,manual,magna
honda city,2011,petrol,59781,398699,hyderabad,893,sedan,manual,s mt petrol
maruti ertiga,2015,petrol,36040,557799,hyderabad,2531,suv,manual,vxi
hyundai eon,2012,petrol,29691,237999,hyderabad,1503,hatchback,manual,era plus
maruti swift,2015,petrol,49078,466899,hyderabad,1620,hatchback,manual,vxi
volkswagen vento,2013,diesel,49081,504699,hyderabad,2440,sedan,manual,highline diesel
ford figo,2011,petrol,40590,243599,hyderabad,1824,hatchback,manual,1.2 zxi duratec
hyundai santro xing,2007,petrol,72039,171399,hyderabad,1492,hatchback,manual,xo erlx euro iii
hyundai i20,2010,petrol,63693,321999,hyderabad,1056,hatchback,manual,magna 1.2 vtvt
ford ecosport,2014,petrol,57599,556999,hyderabad,3523,suv,automatic,1.5 titanium ti vct at
hyundai elite i20,2019,petrol,17891,779199,hyderabad,1157,hatchback,,1.2 sports plus vtvt cvt
chevrolet beat,2013,diesel,49994,225399,hyderabad,1548,hatchback,manual,ps diesel
mahindra thar,2017,diesel,35098,772199,hyderabad,1578,suv,manual,crde 4x4 bs iv
hyundai elite i20,2017,petrol,54543,603799,hyderabad,974,hatchback,manual,sportz 1.2
hyundai elite i20,2017,petrol,46636,654999,hyderabad,1501,hatchback,manual,asta 1.2 (o)
hyundai accent,2008,petrol,90511,173399,hyderabad,4503,sedan,manual,gle
maruti ertiga,2019,diesel,9906,1075648,hyderabad,4099,suv,,zdi plus 1.5 diesel
maruti vitara brezza,2018,diesel,40659,776399,hyderabad,2026,suv,manual,vdi opt
hyundai verna,2013,diesel,69582,555099,hyderabad,902,sedan,manual,fluidic 1.6 sx crdi
volkswagen polo,2016,diesel,61357,502099,hyderabad,2483,hatchback,manual,comfortline 1.5l diesel
honda civic,2007,petrol,102600,127599,hyderabad,30272,sedan,automatic,1.8v at
hyundai creta,2018,petrol,29129,844899,hyderabad,2597,suv,manual,1.6 e + vtvt
hyundai verna,2011,petrol,87022,448699,hyderabad,797,sedan,manual,fluidic 1.6 sx vtvt
ford ecosport,2018,diesel,44630,891799,hyderabad,2657,suv,,1.5 ecosport titanium sports(sunroof)
mahindra tuv300,2019,diesel,27228,886399,hyderabad,2456,suv,,t 10 mt dual tone
hyundai creta,2016,diesel,22280,1010705,hyderabad,2184,suv,,1.6 sx crdi
audi q3,2015,diesel,87654,1535599,hyderabad,3164,luxury suv,automatic,35 tdi quattro
honda jazz,2015,petrol,63791,531199,hyderabad,1168,hatchback,automatic,1.2 v at
skoda rapid,2012,diesel,88245,378799,hyderabad,1442,sedan,manual,ambition 1.6 tdi mt
honda city,2013,petrol,122598,445699,hyderabad,2048,sedan,automatic,v at
volkswagen polo,2015,petrol,98091,471199,hyderabad,1355,hatchback,manual,highline1.2l petrol
volkswagen polo,2015,diesel,130427,489599,hyderabad,1066,hatchback,manual,comfortline 1.5l diesel
toyota fortuner,2009,diesel,215056,857499,hyderabad,2262,luxury suv,manual,3.0 mt 4x4
chevrolet cruze,2011,diesel,65669,350000,hyderabad,501,luxury sedan,manual,ltz
tata indica v2,2015,diesel,240000,170000,hyderabad,314,,,ls
mercedes benz gla class,2014,diesel,85888,1639000,hyderabad,494,luxury suv,manual,200 cdi sport
toyota innova,2006,diesel,176441,310000,hyderabad,226,suv,manual,2.5 e
mercedes benz gla class,2015,diesel,44022,2250000,hyderabad,282,luxury suv,manual,200 cdi sport
chevrolet spark,2011,petrol,43416,75000,hyderabad,947,hatchback,manual,lt 1.0
mahindra maxximo,2013,diesel,163527,165000,hyderabad,752,suv,manual,7 seater
tata indigo ecs,2015,diesel,67435,300000,hyderabad,495,sedan,manual,ls cr4 bs iv
toyota etios,2015,diesel,76366,635000,hyderabad,455,sedan,manual,vx d
tata safari storme,2013,diesel,90044,875000,hyderabad,1039,suv,manual,2.2 vx 4x4
hyundai verna,2013,diesel,76506,600000,hyderabad,177,sedan,manual,fluidic 1.6 sx crdi opt
maruti alto k10,2015,petrol,6341,331399,chennai,624,hatchback,manual,vxi
renault kwid,2017,petrol,11529,384199,chennai,5668,hatchback,automatic,rxt 1.0 easy-r at option
maruti swift dzire,2010,petrol,17572,349799,chennai,4658,sedan,manual,vxi
maruti alto k10,2010,petrol,42198,232799,chennai,2240,hatchback,manual,lxi
renault kwid,2017,petrol,18056,333099,chennai,4126,hatchback,manual,rxt
maruti alto,2011,petrol,23217,266799,chennai,2078,hatchback,manual,lxi
hyundai i10,2012,petrol,14581,376299,chennai,12908,hatchback,automatic,sportz 1.2 at kappa2
maruti alto,2019,petrol,3658,355499,chennai,2601,hatchback,,lxi opt
maruti celerio,2014,petrol,30971,396699,chennai,1477,hatchback,automatic,vxi amt
hyundai eon,2017,petrol,9567,340299,chennai,2687,hatchback,manual,era plus
maruti wagon r 1.0,2014,petrol,29002,334099,chennai,2922,hatchback,manual,vxi
maruti alto 800,2016,petrol,8341,309899,chennai,2275,hatchback,manual,lxi opt
maruti omni,2018,petrol,6603,335299,chennai,1375,suv,manual,std
maruti wagon r 1.0,2017,petrol,20907,407499,chennai,2399,hatchback,manual,vxi
hyundai grand i10 nios,2020,petrol,2078,698099,chennai,4889,hatchback,,sportz petrol
maruti alto 800,2016,petrol,24346,288599,chennai,1648,hatchback,manual,lxi
maruti eeco,2017,petrol,22175,391199,chennai,3027,suv,manual,5 str with ac plushtr
honda jazz,2017,petrol,26617,591499,chennai,3936,hatchback,manual,vx  1.2
maruti ignis,2018,petrol,9572,574899,chennai,840,hatchback,manual,delta 1.2 k12
hyundai i10,2011,petrol,45931,333999,chennai,700,hatchback,manual,sportz 1.2 kappa2
mg zs ev,2020,electric,3875,2033734,chennai,5531,,,exclusive
hyundai i20,2013,petrol,30494,410199,chennai,4389,hatchback,manual,sportz 1.2 vtvt
maruti eeco,2018,petrol,21916,451599,chennai,470,suv,manual,5 str with ac plushtr
hyundai i10,2011,petrol,42118,280899,chennai,3679,hatchback,manual,sportz 1.2 kappa2
volkswagen polo,2015,petrol,42503,444999,chennai,3487,hatchback,manual,comfortline 1.2l petrol
hyundai i10,2009,petrol,35966,212799,chennai,5138,hatchback,manual,era 1.1 irde
maruti alto k10,2011,petrol,13977,265699,chennai,1398,hatchback,manual,vxi
hyundai grand i10,2016,petrol,8063,482799,chennai,1874,hatchback,automatic,magna 1.2 at  vtvt
hyundai eon,2012,petrol,31373,252399,chennai,1151,hatchback,manual,magna
hyundai new santro,2019,petrol,3243,580199,chennai,1138,,,1.1 sports amt
honda brio,2012,petrol,11185,352699,chennai,1982,hatchback,manual,1.2 s (o) mt ivtec
maruti alto k10,2015,petrol,19070,362399,chennai,480,hatchback,,vxi amt
maruti celerio,2015,petrol,17762,396899,chennai,2646,hatchback,automatic,vxi amt
maruti celerio,2015,petrol,38703,416199,chennai,846,hatchback,automatic,zxi amt
maruti wagon r 1.0,2012,petrol,38553,338999,chennai,589,hatchback,manual,vxi
hyundai eon,2014,petrol,34968,266399,chennai,2596,hatchback,manual,era plus
maruti swift dzire,2013,petrol,41318,445099,chennai,1208,sedan,manual,vxi 1.2 bs iv
maruti swift,2016,petrol,29511,480699,chennai,2770,hatchback,,vxi deca
maruti wagon r 1.0,2017,petrol,5873,426999,chennai,1505,hatchback,manual,vxi
maruti alto k10,2016,petrol,22360,324099,chennai,883,hatchback,manual,vxi
hyundai i10,2014,petrol,21428,373899,chennai,1272,hatchback,manual,magna 1.1 irde2
maruti baleno,2018,petrol,11258,618899,chennai,1586,hatchback,manual,delta 1.2 k12
maruti eeco,2019,petrol,9891,477499,chennai,595,suv,manual,5 str with ac plushtr
maruti wagon r 1.0,2013,petrol,30782,378399,chennai,388,hatchback,manual,vxi
hyundai grand i10,2016,petrol,20090,470299,chennai,990,hatchback,manual,sportz 1.2 kappa vtvt
maruti wagon r 1.0,2016,petrol,32196,416099,chennai,521,hatchback,manual,vxi
maruti celerio,2014,petrol,37918,333699,chennai,1930,hatchback,manual,vxi
hyundai i10,2010,petrol,42573,254099,chennai,3183,hatchback,manual,sportz 1.2 kappa2
volkswagen polo,2015,petrol,35283,535999,chennai,1536,hatchback,manual,highline1.2l petrol
maruti alto,2012,petrol,42251,257899,chennai,991,hatchback,manual,lxi
hyundai eon,2016,petrol,27775,299699,chennai,1954,hatchback,manual,era plus
maruti alto,2012,petrol,50410,219599,chennai,1270,hatchback,manual,lxi
hyundai grand i10,2014,petrol,30702,461099,chennai,1211,hatchback,automatic,asta 1.2 at vtvt
renault kwid,2016,petrol,21361,319299,chennai,2758,hatchback,manual,rxt
maruti omni e,2018,petrol,15762,334199,chennai,662,,,8 str
maruti wagon r 1.0,2017,petrol,24401,439499,chennai,514,hatchback,manual,vxi
maruti swift dzire,2013,petrol,28195,464499,chennai,1974,sedan,manual,vxi 1.2 bs iv
hyundai i10,2010,petrol,32693,300499,chennai,642,hatchback,manual,sportz 1.2
maruti ertiga,2015,diesel,45803,645599,chennai,3561,suv,manual,vdi abs
maruti baleno,2017,petrol,25972,531799,chennai,2235,hatchback,manual,delta 1.2 k12
honda brio,2015,petrol,37667,441899,chennai,682,hatchback,automatic,1.2 vx at i vtec
maruti alto,2012,petrol,58963,214299,chennai,1344,hatchback,manual,lxi
maruti celerio,2014,petrol,27544,399099,chennai,1156,hatchback,automatic,vxi amt
maruti wagon r 1.0,2018,petrol,16087,427899,chennai,978,hatchback,manual,vxi
maruti swift,2017,petrol,17538,593399,chennai,548,hatchback,manual,vxi
hyundai elite i20,2018,petrol,10893,684899,chennai,1577,hatchback,manual,sportz 1.2
maruti swift dzire,2010,petrol,49238,339099,chennai,1108,sedan,manual,vxi
hyundai eon,2013,petrol,22713,249299,chennai,1921,hatchback,manual,d lite plus
maruti swift,2015,petrol,40987,481299,chennai,1113,hatchback,manual,vxi
maruti celerio,2019,petrol,13079,526899,chennai,474,hatchback,manual,vxi
honda city,2011,petrol,51684,434699,chennai,1600,sedan,automatic,v at
hyundai eon,2013,petrol,27109,256399,chennai,1243,hatchback,manual,magna plus
maruti alto k10,2010,petrol,46987,233499,chennai,965,hatchback,manual,vxi
maruti wagon r 1.0,2011,petrol,45714,324399,chennai,496,hatchback,manual,vxi
hyundai elite i20,2019,petrol,11172,743799,chennai,1433,hatchback,manual,asta 1.2 (o)
maruti alto 800,2018,petrol,13741,352099,chennai,759,hatchback,manual,vxi
maruti swift,2018,petrol,13962,603399,chennai,1050,hatchback,manual,vxi
hyundai elite i20,2018,petrol,22562,679199,chennai,937,hatchback,manual,asta 1.2
hyundai elite i20,2016,petrol,18639,552399,chennai,1958,hatchback,manual,magna 1.2
maruti swift dzire,2015,petrol,47445,484499,chennai,1533,sedan,manual,vxi 1.2 bs iv
maruti baleno,2017,petrol,22993,675399,chennai,1259,hatchback,automatic,alpha 1.2 k12 amt
maruti alto 800,2017,petrol,25712,325099,chennai,594,hatchback,manual,lxi
maruti swift,2018,petrol,10382,633699,chennai,2517,hatchback,automatic,zxi amt
maruti vitara brezza,2020,petrol,2979,984299,chennai,3072,suv,,zxi
maruti dzire,2018,petrol,17794,628699,chennai,710,sedan,manual,vxi
maruti dzire,2017,diesel,17163,667799,chennai,1487,sedan,manual,vdi
maruti wagon r 1.0,2013,petrol,50429,356099,chennai,450,hatchback,manual,vxi
maruti eeco,2020,petrol,13447,470699,chennai,1354,suv,manual,5 str with ac plushtr
renault kwid,2016,petrol,34082,315899,chennai,1448,hatchback,manual,rxt
maruti wagon r 1.0,2017,petrol,40381,417899,chennai,692,hatchback,manual,vxi
maruti alto 800,2014,petrol,40695,247399,chennai,1178,hatchback,manual,lxi
hyundai grand i10,2016,petrol,44019,478399,chennai,1040,hatchback,automatic,magna 1.2 at  vtvt
hyundai grand i10,2017,petrol,8643,518899,chennai,760,hatchback,manual,magna 1.2 kappa vtvt
maruti swift,2019,petrol,12425,647999,chennai,4259,hatchback,manual,vxi
maruti swift dzire,2016,diesel,38519,601599,chennai,2288,sedan,manual,vdi bs iv
fiat grand punto,2014,diesel,46804,295099,chennai,3106,hatchback,manual,active 1.3
maruti swift,2019,petrol,1890,652999,chennai,675,hatchback,manual,vxi
maruti ertiga,2015,petrol,23641,655299,chennai,1789,suv,manual,vxi
hyundai eon,2016,petrol,42946,301699,chennai,1006,hatchback,manual,magna plus
renault kwid,2016,petrol,39145,314299,chennai,1145,hatchback,manual,rxt opt
hyundai eon,2016,petrol,39910,317899,chennai,625,hatchback,manual,era plus
maruti alto k10,2010,petrol,54732,242999,chennai,875,hatchback,manual,vxi
maruti eeco,2019,petrol,23090,467199,chennai,425,suv,manual,5 str with ac plushtr
hyundai i20 active,2015,petrol,42060,575899,chennai,838,hatchback,manual,1.2 s
volkswagen polo,2015,petrol,39763,523699,chennai,1673,hatchback,manual,highline1.2l petrol
hyundai grand i10,2018,petrol,18363,554799,chennai,1262,hatchback,,sportz (o) 1.2 at vtvt
maruti baleno,2016,petrol,29711,666299,chennai,360,hatchback,manual,alpha 1.2 k12
hyundai i10,2012,petrol,48440,331499,chennai,701,hatchback,manual,magna 1.2 kappa2
tata tiago,2018,petrol,14901,513699,chennai,1380,hatchback,manual,xz 1.2 revotron
hyundai grand i10,2018,petrol,19266,532899,chennai,1410,hatchback,manual,magna 1.2 vtvt
hyundai elite i20,2015,petrol,20657,518099,chennai,2209,hatchback,manual,sportz 1.2
maruti swift,2017,petrol,35774,562599,chennai,254,hatchback,manual,vxi
volkswagen ameo,2016,petrol,23367,528999,chennai,2493,sedan,manual,highline 1.2
maruti wagon r 1.0,2013,petrol,55517,341599,chennai,630,hatchback,manual,vxi
maruti baleno,2018,petrol,9398,599299,chennai,1809,hatchback,manual,delta 1.2 k12
maruti wagon r 1.0,2015,petrol,43136,378299,chennai,547,hatchback,automatic,vxi amt
maruti wagon r 1.0,2010,petrol,61400,241399,chennai,1283,hatchback,manual,lxi
maruti zen estilo,2012,petrol,64480,237399,chennai,2528,hatchback,manual,lxi
renault pulse,2014,petrol,49994,298199,chennai,3245,hatchback,manual,rx l petrol
hyundai elite i20,2015,petrol,52695,577599,chennai,573,hatchback,manual,asta 1.2
hyundai i10,2009,petrol,28390,247399,chennai,720,hatchback,manual,era 1.1 irde
hyundai grand i10,2017,petrol,51394,436099,chennai,659,hatchback,manual,magna 1.2 vtvt
maruti swift,2013,diesel,61781,409799,chennai,2513,hatchback,manual,vdi
hyundai grand i10,2015,petrol,46243,424599,chennai,672,hatchback,manual,asta 1.2 kappa vtvt
hyundai grand i10,2015,petrol,50398,460299,chennai,395,hatchback,manual,magna 1.2 kappa vtvt
hyundai i20,2013,petrol,53953,373199,chennai,1248,hatchback,manual,magna 1.2 vtvt
maruti swift,2018,petrol,20159,565899,chennai,2048,hatchback,manual,vxi
maruti baleno,2020,petrol,7815,750299,chennai,2337,hatchback,manual,alpha 1.2 k12
maruti swift,2014,diesel,62368,469899,chennai,1207,hatchback,manual,zdi
hyundai eon,2016,petrol,36422,331299,chennai,439,hatchback,manual,era plus
hyundai grand i10,2018,petrol,4241,550699,chennai,449,hatchback,manual,magna 1.2 kappa vtvt
hyundai grand i10,2015,petrol,32650,491399,chennai,808,hatchback,automatic,asta 1.2 at vtvt
volkswagen polo,2015,petrol,21715,516199,chennai,2412,hatchback,manual,highline1.2l petrol
maruti swift dzire,2013,petrol,53876,474399,chennai,386,sedan,manual,vxi 1.2 bs iv
honda city,2010,petrol,59694,413899,chennai,1842,sedan,manual,s mt petrol
hyundai i10,2008,petrol,61075,204299,chennai,2267,hatchback,manual,magna
maruti alto 800,2014,petrol,57434,235399,chennai,1285,hatchback,manual,lxi
renault kwid,2016,petrol,29163,353099,chennai,302,hatchback,manual,rxt
hyundai elite i20,2017,petrol,27345,645599,chennai,689,hatchback,manual,asta 1.2 (o)
ford new figo,2017,diesel,30644,532899,chennai,3077,hatchback,manual,1.5 titanium
hyundai elite i20,2016,petrol,51404,547399,chennai,723,hatchback,manual,sportz 1.2
hyundai elite i20,2017,petrol,32077,621299,chennai,817,hatchback,manual,sportz 1.2
maruti swift,2015,petrol,55562,482399,chennai,773,hatchback,manual,vxi
maruti dzire,2017,diesel,37607,678699,chennai,2488,sedan,automatic,vdi amt
hyundai eon,2016,petrol,41675,304299,chennai,712,hatchback,manual,magna plus
maruti alto 800,2013,petrol,64676,217999,chennai,2255,hatchback,manual,lxi
hyundai grand i10,2013,diesel,55207,334999,chennai,662,hatchback,manual,magna 1.1 crdi
hyundai i10,2012,petrol & lpg,42103,398699,chennai,663,hatchback,automatic,sportz 1.2 at kappa2
hyundai eon,2017,petrol,35527,356299,chennai,133,hatchback,manual,era plus (o)
mahindra tuv300,2016,diesel,48062,711999,chennai,9054,suv,manual,t8
nissan sunny,2013,petrol,62605,393099,chennai,2099,sedan,manual,xv petrol
maruti ritz,2012,diesel,70091,317999,chennai,1270,hatchback,manual,vdi
maruti ritz,2012,diesel,65116,355899,chennai,748,hatchback,manual,vdi
renault kwid,2016,petrol,35816,338099,chennai,588,hatchback,manual,rxt
honda brio,2012,petrol,43690,367199,chennai,564,hatchback,manual,1.2 s mt i vtec
maruti swift,2017,petrol,42061,545999,chennai,181,hatchback,manual,vxi opt
maruti baleno,2019,petrol,20045,633199,chennai,911,hatchback,manual,delta 1.2 k12
maruti dzire,2018,diesel,23752,688499,chennai,2087,sedan,manual,vdi
maruti swift,2019,petrol,19508,626099,chennai,1122,hatchback,manual,vxi
honda amaze,2014,diesel,55838,468299,chennai,890,sedan,manual,1.5 smt i dtec
hyundai i20,2013,diesel,69617,377599,chennai,2729,hatchback,manual,sportz 1.4 crdi
maruti swift,2013,diesel,66970,458099,chennai,542,hatchback,manual,vdi
hyundai elite i20,2014,petrol,67785,493599,chennai,1028,hatchback,manual,asta 1.2
maruti alto 800,2016,petrol,47745,313499,chennai,347,hatchback,manual,lxi
maruti wagon r 1.0,2011,petrol,72997,310199,chennai,289,hatchback,manual,vxi
hyundai elite i20,2015,petrol,56767,496899,chennai,2181,hatchback,manual,sportz 1.2
maruti baleno,2020,petrol,9501,788199,chennai,1206,hatchback,manual,alpha 1.2 k12
hyundai grand i10,2016,petrol,45345,500399,chennai,53,hatchback,manual,asta 1.2 kappa vtvt opt
maruti dzire,2019,petrol,14982,714499,chennai,590,sedan,manual,vxi
mahindra xuv500,2019,diesel,16763,1438440,chennai,3061,luxury suv,,w7 fwd
maruti swift dzire,2015,diesel,61970,514899,chennai,1259,sedan,,vdi abs
maruti baleno,2018,petrol,33554,623999,chennai,1180,hatchback,manual,alpha 1.2 k12
maruti alto 800,2018,petrol,29975,311999,chennai,718,hatchback,manual,lxi
maruti dzire,2017,diesel,19176,614399,chennai,1439,sedan,manual,vdi
maruti alto k10,2018,petrol,35899,389799,chennai,566,hatchback,manual,vxi opt
hyundai i10,2014,petrol,35571,373499,chennai,571,hatchback,manual,magna 1.1 irde2
honda jazz,2019,petrol,5183,991199,chennai,2430,hatchback,,1.2 vx at
maruti alto k10,2017,petrol,64778,331799,chennai,472,hatchback,manual,vxi
volkswagen polo,2017,petrol,44883,516199,chennai,981,hatchback,manual,comfortline 1.2l petrol
renault kwid,2017,petrol,42259,360899,chennai,486,hatchback,manual,rxt
maruti zen estilo,2009,petrol,60522,196699,chennai,1800,hatchback,manual,vxi
maruti baleno,2015,petrol,48809,475099,chennai,1527,hatchback,manual,sigma 1.2 k12
maruti ciaz,2017,petrol,46847,762899,chennai,713,sedan,automatic,alpha 1.4 vvt amt
hyundai creta,2017,petrol,104315,801499,chennai,2018,suv,manual,1.6 sx plus petrol
hyundai elite i20,2019,petrol,14712,731599,chennai,1640,hatchback,manual,asta 1.2 (o)
maruti wagon r stingray,2013,petrol,62227,364699,chennai,443,hatchback,manual,vxi
maruti swift dzire,2012,petrol,68105,446299,chennai,324,sedan,manual,vxi 1.2 bs iv
renault lodgy,2015,diesel,10220,747199,chennai,1058,suv,manual,110 ps rxz 8 str
hyundai eon,2014,petrol,43638,289599,chennai,565,hatchback,manual,era plus
hyundai creta,2019,petrol,16114,1045651,chennai,2568,suv,,1.6 sx vtvt
maruti swift,2019,petrol,21823,657599,chennai,1393,hatchback,automatic,vxi amt
maruti swift,2015,diesel,73530,493099,chennai,937,hatchback,manual,vdi abs
maruti celerio,2016,petrol,57563,433099,chennai,554,hatchback,automatic,zxi amt
maruti wagon r 1.0,2012,petrol,81727,313999,chennai,405,hatchback,manual,vxi
hyundai grand i10,2018,petrol,39847,435799,chennai,2079,hatchback,manual,magna 1.2 vtvt
honda city,2010,petrol,79065,401399,chennai,1136,sedan,manual,s mt petrol
maruti swift dzire,2012,petrol,68292,423499,chennai,372,sedan,manual,vxi 1.2 bs iv
hyundai elite i20,2018,diesel,33515,632399,chennai,1387,hatchback,manual,magna executive diesel
maruti vitara brezza,2016,diesel,52128,672199,chennai,1480,suv,manual,vdi opt
renault duster,2014,diesel,77398,542599,chennai,1118,suv,manual,85 ps rxl opt
kia seltos,2019,diesel,23277,1529946,chennai,3212,,,htx 1.5 diesel
honda city,2018,petrol,33236,844199,chennai,2415,sedan,manual,v mt petrol
maruti wagon r,2008,petrol,79056,208599,chennai,918,hatchback,manual,vxi minor
ford ecosport,2020,diesel,11520,1106251,chennai,2652,suv,manual,1.5titanium tdci
maruti ciaz,2018,petrol,39655,700499,chennai,1093,sedan,manual,delta 1.4 vvt
honda jazz,2018,petrol,29265,645099,chennai,570,hatchback,manual,1.2 s mt
mahindra tuv300,2016,diesel,58384,676199,chennai,1807,suv,manual,t8
maruti swift,2017,petrol,57780,471199,chennai,1308,hatchback,manual,lxi opt
honda amaze,2018,petrol,29177,732599,chennai,696,sedan,,1.2 v cvt i vtec
renault kwid,2018,petrol,40049,359599,chennai,2002,hatchback,manual,rxt opt
maruti alto k10,2011,petrol,53962,258299,chennai,342,hatchback,manual,vxi
maruti baleno,2018,petrol,47586,618199,chennai,380,hatchback,manual,delta 1.2 k12
maruti dzire,2018,petrol,61191,595299,chennai,1032,sedan,manual,vxi
nissan nissan kicks,2019,petrol,19923,765499,chennai,3677,suv,,xl petrol
nissan micra,2018,petrol,44945,503299,chennai,1160,hatchback,automatic,xl cvt (petrol)
maruti swift dzire,2014,diesel,83907,495799,chennai,759,sedan,manual,vdi bs iv
honda brio,2012,petrol,83574,294599,chennai,1580,hatchback,manual,1.2 s mt i vtec
hyundai venue,2019,diesel,25049,964699,chennai,1670,suv,,1.4 crdi s mt
hyundai verna,2018,petrol,26402,952599,chennai,1832,sedan,manual,1.6 sx vtvt
renault kwid,2016,petrol,71785,296999,chennai,3748,hatchback,manual,rxt opt
honda city,2013,petrol,74119,529599,chennai,1099,sedan,manual,v mt petrol
maruti dzire,2019,diesel,52600,687899,chennai,309,sedan,manual,vdi
honda city,2010,petrol,95673,410699,chennai,982,sedan,automatic,v at
hyundai i10,2013,petrol,73447,344199,chennai,739,hatchback,manual,magna 1.2 kappa2
ford figo aspire,2018,diesel,43068,629799,chennai,1312,sedan,manual,1.5 titanium sports edition
maruti baleno,2016,diesel,73698,616899,chennai,648,hatchback,manual,alpha ddis 190
toyota etios liva,2011,petrol,72062,354199,chennai,726,hatchback,manual,g
hyundai i20,2010,petrol,84529,321999,chennai,1718,hatchback,manual,asta 1.2
maruti swift,2014,petrol,78309,461399,chennai,751,hatchback,manual,vxi
honda amaze,2015,diesel,81879,506999,chennai,435,sedan,manual,1.5 smt i dtec
maruti a star,2009,petrol,82747,188399,chennai,4111,hatchback,manual,zxi
ford ecosport,2013,diesel,84769,467099,chennai,4294,suv,manual,1.5titanium tdci
maruti swift,2018,diesel,35067,697999,chennai,1883,hatchback,manual,zdi +
maruti ertiga,2013,petrol,86720,554599,chennai,1076,suv,manual,vxi
nissan sunny,2012,diesel,86555,377099,chennai,1445,sedan,manual,xl diesel
honda city,2019,petrol,14437,989399,chennai,3077,sedan,,v cvt
toyota etios liva,2012,diesel,111086,435099,chennai,374,hatchback,manual,gd
tata tiago,2018,petrol,38458,498799,chennai,937,hatchback,manual,xz 1.2 revotron
maruti alto k10,2011,petrol,80046,257499,chennai,402,hatchback,manual,lxi
toyota etios,2014,petrol,71201,462199,chennai,1363,sedan,manual,cross 1.5 v
maruti a star,2013,petrol,72342,278999,chennai,1323,hatchback,automatic,vxi abs at
maruti dzire,2017,diesel,66343,629999,chennai,771,sedan,automatic,vdi amt
maruti swift,2013,diesel,88137,471099,chennai,207,hatchback,manual,vdi
hyundai venue,2019,petrol,11542,1017169,chennai,431,suv,,1.0 turbo gdi sx+ at
maruti dzire,2019,diesel,33584,741399,chennai,516,sedan,manual,vdi
maruti celerio,2014,petrol,73937,361399,chennai,714,hatchback,manual,zxi
hyundai santro xing,2007,petrol,71079,193999,chennai,1844,hatchback,manual,xl erlx euro iii
honda amaze,2013,diesel,102130,409999,chennai,540,sedan,manual,1.5 smt i dtec
maruti ertiga,2013,diesel,75384,642499,chennai,827,suv,manual,vdi abs
hyundai creta,2018,diesel,52781,1144227,chennai,1422,suv,,1.6 sx (o) crdi
bmw 3 series,2013,diesel,30470,1357842,chennai,5479,luxury sedan,automatic,320d luxuryline
maruti ertiga,2016,diesel,71271,736799,chennai,946,suv,manual,vdi shvs
maruti alto 800,2013,petrol,84015,233899,chennai,759,hatchback,manual,lxi
hyundai i10,2013,petrol,92104,336899,chennai,538,hatchback,manual,magna 1.2 kappa2
maruti baleno,2018,diesel,71883,584399,chennai,1405,hatchback,manual,sigma ddis 190
maruti vitara brezza,2019,diesel,15159,934399,chennai,1514,suv,,zdi+ dual tone amt
honda amaze,2015,petrol,66632,442999,chennai,1182,sedan,manual,1.2 smt i vtec
hyundai i10,2008,petrol,106887,191299,chennai,2758,hatchback,manual,sportz 1.2
volkswagen polo,2017,diesel,64360,574399,chennai,1837,hatchback,manual,highline1.5l diesel
maruti swift dzire,2016,petrol,70349,480699,chennai,1506,sedan,manual,vxi opt
maruti alto k10,2016,petrol,61676,329799,chennai,282,hatchback,manual,vxi
mahindra bolero,2015,diesel,86595,583499,chennai,3305,suv,,zlx special edition
maruti swift,2016,diesel,91075,522899,chennai,734,hatchback,manual,zdi
honda wr-v,2017,diesel,87760,713699,chennai,1969,suv,manual,1.5 i-dtec vx mt
skoda rapid,2016,diesel,89014,658799,chennai,966,sedan,automatic,1.5 tdi at ambition
toyota etios,2011,petrol,105407,383399,chennai,694,sedan,manual,v
hyundai xcent,2018,diesel,66171,556399,chennai,745,sedan,,1.2 s crdi
maruti ciaz,2019,petrol,43569,930999,chennai,820,sedan,,alpha 1.5 at vtvt shvs
skoda rapid,2016,diesel,84565,568699,chennai,2042,sedan,manual,1.6 tdi mt ambition plus
hyundai grand i10,2016,petrol,77847,469099,chennai,266,hatchback,manual,sportz 1.2 kappa vtvt
maruti swift,2016,diesel,87609,556899,chennai,1809,hatchback,manual,zdi
hyundai verna,2012,diesel,90495,536599,chennai,1814,sedan,automatic,fluidic 1.6 crdi sx opt at
hyundai i20,2011,diesel,114818,254799,chennai,2309,hatchback,manual,magna o 1.4 crdi
hyundai elite i20,2015,petrol,76733,567699,chennai,503,hatchback,manual,asta 1.2
maruti swift,2015,petrol,86119,478499,chennai,300,hatchback,manual,vxi
hyundai verna,2016,diesel,94162,698599,chennai,2165,sedan,manual,fluidic 1.6 sx crdi opt
maruti ritz,2015,diesel,95891,438799,chennai,591,hatchback,manual,zdi
volkswagen polo,2015,petrol,79721,483399,chennai,1571,hatchback,manual,highline1.2l petrol
audi q3,2014,diesel,67509,1191293,chennai,1828,luxury suv,,2.0 tdi
hyundai xcent,2014,petrol,82553,411699,chennai,509,sedan,manual,s 1.2 opt
maruti swift,2018,petrol,58696,537299,chennai,481,hatchback,manual,lxi
bmw 5 series,2012,diesel,109519,1248762,chennai,6005,luxury sedan,automatic,525d
maruti baleno,2017,diesel,78579,662799,chennai,788,hatchback,manual,alpha ddis 190
honda city,2009,petrol,121488,347599,chennai,1869,sedan,manual,s mt petrol
maruti swift dzire,2013,diesel,95428,462999,chennai,232,sedan,manual,ldi bs iv
ford ecosport,2013,diesel,135725,469199,chennai,1356,suv,manual,1.5titanium tdci
ford figo,2011,diesel,123397,239599,chennai,2435,hatchback,manual,1.4 titanium duratorq
honda city,2012,petrol,113477,446399,chennai,1136,sedan,manual,v mt petrol
hyundai creta,2016,diesel,77407,885099,chennai,1621,suv,automatic,1.6 crdi sx plus auto
hyundai i10,2014,petrol,148169,368699,chennai,3562,hatchback,manual,magna 1.1 irde2
maruti swift dzire,2015,petrol,87729,521799,chennai,552,sedan,manual,zxi 1.2 bs iv
honda amaze,2014,diesel,106819,442699,chennai,583,sedan,manual,1.5 exmt i dtec
toyota innova,2011,diesel,124949,656399,chennai,2191,suv,manual,2.5 g4 8 str
fiat grand punto,2013,diesel,117501,284399,chennai,1015,hatchback,manual,emotion pack 1.3 90 hp
honda city,2015,petrol,106311,563599,chennai,1517,sedan,manual,v mt petrol
maruti swift dzire,2013,petrol,105555,464499,chennai,263,sedan,manual,vxi 1.2 bs iv
honda city,2010,petrol,97104,411499,chennai,499,sedan,,1.5 e mt petrol
hyundai elite i20,2015,diesel,127636,490199,chennai,1351,hatchback,manual,asta 1.4 crdi
ford ecosport,2018,diesel,75227,712199,chennai,768,suv,manual,1.5 trend tdci
hyundai i10,2011,petrol,98754,338899,chennai,301,hatchback,manual,sportz 1.2 kappa2
toyota innova,2015,diesel,98291,1151196,chennai,2774,suv,manual,2.5 gx 8 str bs iv
honda jazz,2016,diesel,103204,513699,chennai,1085,hatchback,manual,1.5 sv i dtec
toyota innova,2013,diesel,221916,953699,chennai,993,suv,manual,2.5 vx 7 str bs iv
volkswagen polo,2014,diesel,170685,363599,chennai,2666,hatchback,manual,highline1.5l diesel
hyundai elite i20,2014,diesel,94127,607499,chennai,264,hatchback,manual,asta 1.4 crdi
maruti wagon r 1.0,2014,petrol,114075,356299,chennai,321,hatchback,manual,vxi
renault duster,2014,diesel,113857,559499,chennai,443,suv,manual,rxl plus diesel 85
maruti swift dzire,2013,diesel,119674,490599,chennai,248,sedan,manual,vdi bs iv
hyundai i10,2012,petrol,138629,348799,chennai,142,hatchback,manual,magna 1.2 kappa2
hyundai santro xing,2011,petrol,170829,250799,chennai,545,hatchback,manual,gl plus
hyundai creta,2017,diesel,123713,937899,chennai,815,suv,,1.6 sx crdi
maruti swift,2016,diesel,146889,525099,chennai,328,hatchback,manual,vdi abs
toyota innova,2014,diesel,123683,1096757,chennai,1735,suv,manual,2.5 gx 7 str bs iv
hyundai i20,2013,diesel,115703,353499,chennai,1137,hatchback,manual,sportz 1.4 crdi
hyundai creta,2016,petrol,182203,614099,chennai,2268,suv,manual,1.6 base
toyota innova,2010,diesel,323286,704599,chennai,1419,suv,manual,2.5 v 7str
honda city,2011,petrol,148572,408799,chennai,677,sedan,manual,s mt petrol
mercedes benz a class,2014,diesel,42128,917299,chennai,7844,luxury sedan,manual,a180 cdi style
mahindra xylo,2017,diesel,212781,757099,chennai,842,suv,manual,h8 abs airbag bs iv
ford ecosport,2014,diesel,151297,424399,chennai,3497,suv,manual,1.5 titaniumtdci opt
maruti swift dzire,2013,diesel,199017,413499,chennai,938,sedan,manual,zdi
hyundai xcent,2015,petrol,234911,392999,chennai,601,sedan,manual,s 1.2
maruti alto k10,2015,petrol,95412,228299,chennai,2862,hatchback,manual,vxi
honda jazz,2019,petrol,13058,779299,chennai,875,hatchback,,1.2 vx at
toyota etios liva,2016,petrol,19025,486199,chennai,3572,hatchback,manual,v
tata bolt,2016,petrol,26704,310199,chennai,4293,hatchback,manual,xe revotron
maruti alto 800,2013,petrol,26489,251299,chennai,1197,hatchback,manual,lxi
maruti alto,2011,petrol,9924,287499,chennai,297,hatchback,manual,lxi
renault kwid,2020,petrol,3604,520499,chennai,17145,hatchback,,1.0 climber opt amt
hyundai i10,2010,petrol,32553,280599,chennai,698,hatchback,manual,magna 1.2
hyundai grand i10,2018,petrol,21672,536799,chennai,778,hatchback,manual,sportz 1.2 kappa vtvt
maruti omni e,2017,petrol,4687,307399,chennai,1041,,,8 str
maruti wagon r 1.0,2018,petrol,16640,502699,chennai,878,hatchback,automatic,vxi plus amt
volkswagen polo,2011,petrol,57897,340999,chennai,901,hatchback,manual,highline1.2l petrol
maruti swift,2016,petrol,36992,542999,chennai,354,hatchback,manual,vxi opt
renault kwid,2015,petrol,20852,319199,chennai,1663,hatchback,manual,rxt
maruti alto,2012,petrol,40124,214399,chennai,388,hatchback,manual,lxi
maruti alto 800,2014,petrol,29878,264999,chennai,349,hatchback,manual,vxi
maruti new  wagon-r,2019,petrol,4924,474599,chennai,1158,,,1.0 lxi (o)
maruti omni e,2017,petrol,14867,358699,chennai,80,,,8 str
honda brio,2013,petrol,38927,317199,chennai,1960,hatchback,manual,1.2 s mt i vtec
hyundai eon,2014,petrol,22373,314799,chennai,361,hatchback,manual,magna plus
fiat punto pure,2016,petrol,23713,423599,chennai,613,hatchback,,1.2 fire
maruti alto,2011,petrol,40146,197799,chennai,1897,hatchback,manual,lxi
hyundai grand i10,2013,petrol,31894,381799,chennai,827,hatchback,automatic,sportz at 1.2 kappa vtvt
tata nano,2014,petrol,35971,131099,chennai,3653,hatchback,manual,xt twist
maruti eeco,2019,petrol,6840,486699,chennai,200,suv,manual,5 str with ac plushtr
maruti swift,2017,petrol,30276,549999,chennai,1247,hatchback,manual,zxi
hyundai i10,2016,petrol,26280,422499,chennai,716,hatchback,manual,magna 1.1 irde2
maruti celerio,2016,petrol,30672,388099,chennai,1132,hatchback,manual,zxi
maruti alto k10,2013,petrol,16288,312199,chennai,222,hatchback,manual,vxi
maruti eeco,2018,petrol,6145,441999,chennai,384,suv,manual,5 str with ac plushtr
hyundai i10,2009,petrol,40583,250699,chennai,654,hatchback,manual,magna 1.2
maruti wagon r 1.0,2014,petrol,24663,393999,chennai,513,hatchback,manual,vxi
hyundai santro xing,2011,petrol,22390,270699,chennai,367,hatchback,manual,gl plus
maruti eeco,2016,petrol,29906,391699,chennai,739,suv,,5 str with ac plus htr
maruti alto 800,2015,petrol,22321,315899,chennai,178,hatchback,manual,lxi
maruti alto k10,2016,petrol,13660,399899,chennai,136,hatchback,,vxi (o) amt
maruti alto k10,2016,petrol,19487,390199,chennai,165,hatchback,,vxi amt
hyundai i20,2014,petrol,33697,452999,chennai,936,hatchback,manual,sportz 1.2 vtvt
datsun redi go,2017,petrol,20078,266499,chennai,2511,hatchback,manual,t (o)
hyundai i10,2013,petrol,27553,387099,chennai,77,hatchback,manual,magna 1.2 kappa2
maruti swift,2013,petrol,51049,408099,chennai,989,hatchback,manual,vxi
maruti ertiga,2017,petrol,9545,748999,chennai,1653,suv,manual,zxi plus
maruti swift,2013,petrol,50383,415399,chennai,446,hatchback,manual,vxi
maruti ignis,2018,petrol,15813,535899,chennai,753,hatchback,manual,delta 1.2 k12
maruti alto 800,2014,petrol,21415,276599,chennai,274,hatchback,manual,lxi
hyundai eon,2015,petrol,40102,313799,chennai,262,hatchback,manual,magna plus
maruti swift,2014,petrol,3600,466599,chennai,762,hatchback,manual,vxi
maruti swift,2011,diesel,62313,374199,chennai,684,hatchback,manual,vdi
maruti alto 800,2013,petrol,42818,250899,chennai,414,hatchback,manual,vxi
maruti swift dzire,2013,diesel,52020,433599,chennai,587,sedan,manual,ldi bs iv
hyundai elite i20,2018,petrol,7291,643599,chennai,540,hatchback,manual,sportz 1.2
hyundai elite i20,2015,petrol,24687,601599,chennai,423,hatchback,manual,asta 1.2
tata bolt,2014,petrol,42714,404499,chennai,549,hatchback,manual,xt revotron
maruti alto 800,2018,petrol,3057,352799,chennai,158,hatchback,manual,lxi
ford ecosport,2016,petrol,23374,642299,chennai,316,suv,manual,1.5 titanium ti vct
hyundai verna,2011,petrol,43482,426799,chennai,5238,sedan,manual,fluidic 1.6 sx vtvt
ford ecosport,2015,petrol,30005,604399,chennai,713,suv,automatic,1.5 titanium ti vct at
maruti ritz,2011,petrol,61714,302299,chennai,579,hatchback,manual,lxi
hyundai santro xing,2010,petrol,54304,272699,chennai,324,hatchback,manual,gls
volkswagen polo,2018,petrol,21823,589999,chennai,959,hatchback,manual,comfortline 1.0 petrol
volkswagen polo,2015,petrol,39268,481899,chennai,1259,hatchback,manual,comfortline 1.2l petrol
volkswagen polo,2019,petrol,14298,659199,chennai,1106,hatchback,manual,high line plus 1.0
maruti alto k10,2014,petrol,41920,296399,chennai,444,hatchback,manual,vxi
hyundai santro xing,2009,petrol,35563,226999,chennai,367,hatchback,manual,gls
honda brio,2012,petrol,52500,331799,chennai,1019,hatchback,manual,1.2 s (o) mt ivtec
maruti wagon r duo,2007,petrol & lpg,51247,170899,chennai,4152,hatchback,manual,lxi lpg
hyundai xcent,2014,petrol,49631,405299,chennai,1036,sedan,manual,s 1.2
maruti wagon r 1.0,2015,petrol,45929,415299,chennai,152,hatchback,manual,vxi
renault kwid,2018,petrol,25269,350999,chennai,525,hatchback,,rxl1.0 easy-r at
volkswagen ameo,2016,petrol,30781,534899,chennai,923,sedan,manual,comfortline 1.2
honda jazz,2017,petrol,35555,568099,chennai,648,hatchback,manual,1.2 s mt
maruti alto,2011,petrol,57621,254999,chennai,288,hatchback,manual,lxi
maruti alto 800,2012,petrol,46980,224199,chennai,646,hatchback,manual,lxi
maruti alto k10,2012,petrol,29797,250899,chennai,202,hatchback,manual,vxi
toyota etios,2011,petrol,53637,378399,chennai,3701,sedan,manual,v
hyundai eon,2016,petrol,31977,338699,chennai,400,hatchback,manual,magna plus optional
hyundai i10,2014,petrol,63028,347799,chennai,308,hatchback,manual,magna 1.1 irde2
hyundai verna,2011,petrol,60959,465599,chennai,2378,sedan,automatic,fluidic 1.6 sx vtvt opt at
maruti ertiga,2015,petrol,32155,686199,chennai,529,suv,manual,vxi
honda brio,2016,petrol,56335,403099,chennai,1218,hatchback,manual,1.2 vx mt i vtec
maruti ritz,2011,petrol,58747,283199,chennai,1088,hatchback,manual,vxi bs iv
mahindra tuv300,2016,diesel,19025,720399,chennai,3750,suv,manual,t8
ford figo aspire,2018,petrol,20192,622199,chennai,826,sedan,manual,1.2 titanium petrol
renault kwid,2017,petrol,68865,346499,chennai,402,hatchback,,rxl1.0 easy-r at
maruti ciaz,2016,diesel,41753,535099,chennai,2959,sedan,manual,vdi+ shvs
maruti swift,2018,petrol,23096,644599,chennai,1276,hatchback,automatic,zxi amt
honda amaze,2019,petrol,8200,653699,chennai,1077,sedan,manual,1.2 smt i vtec
maruti wagon r 1.0,2012,petrol,60795,310999,chennai,509,hatchback,manual,vxi
volkswagen polo,2017,petrol,38778,538999,chennai,1257,hatchback,manual,comfortline 1.2l petrol
maruti celerio,2018,petrol,25829,480199,chennai,678,hatchback,automatic,zxi opt amt
volkswagen polo,2013,petrol,64452,430099,chennai,1511,hatchback,manual,highline1.2l petrol
hyundai eon,2014,petrol,43705,295099,chennai,92,hatchback,manual,magna plus
hyundai eon,2013,petrol,57322,277499,chennai,328,hatchback,manual,era plus
tata nano,2014,petrol,43608,135299,chennai,1144,hatchback,manual,xt twist
honda jazz,2016,petrol,46944,501299,chennai,856,hatchback,manual,1.2 sv mt
ford freestyle,2018,petrol,20610,613599,chennai,790,,,titanium + 1.2 ti-vct
maruti swift,2017,petrol,40281,534699,chennai,538,hatchback,manual,vxi limited edition
maruti swift,2012,diesel,67338,374799,chennai,490,hatchback,manual,vdi
hyundai i10,2011,petrol,54326,315999,chennai,532,hatchback,automatic,sportz 1.2 at kappa2
hyundai eon,2012,petrol,65228,215799,chennai,1374,hatchback,manual,d lite plus
hyundai i10,2010,petrol,41284,243399,chennai,455,hatchback,manual,magna 1.2
ford figo,2013,petrol,27165,323299,chennai,579,hatchback,manual,1.2 exi duratec
volkswagen polo,2016,petrol,37282,571399,chennai,231,hatchback,manual,highline1.2l petrol
maruti alto k10,2016,petrol,49350,383799,chennai,117,hatchback,,vxi amt
hyundai verna,2013,petrol,67799,464999,chennai,1266,sedan,automatic,fluidic 1.6 sx vtvt opt at
volkswagen polo,2015,petrol,57417,494799,chennai,1064,hatchback,manual,highline1.2l petrol
hyundai eon,2016,petrol,36936,311799,chennai,351,hatchback,manual,d lite plus
hyundai elite i20,2014,petrol,45297,492199,chennai,290,hatchback,manual,sportz 1.2
hyundai eon,2012,petrol,71785,237399,chennai,972,hatchback,manual,era plus
ford new figo,2016,diesel,48742,460599,chennai,1368,hatchback,manual,1.5 trend
hyundai i10,2010,petrol,39550,296199,chennai,294,hatchback,manual,era 1.1 irde
maruti swift,2014,petrol,66729,416499,chennai,1273,hatchback,manual,vxi
volkswagen polo,2015,petrol,44193,518599,chennai,373,hatchback,manual,highline1.2l petrol
maruti swift,2013,diesel,67474,428099,chennai,1134,hatchback,manual,vdi
maruti wagon r 1.0,2015,petrol,56386,363399,chennai,491,hatchback,manual,vxi
maruti baleno,2016,petrol,42411,573399,chennai,93,hatchback,manual,delta 1.2 k12
maruti alto,2007,petrol,49180,160599,chennai,2286,hatchback,manual,lxi
maruti s cross,2017,diesel,20478,770499,chennai,1128,suv,manual,zeta 1.3
maruti wagon r 1.0,2017,petrol,44126,391199,chennai,297,hatchback,automatic,vxi amt
hyundai eon,2014,petrol,43686,272699,chennai,540,hatchback,manual,era plus
maruti celerio,2015,petrol,59398,402699,chennai,177,hatchback,automatic,vxi amt
maruti wagon r 1.0,2015,petrol,59786,359799,chennai,486,hatchback,manual,vxi
volkswagen polo,2016,diesel,49984,598599,chennai,1158,hatchback,manual,highline1.5l diesel
maruti swift dzire,2012,diesel,68873,451099,chennai,354,sedan,manual,vdi bs iv
maruti swift,2019,petrol,6240,637099,chennai,487,hatchback,manual,vxi
maruti eeco,2019,petrol,23791,423199,chennai,134,suv,manual,5 str with ac plushtr
ford ecosport,2018,diesel,86881,764199,chennai,1720,suv,manual,1.5titanium tdci
maruti baleno,2017,petrol,47186,576999,chennai,140,hatchback,manual,delta 1.2 k12
fiat grand punto,2014,diesel,63424,289599,chennai,799,hatchback,manual,dynamic 1.3
hyundai i20,2011,diesel,74931,338299,chennai,976,hatchback,manual,sportz o 1.4 crdi
maruti eeco,2018,petrol,34144,388099,chennai,683,suv,manual,5 str with ac plushtr
tata zest,2014,petrol,62813,345999,chennai,1866,sedan,manual,xms rt
ford ecosport,2015,petrol,67909,590299,chennai,742,suv,automatic,1.5 titanium ti vct at
hyundai grand i10 nios,2019,petrol,9850,697599,chennai,798,hatchback,,asta petrol
hyundai elite i20,2017,petrol,58193,587299,chennai,669,hatchback,manual,sportz 1.2
honda jazz,2019,petrol,16519,698799,chennai,857,hatchback,manual,1.2 v mt
volkswagen polo,2012,petrol,50019,381699,chennai,565,hatchback,manual,trendline 1.2l petrol
maruti swift,2016,petrol,51487,535399,chennai,402,hatchback,manual,vxi opt
honda wr-v,2017,diesel,45633,723799,chennai,1239,suv,manual,1.5 i-dtec vx mt
maruti ertiga,2017,diesel,37958,887699,chennai,184,suv,manual,vdi shvs
hyundai grand i10,2013,petrol,76180,373899,chennai,90,hatchback,manual,magna 1.2 vtvt
hyundai creta,2018,diesel,47876,1159680,chennai,1982,suv,,1.6 sx crdi
mahindra xuv500,2017,diesel,50239,1282496,chennai,2718,luxury suv,,w10 fwd
hyundai i10,2009,petrol,71005,248999,chennai,372,hatchback,manual,sportz 1.2
maruti swift dzire,2013,diesel,85672,420399,chennai,688,sedan,manual,vdi bs iv
maruti celerio,2019,petrol,31567,491899,chennai,334,hatchback,manual,vxi
maruti baleno,2016,petrol,61435,557399,chennai,257,hatchback,manual,delta 1.2 k12
hyundai i10,2010,petrol,69119,255299,chennai,660,hatchback,manual,era 1.1 irde
hyundai xcent,2018,petrol,38836,483299,chennai,1628,sedan,manual,s 1.2
maruti ertiga,2017,diesel,15074,928999,chennai,798,suv,manual,zdi plus shvs
mahindra tuv300,2018,diesel,20045,774299,chennai,1332,suv,manual,t6+
maruti dzire,2017,diesel,55478,626999,chennai,430,sedan,manual,vdi
maruti vitara brezza,2016,diesel,62482,738199,chennai,327,suv,manual,zdi
hyundai santro xing,2011,petrol & lpg,90676,209099,chennai,634,hatchback,manual,gl plus lpg
honda amaze,2014,diesel,83373,453299,chennai,327,sedan,manual,1.5 sx mt i dtec
hyundai i20,2014,diesel,71339,400799,chennai,1074,hatchback,manual,magna o 1.4 crdi
maruti ciaz,2015,petrol,59361,569399,chennai,375,sedan,manual,zxi
hyundai elite i20,2015,diesel,69737,593599,chennai,281,hatchback,manual,asta 1.4 crdi
mercedes benz gla class,2016,petrol,53618,1838905,chennai,2251,luxury suv,,200 cgi spotrs
ford figo,2010,petrol,77577,222199,chennai,489,hatchback,manual,1.2 zxi duratec
hyundai grand i10,2014,petrol,110322,376499,chennai,648,hatchback,manual,asta at 1.2 kappa vtvt
maruti swift,2018,diesel,35831,720199,chennai,843,hatchback,automatic,zdi amt
honda civic,2019,petrol,23584,1830522,chennai,1088,sedan,,zx cvt petrol
hyundai eon,2013,petrol,62306,283899,chennai,135,hatchback,manual,d lite plus
maruti alto k10,2013,petrol,68748,282299,chennai,643,hatchback,manual,vxi
nissan micra,2015,petrol,60375,464599,chennai,297,hatchback,automatic,xl cvt (petrol)
maruti ciaz,2017,diesel,87908,632599,chennai,585,sedan,manual,sigma 1.3 ddis shvs
hyundai grand i10,2018,petrol,54187,546199,chennai,241,hatchback,manual,asta 1.2 kappa vtvt
mahindra xuv500,2017,diesel,59374,1322795,chennai,461,luxury suv,,w10 fwd
maruti wagon r 1.0,2017,petrol,82239,436699,chennai,254,hatchback,manual,vxi
hyundai elite i20,2015,petrol,78971,559799,chennai,256,hatchback,manual,asta 1.2
toyota etios liva,2012,diesel,107029,383599,chennai,536,hatchback,manual,d 4d gd
jeep compass,2017,diesel,24303,1576608,chennai,907,luxury suv,manual,2.0 limited
skoda rapid,2018,diesel,36968,951499,chennai,1726,sedan,automatic,style 1.5 tdi at
hyundai i10,2009,petrol,60648,249599,chennai,439,hatchback,manual,era 1.1 irde
maruti swift dzire,2015,diesel,95763,557599,chennai,235,sedan,,vdi abs
maruti swift dzire,2015,petrol,95389,523199,chennai,185,sedan,manual,vxi 1.2 bs iv
mahindra tuv300,2016,diesel,82252,646899,chennai,1692,suv,manual,t8
hyundai creta,2016,petrol,76727,789299,chennai,596,suv,manual,1.6 sx plus petrol
volkswagen polo,2015,petrol,80720,436599,chennai,1027,hatchback,manual,comfortline 1.2l petrol
maruti alto 800,2016,petrol,59197,313599,chennai,125,hatchback,manual,lxi
maruti celerio,2015,petrol,64404,394999,chennai,405,hatchback,automatic,vxi amt
renault kwid,2016,petrol,89541,322199,chennai,241,hatchback,manual,rxt
hyundai grand i10,2017,petrol,56527,493699,chennai,116,hatchback,manual,magna 1.2 vtvt
honda jazz,2015,petrol,81461,499099,chennai,927,hatchback,automatic,1.2 v at
maruti ciaz,2017,diesel,93258,647299,chennai,415,sedan,manual,alpha 1.3 ddis shvs
maruti swift dzire,2013,petrol,84775,473099,chennai,102,sedan,manual,vxi 1.2 bs iv
volkswagen polo,2013,diesel,102496,356099,chennai,796,hatchback,manual,comfortline 1.2l diesel
volkswagen ameo,2017,petrol,48014,498099,chennai,556,sedan,manual,comfortline 1.2
mahindra tuv300,2018,diesel,89421,771699,chennai,685,suv,,t 10 mt dual tone
maruti celerio,2015,petrol,89101,350599,chennai,346,hatchback,manual,vxi
hyundai santro xing,2012,petrol,78770,302999,chennai,51,hatchback,manual,gl plus
maruti alto,2012,petrol,87280,257599,chennai,175,hatchback,manual,lxi
maruti swift,2015,diesel,65160,493399,chennai,274,hatchback,manual,vdi abs
nissan sunny,2013,diesel,115148,371599,chennai,651,sedan,manual,xl diesel
maruti swift,2013,diesel,93141,463399,chennai,433,hatchback,manual,zdi
ford ecosport,2016,diesel,97408,645199,chennai,227,suv,manual,1.5 titaniumtdci opt
chevrolet beat,2012,diesel,107965,194499,chennai,2890,hatchback,manual,lt diesel
ford ecosport,2015,diesel,97862,669399,chennai,344,suv,manual,1.5titanium tdci
hyundai creta,2017,diesel,97959,973299,chennai,962,suv,,1.6 sx crdi
honda jazz,2016,petrol,72447,541799,chennai,194,hatchback,manual,1.2 sv mt
maruti vitara brezza,2016,diesel,83813,641599,chennai,1072,suv,manual,vdi
hyundai verna,2008,petrol,120047,224599,chennai,1634,sedan,manual,xxi
ford ecosport,2014,petrol,135385,560199,chennai,269,suv,automatic,1.5 titanium ti vct at
maruti swift dzire,2015,petrol,105026,505199,chennai,98,sedan,manual,vxi 1.2 bs iv
maruti swift,2013,diesel,99401,403599,chennai,703,hatchback,manual,vdi
maruti celerio,2014,petrol,136962,300699,chennai,1458,hatchback,automatic,vxi amt
maruti swift dzire,2015,diesel,97040,497499,chennai,1129,sedan,,vdi abs
fiat punto evo,2015,diesel,97612,412199,chennai,2698,hatchback,manual,emotion 1.3 multijet
maruti swift dzire,2013,diesel,162017,439299,chennai,321,sedan,manual,vdi bs iv
hyundai i20,2011,diesel,124307,381299,chennai,248,hatchback,manual,sportz o 1.4 crdi
fiat grand punto,2014,diesel,114802,348499,chennai,572,hatchback,manual,sport 1.3
honda city,2015,diesel,119269,616299,chennai,444,sedan,manual,v mt diesel
maruti swift dzire,2013,diesel,206085,397599,chennai,526,sedan,manual,ldi bs iv
hyundai i20,2011,diesel,101176,453499,chennai,434,hatchback,manual,sportz o 1.4 crdi
toyota innova crysta,2016,diesel,276979,1651853,chennai,898,suv,manual,2.4 zx 7 str
ford figo,2012,diesel,152232,278599,chennai,778,hatchback,manual,1.4 zxi duratorq
hyundai creta,2016,petrol,127733,808599,chennai,731,suv,,1.6 sx plus vtvt
ford ecosport,2015,petrol,124096,625299,chennai,359,suv,automatic,1.5 titanium ti vct at
hyundai i10,2011,petrol,13018,330999,chennai,35288,hatchback,manual,magna 1.2 kappa2
maruti alto k10,2010,petrol,33888,240999,chennai,1749,hatchback,manual,lxi
maruti swift,2015,petrol,37686,395399,chennai,4028,hatchback,manual,lxi opt
hyundai new santro,2020,petrol,5770,518999,chennai,2140,,,sportz 1.1
renault kwid,2018,petrol,16410,397799,chennai,1283,hatchback,manual,1.0 rxt opt
maruti alto 800,2014,petrol,11787,271599,chennai,1961,hatchback,manual,lxi
maruti ritz,2010,petrol,38626,276799,chennai,3017,hatchback,manual,zxi
maruti alto k10,2011,petrol,23371,220799,chennai,1148,hatchback,manual,vxi
maruti alto 800,2017,petrol,21745,277299,chennai,3418,hatchback,manual,lxi
maruti wagon r,2010,petrol,48408,206199,chennai,2021,hatchback,manual,vxi minor
maruti alto 800,2013,petrol,17849,242799,chennai,1879,hatchback,manual,lxi
hyundai eon,2015,petrol,31661,297499,chennai,2218,hatchback,manual,sportz
chevrolet enjoy,2014,diesel,44102,399299,chennai,1825,suv,manual,1.3 ls 8 str
maruti celerio,2015,petrol,21098,396999,chennai,1146,hatchback,manual,zxi opt
hyundai grand i10,2014,petrol,36723,399199,chennai,1826,hatchback,manual,sports 1.2 vtvt
maruti swift dzire,2009,petrol,43762,320099,chennai,2724,sedan,manual,vxi 1.3
hyundai xcent,2014,petrol,40988,414399,chennai,1771,sedan,manual,s 1.2
tata tiago,2019,petrol,13065,584999,chennai,2384,hatchback,,xza+ 1.2 rtn
fiat punto evo,2015,diesel,36415,368399,chennai,5531,hatchback,manual,dynamic 1.3 multijet
renault kwid,2015,petrol,21105,317999,chennai,1322,hatchback,manual,rxt
mahindra bolero,2014,diesel,37037,563499,chennai,5629,suv,manual,zlx
hyundai i10,2010,petrol,49122,282599,chennai,46141,hatchback,manual,sportz 1.2 kappa2
maruti ignis,2017,petrol,16798,510599,chennai,1239,hatchback,,alpha 1.2 k12 dual tone
maruti ignis,2017,petrol,13977,464199,chennai,1062,hatchback,manual,delta 1.2 k12
maruti eeco,2020,petrol,9375,467999,chennai,2185,suv,manual,5 str with ac plushtr
honda amaze,2016,petrol,14114,498399,chennai,1547,sedan,manual,1.2 sx mt i vtec
maruti celerio,2019,petrol,5959,493999,chennai,1614,hatchback,automatic,vxi (o) amt
maruti xl6,2019,petrol,5841,925899,chennai,2689,suv,,zeta shvs
ford ecosport,2018,petrol,20861,598699,chennai,2875,suv,,ambiente
honda brio,2012,petrol,70398,325299,chennai,720,hatchback,manual,1.2 v mt i vtec
toyota etios liva,2018,petrol,5128,533499,chennai,3695,hatchback,manual,v
ford new figo,2017,diesel,36088,537699,chennai,979,hatchback,manual,1.5 titanium
maruti swift,2017,petrol,35118,498399,chennai,2001,hatchback,manual,vxi opt
maruti wagon r duo,2009,petrol & lpg,50928,247899,chennai,537,hatchback,manual,lxi lpg
honda wr-v,2018,diesel,27374,819499,chennai,594,suv,manual,1.5 i-dtec vx mt
maruti vitara brezza,2019,diesel,5690,959699,chennai,2251,suv,automatic,zdi amt
hyundai i20,2010,petrol,70261,264699,chennai,2832,hatchback,manual,sportz 1.2 o
honda amaze,2019,diesel,12718,820699,chennai,1104,sedan,manual,1.5 vxmt i dtec
maruti ertiga,2016,petrol,48842,687099,chennai,609,suv,manual,zxi plus
ford figo,2011,petrol,66532,248999,chennai,2444,hatchback,manual,1.2 titanium duratec
skoda superb,2014,petrol,48862,771999,chennai,3834,luxury sedan,manual,elegance 1.8 tsi mt
toyota corolla altis,2013,petrol,68214,492899,chennai,3480,luxury sedan,manual,g
maruti swift,2015,diesel,93564,496999,chennai,569,hatchback,manual,vdi
renault lodgy,2015,diesel,78951,490399,chennai,1236,suv,manual,85 ps rxl
ford freestyle,2018,diesel,67331,570699,chennai,1614,,,titanium 1.5 tdci
mahindra xuv500,2017,diesel,52374,940899,chennai,2543,luxury suv,manual,w6 4x2
ford freestyle,2018,petrol,47889,517599,chennai,1607,,,trend 1.2 ti-vct
maruti ertiga,2012,diesel,82297,566699,chennai,1405,suv,manual,vdi abs
renault duster,2016,diesel,72251,605399,chennai,2765,suv,manual,85 ps rxe diesel adventure
mahindra xylo,2013,diesel,80190,558099,chennai,1093,suv,manual,e8 abs bs iv
hyundai verna,2018,diesel,73225,858099,chennai,1932,sedan,automatic,1.6 crdi sx + at
maruti swift,2018,diesel,57681,608099,chennai,1492,hatchback,manual,vdi
nissan terrano,2014,diesel,99376,436099,chennai,2011,suv,manual,xl plus 85 ps deisel
honda city,2014,petrol,72910,631299,chennai,379,sedan,manual,v mt petrol
hyundai xcent,2018,petrol,96286,471699,chennai,1131,sedan,manual,e plus
honda amaze,2014,petrol,91682,380099,chennai,1267,sedan,manual,1.2 smt i vtec
bmw x1,2012,diesel,99488,850299,chennai,5523,luxury suv,automatic,sdrive 20d
hyundai creta,2017,diesel,112774,954499,chennai,648,suv,,1.6 sx crdi
volkswagen vento,2014,diesel,100975,375699,chennai,2207,sedan,manual,highline diesel
hyundai verna,2011,petrol,29962,310000,chennai,773,sedan,manual,fluidic 1.6 sx vtvt
mahindra renault logan,2011,diesel,73991,500000,chennai,152,sedan,manual,dls 1.5 dci
hyundai new santro,2018,petrol,15827,449899,chennai,1419,,,1.1 magna mt
hyundai new santro,2018,petrol,2077,441899,chennai,2668,,,asta 1.1 mt
volkswagen polo,2011,petrol,30811,329299,chennai,2618,hatchback,manual,trendline 1.2l petrol
maruti ritz,2010,petrol,29663,292099,chennai,783,hatchback,manual,zxi
hyundai eon,2017,petrol,9596,330799,chennai,1070,hatchback,manual,era plus (o)
volkswagen polo,2017,diesel,26077,590499,chennai,1015,hatchback,manual,highline1.5l diesel
maruti swift,2020,petrol,11331,583199,chennai,4623,hatchback,manual,vxi
honda city,2014,petrol,33836,617199,chennai,595,sedan,automatic,vx cvt petrol
hyundai santro xing,2008,petrol,89867,152199,chennai,1981,hatchback,manual,gls
maruti ertiga,2021,petrol,5401,1060498,chennai,1741,suv,,zxi smart hybrid at
volkswagen polo,2017,petrol,41725,684499,chennai,1622,hatchback,automatic,gt tsi 1.2 petrol at
maruti wagon r,2008,petrol,70723,193099,chennai,2326,hatchback,manual,vxi bs iii
tata hexa,2018,diesel,38082,1055145,chennai,2517,suv,automatic,varicor 400 xma
renault duster,2013,diesel,75237,485299,chennai,1149,suv,manual,85 ps rxl
mercedes benz gla class,2016,diesel,79207,1625997,chennai,1761,luxury suv,manual,200 cdi sport
opel astra,1996,petrol,24245,24000,chennai,1012,sedan,manual,1.6
chevrolet beat,2012,diesel,120262,175000,chennai,490,hatchback,manual,ls diesel
honda city zx,2006,petrol,72434,101000,chennai,844,,,1.5 exi
honda city,2014,diesel,98516,520000,chennai,210,sedan,manual,v mt diesel
maruti vitara brezza,2016,diesel,63414,600000,chennai,279,suv,manual,ldi opt
hyundai i10,2007,petrol,90047,128000,chennai,653,hatchback,manual,era
hyundai xcent,2014,petrol,34341,400000,chennai,233,sedan,manual,s 1.2
chevrolet optra magnum,2008,petrol,82471,170000,chennai,535,sedan,manual,lt 1.6
mahindra scorpio,2004,petrol,96791,150000,chennai,679,suv,manual,rev 116
maruti ritz,2009,diesel,61304,250000,chennai,197,hatchback,manual,vdi
maruti celerio,2015,diesel,26739,315299,kolkata,7211,hatchback,manual,zdi
maruti alto 800,2017,petrol,13081,244999,kolkata,4636,hatchback,manual,lxi
maruti celerio,2020,petrol,2843,474999,kolkata,3902,hatchback,manual,vxi
honda brio,2012,petrol,44803,231099,kolkata,3663,hatchback,manual,1.2 s mt i vtec
maruti alto 800,2019,petrol,11695,347599,kolkata,1058,hatchback,manual,lxi
datsun redi go,2018,petrol,2216,278499,kolkata,3262,hatchback,manual,t (o)
renault kwid,2017,petrol,36603,305199,kolkata,2718,hatchback,manual,rxt
maruti alto k10,2010,petrol,33653,214099,kolkata,1669,hatchback,manual,vxi
hyundai grand i10,2016,diesel,56641,361799,kolkata,1448,hatchback,manual,magna 1.1 crdi
hyundai i10,2016,petrol,16014,300000,kolkata,1471,hatchback,manual,magna 1.1 irde2
chevrolet beat,2012,petrol,55945,113124,kolkata,30,hatchback,manual,ps petrol
ford ecosport,2017,diesel,50119,600000,kolkata,690,suv,manual,1.5titanium tdci
maruti swift,2007,diesel,90265,130000,kolkata,1596,hatchback,manual,vdi
renault kwid,2017,petrol,4748,348899,kolkata,1217,hatchback,automatic,rxt 1.0 easy-r at option
maruti swift,2018,petrol,8015,551399,kolkata,2364,hatchback,automatic,vxi amt
maruti wagon r,2001,petrol,72000,38000,kolkata,1614,hatchback,,lxi
hyundai i20,2010,petrol,54757,160000,kolkata,1042,hatchback,manual,magna o 1.2
honda city,2010,petrol,70410,225000,kolkata,1259,sedan,manual,s mt petrol
honda city,2014,diesel,61643,500000,kolkata,611,sedan,manual,s mt diesel
maruti wagon r,2006,petrol,26500,100000,kolkata,1022,hatchback,manual,lxi
maruti s cross,2016,diesel,57828,550000,kolkata,775,suv,manual,zeta 1.3
bmw 3 series,2012,diesel,23782,1200000,kolkata,517,luxury sedan,automatic,320d
hyundai creta,2016,diesel,33130,850000,kolkata,662,suv,manual,1.4 base
maruti ignis,2020,petrol,3128,522399,ahmedabad,3624,hatchback,manual,sigma 1.2 k12
maruti eeco,2019,petrol & cng,11249,479799,ahmedabad,1074,suv,manual,5 str with ac plushtr
maruti ignis,2017,petrol,19164,511999,ahmedabad,1746,hatchback,automatic,zeta 1.2 k12 amt
maruti eeco,2020,petrol,749,521399,ahmedabad,979,suv,manual,5 str with ac plushtr
maruti alto,2020,petrol,16113,342599,ahmedabad,917,hatchback,manual,lxi
maruti alto,2020,petrol,2016,363399,ahmedabad,3042,hatchback,manual,lxi
maruti eeco,2017,petrol & cng,12252,425999,ahmedabad,1384,suv,manual,5 str with ac plushtr
maruti eeco,2019,petrol & cng,7190,449799,ahmedabad,1694,suv,manual,5 str with ac plushtr
maruti eeco,2019,petrol,4075,486899,ahmedabad,991,suv,manual,5 str with ac plushtr
datsun redi go,2018,petrol,6076,310199,ahmedabad,749,hatchback,manual,t (o)
maruti alto k10,2017,petrol,22167,324899,ahmedabad,683,hatchback,manual,vxi
maruti eeco,2019,petrol,18973,484399,ahmedabad,395,suv,manual,5 str with ac plushtr
hyundai eon,2017,petrol,21069,323599,ahmedabad,103,hatchback,manual,era plus
hyundai verna,2013,petrol,59152,451099,ahmedabad,5367,sedan,manual,fluidic 1.6 ex vtvt
hyundai i10,2013,petrol,30947,290199,ahmedabad,2964,hatchback,manual,magna 1.2 kappa2
maruti alto 800,2018,petrol,8329,321299,ahmedabad,794,hatchback,manual,lxi
hyundai santro xing,2012,petrol,37639,272099,ahmedabad,1943,hatchback,manual,gls
maruti wagon r 1.0,2017,petrol,26224,412999,ahmedabad,1430,hatchback,automatic,vxi amt
maruti alto 800,2018,petrol,11798,353899,ahmedabad,381,hatchback,manual,lxi
maruti alto 800,2018,petrol,16565,332399,ahmedabad,908,hatchback,manual,lxi
hyundai grand i10,2016,petrol,12785,462899,ahmedabad,1472,hatchback,manual,magna 1.2 kappa vtvt
maruti wagon r 1.0,2012,petrol,29442,277799,ahmedabad,879,hatchback,manual,lxi
datsun redi go,2017,petrol & cng,22972,273199,ahmedabad,231,hatchback,,s 1.0
hyundai i20,2009,petrol,37821,278499,ahmedabad,341,hatchback,manual,magna 1.2 vtvt
hyundai grand i10,2019,petrol,17803,573999,ahmedabad,883,hatchback,manual,sportz 1.2 kappa vtvt
hyundai xcent,2016,petrol,13123,532399,ahmedabad,145,sedan,manual,s 1.2
maruti alto,2020,petrol,1297,370099,ahmedabad,2263,hatchback,manual,lxi
maruti vitara brezza,2018,diesel,20891,771899,ahmedabad,1449,suv,manual,vdi
renault kwid,2019,petrol,16133,391599,ahmedabad,270,hatchback,manual,rxl
maruti baleno,2019,petrol,10491,659699,ahmedabad,227,hatchback,manual,delta 1.2 k12
maruti alto 800,2014,petrol,53352,211199,ahmedabad,3153,hatchback,manual,lxi
maruti swift dzire,2013,petrol,69132,389299,ahmedabad,2130,sedan,manual,vxi 1.2 bs iv
maruti eeco,2019,petrol & cng,51484,484899,ahmedabad,244,suv,manual,5 str with ac plushtr
maruti swift,2014,petrol,45422,463199,ahmedabad,351,hatchback,manual,vxi
maruti celerio,2015,petrol,41858,364399,ahmedabad,1083,hatchback,automatic,vxi amt
maruti dzire,2017,diesel,22591,713199,ahmedabad,306,sedan,manual,zdi plus
hyundai grand i10,2015,petrol,51275,426799,ahmedabad,625,hatchback,manual,sportz 1.2 kappa vtvt
maruti baleno,2019,petrol,28082,611699,ahmedabad,1989,hatchback,manual,zeta 1.2 k12
honda city,2013,petrol,47868,473199,ahmedabad,2167,sedan,manual,s mt petrol
hyundai grand i10,2015,petrol,69935,382599,ahmedabad,1704,hatchback,manual,sportz 1.2 kappa vtvt
maruti eeco,2018,petrol,58405,417499,ahmedabad,221,suv,manual,5 str with ac plushtr
hyundai grand i10,2017,petrol,43691,461699,ahmedabad,798,hatchback,manual,sports 1.2 vtvt
maruti alto k10,2012,petrol & cng,58560,211699,ahmedabad,1144,hatchback,manual,vxi
maruti eeco,2014,petrol & cng,78372,223499,ahmedabad,2072,suv,manual,5 str cng with ac plushtr
maruti vitara brezza,2016,diesel,25643,810999,ahmedabad,841,suv,manual,zdi plus dual tone
hyundai elite i20,2019,petrol,22474,664899,ahmedabad,2358,hatchback,,1.2 sports plus vtvt
maruti alto 800,2013,petrol,51970,236499,ahmedabad,561,hatchback,manual,lxi
maruti swift,2013,diesel,89350,351599,ahmedabad,1604,hatchback,manual,vdi
maruti swift,2017,petrol,87233,511899,ahmedabad,207,hatchback,manual,vxi
hyundai grand i10,2017,petrol,38764,497099,ahmedabad,163,hatchback,manual,magna 1.2 kappa vtvt
maruti eeco,2018,petrol & cng,43092,421399,ahmedabad,101,suv,manual,5 str with ac plushtr
mahindra scorpio,2017,diesel,48530,871399,ahmedabad,3076,suv,,s6+ intell hybrid
hyundai venue,2019,petrol,8322,971999,ahmedabad,1824,suv,,1.0l turbo gdi sx(o) mt
maruti vitara brezza,2018,diesel,72413,740199,ahmedabad,1215,suv,manual,vdi
maruti s cross,2018,diesel,31297,881099,ahmedabad,77,suv,,zeta 1.3 shvs
mahindra xuv 3oo,2019,diesel,62744,842999,ahmedabad,2875,suv,,w8(o)
hyundai i10,2011,petrol,96602,250299,ahmedabad,495,hatchback,manual,magna 1.2 kappa2
maruti swift,2018,diesel,45006,573099,ahmedabad,791,hatchback,manual,vdi
jeep compass,2019,diesel,60569,1459751,ahmedabad,2400,luxury suv,manual,2.0 limited
maruti vitara brezza,2018,diesel,52306,791799,ahmedabad,157,suv,manual,zdi
maruti eeco,2019,petrol & cng,69221,467299,ahmedabad,263,suv,manual,5 str with ac plushtr
hyundai creta,2019,diesel,52649,1379153,ahmedabad,1579,suv,,1.6 crdi sx(o) executive
hyundai verna,2011,petrol,103452,383099,ahmedabad,642,sedan,manual,fluidic 1.6 ex vtvt
maruti swift,2015,diesel,92396,419099,ahmedabad,1219,hatchback,manual,vdi abs
hyundai i10,2011,petrol,129814,250199,ahmedabad,97,hatchback,manual,sportz 1.2 kappa2
honda city,2010,petrol,200273,348799,ahmedabad,366,sedan,manual,v mt petrol
hyundai grand i10,2017,petrol,16537,483299,ahmedabad,3794,hatchback,manual,sportz 1.2 kappa vtvt
honda br-v,2017,petrol,21706,668699,ahmedabad,4970,suv,manual,1.5 i-vtec s
maruti alto k10,2012,petrol,48098,186099,ahmedabad,3732,hatchback,manual,vxi
maruti celerio,2020,petrol,7679,453499,ahmedabad,5751,hatchback,manual,zxi
maruti eeco,2015,petrol,26213,308299,ahmedabad,1702,suv,manual,5 str with ac plushtr
maruti eeco,2019,petrol,2426,491899,ahmedabad,1296,suv,manual,5 str with ac plushtr
hyundai eon,2013,petrol,30090,210999,ahmedabad,2894,hatchback,manual,era plus
maruti baleno,2020,petrol,6081,662699,ahmedabad,2055,hatchback,manual,delta 1.2 k12
hyundai i20,2012,petrol,39510,358099,ahmedabad,3494,hatchback,manual,sportz 1.2 vtvt
hyundai grand i10,2018,petrol,11519,418999,ahmedabad,3733,hatchback,manual,era 1.2 kappa vtvt
tata nano,2016,petrol,22961,167399,ahmedabad,3662,hatchback,automatic,twist xta
hyundai eon,2015,petrol,40381,222299,ahmedabad,2096,hatchback,manual,era plus
maruti alto,2019,petrol,5523,345699,ahmedabad,1322,hatchback,manual,lxi
maruti ignis,2020,petrol,1584,484199,ahmedabad,3112,hatchback,manual,sigma 1.2 k12
hyundai eon,2015,petrol,13593,239799,ahmedabad,1407,hatchback,manual,magna plus
honda brio,2017,petrol,14148,371999,ahmedabad,4216,hatchback,manual,1.2 s mt i vtec
maruti wagon r 1.0,2011,petrol,45955,229099,ahmedabad,2100,hatchback,manual,lxi
maruti alto 800,2019,petrol,8199,345999,ahmedabad,22,hatchback,manual,lxi
maruti swift dzire,2014,petrol,23822,459399,ahmedabad,2342,sedan,manual,vxi 1.2 bs iv
hyundai eon,2013,petrol,23870,236599,ahmedabad,1871,hatchback,manual,era plus
hyundai grand i10 nios,2020,petrol,5491,616799,ahmedabad,4717,hatchback,,sportz petrol
hyundai grand i10,2018,petrol,23916,483299,ahmedabad,1271,hatchback,manual,magna 1.2 kappa vtvt
maruti baleno,2019,petrol,12741,653499,ahmedabad,595,hatchback,manual,delta 1.2 k12
hyundai i10,2012,petrol,53944,242999,ahmedabad,1988,hatchback,manual,magna 1.1 irde2
maruti alto 800,2017,petrol,33084,272299,ahmedabad,1138,hatchback,manual,lxi
maruti baleno,2018,petrol,21137,562399,ahmedabad,1488,hatchback,manual,zeta 1.2 k12
hyundai grand i10,2017,petrol,18233,495099,ahmedabad,484,hatchback,manual,magna 1.2 kappa vtvt
hyundai i10,2013,petrol,53082,283099,ahmedabad,1084,hatchback,manual,magna 1.1 irde2
hyundai i10,2013,petrol,38823,293699,ahmedabad,1086,hatchback,manual,magna 1.1 irde2
maruti dzire,2017,diesel,25918,578999,ahmedabad,2080,sedan,manual,vdi
hyundai grand i10,2017,petrol,28941,471199,ahmedabad,894,hatchback,manual,sportz o 1.2
maruti alto,2020,petrol,1287,403299,ahmedabad,430,hatchback,manual,lxi
maruti dzire,2018,petrol,14861,607399,ahmedabad,1308,sedan,manual,vxi
hyundai i10,2012,petrol,44958,247499,ahmedabad,877,hatchback,manual,era 1.1 irde
maruti baleno,2018,diesel,26777,686199,ahmedabad,761,hatchback,manual,alpha ddis 190
hyundai eon,2014,petrol,49840,219399,ahmedabad,1648,hatchback,manual,era plus
hyundai grand i10,2019,petrol,9295,490399,ahmedabad,1571,hatchback,manual,magna 1.2 kappa vtvt
maruti alto,2019,petrol,20213,311999,ahmedabad,839,hatchback,manual,lxi
maruti eeco,2017,petrol,17913,424399,ahmedabad,567,suv,manual,5 str with ac plushtr
hyundai elite i20,2015,diesel,47171,451699,ahmedabad,4008,hatchback,manual,sportz 1.4
renault kwid,2018,petrol,26660,345699,ahmedabad,2156,hatchback,automatic,rxt 1.0 easy-r at option
honda amaze,2018,petrol,13445,651999,ahmedabad,245,sedan,,1.2 v cvt i vtec
hyundai eon,2017,petrol,13446,304199,ahmedabad,728,hatchback,manual,magna plus
renault kwid,2017,petrol,33795,276399,ahmedabad,2457,hatchback,manual,rxt
renault kwid,2018,petrol,15030,320899,ahmedabad,1874,hatchback,automatic,rxt 1.0 easy-r at option
hyundai i20,2013,petrol,29988,393099,ahmedabad,984,hatchback,manual,magna o 1.2
maruti eeco,2017,petrol,32883,389199,ahmedabad,633,suv,manual,5 str with ac plushtr
maruti alto 800,2018,petrol,22584,301999,ahmedabad,593,hatchback,manual,lxi
maruti alto 800,2013,petrol,50888,203899,ahmedabad,1125,hatchback,manual,lxi
hyundai aura,2020,petrol,11292,610499,ahmedabad,4588,sedan,,s mt
renault kwid,2016,petrol,53223,219999,ahmedabad,2648,hatchback,manual,rxt
maruti eeco,2017,petrol & cng,35612,394299,ahmedabad,856,suv,manual,5 str with ac plushtr
hyundai elite i20,2015,petrol,48569,452399,ahmedabad,2932,hatchback,manual,magna 1.2
hyundai grand i10,2018,petrol,9230,488999,ahmedabad,871,hatchback,manual,magna 1.2 kappa vtvt
hyundai i20,2013,petrol,50191,371499,ahmedabad,1492,hatchback,manual,sportz 1.2 vtvt
maruti wagon r 1.0,2017,petrol,42109,390599,ahmedabad,792,hatchback,manual,vxi opt
maruti alto 800,2014,petrol,31115,238399,ahmedabad,757,hatchback,manual,lxi
maruti dzire,2018,diesel,13579,628299,ahmedabad,68,sedan,manual,vdi
hyundai grand i10,2015,petrol,44173,473799,ahmedabad,467,hatchback,manual,asta at 1.2 kappa vtvt
maruti swift dzire,2014,diesel,53089,427699,ahmedabad,1741,sedan,manual,vdi bs iv
maruti alto 800,2019,petrol,14436,345699,ahmedabad,443,hatchback,manual,lxi
maruti swift,2013,petrol,60652,351399,ahmedabad,2294,hatchback,manual,vxi
nissan micra,2014,petrol,51537,320999,ahmedabad,245,hatchback,automatic,xv cvt
hyundai grand i10,2014,petrol,64081,402699,ahmedabad,568,hatchback,manual,sports 1.2 vtvt
hyundai grand i10,2018,petrol,19510,553699,ahmedabad,80,hatchback,manual,sportz 1.2 kappa vtvt
honda wr-v,2017,petrol,31261,650399,ahmedabad,1592,suv,manual,1.2 i-vtec vx mt
maruti alto k10,2012,petrol,83950,166799,ahmedabad,3078,hatchback,manual,lxi
maruti swift dzire,2015,petrol,27189,508399,ahmedabad,1072,sedan,manual,vxi 1.2 bs iv
hyundai grand i10,2017,petrol,2556,538599,ahmedabad,49,hatchback,manual,sportz 1.2 kappa vtvt
maruti alto 800,2018,petrol,23354,317499,ahmedabad,410,hatchback,manual,lxi
maruti wagon r 1.0,2013,petrol,53862,294199,ahmedabad,904,hatchback,manual,lxi
hyundai grand i10,2018,petrol,18489,510999,ahmedabad,800,hatchback,manual,sportz 1.2 kappa vtvt
hyundai i10,2014,petrol,59258,306999,ahmedabad,1066,hatchback,manual,magna 1.1 irde2
hyundai xcent,2014,petrol,52070,401999,ahmedabad,939,sedan,manual,s 1.2
maruti ciaz,2017,diesel,31125,675099,ahmedabad,1355,sedan,manual,alpha 1.3 ddis shvs
hyundai i10,2011,petrol,69373,204099,ahmedabad,1946,hatchback,manual,era 1.1 irde
hyundai i20,2011,petrol,119324,222799,ahmedabad,2422,hatchback,manual,magna o 1.2
hyundai i10,2010,petrol,59608,231799,ahmedabad,928,hatchback,manual,magna 1.2 kappa2
maruti swift,2019,petrol,17155,578499,ahmedabad,2107,hatchback,manual,vxi
renault kwid,2018,petrol,27796,334499,ahmedabad,857,hatchback,manual,1.0 rxt opt
renault kwid,2017,petrol,38858,315699,ahmedabad,509,hatchback,automatic,rxt 1.0 easy-r at option
maruti alto 800,2014,petrol,58441,205199,ahmedabad,1348,hatchback,manual,vxi
maruti baleno,2017,petrol,51926,419499,ahmedabad,2296,hatchback,manual,sigma 1.2 k12
maruti eeco,2019,petrol & cng,26718,462799,ahmedabad,642,suv,manual,5 str with ac plushtr
hyundai grand i10,2018,diesel,49971,431699,ahmedabad,872,hatchback,manual,magna 1.2 crdi
maruti swift dzire,2009,petrol,83125,255499,ahmedabad,1805,sedan,manual,vxi 1.3
hyundai grand i10,2015,petrol,46375,449499,ahmedabad,121,hatchback,manual,sportz 1.2 kappa vtvt
datsun redi go,2017,petrol,58554,209599,ahmedabad,1661,hatchback,manual,s
maruti alto 800,2018,petrol & cng,35284,321199,ahmedabad,1355,hatchback,manual,lxi
maruti swift dzire,2014,petrol,66650,433399,ahmedabad,1130,sedan,manual,vxi 1.2 bs iv
hyundai i20,2013,petrol,90168,367299,ahmedabad,615,hatchback,manual,sportz 1.2 vtvt
hyundai grand i10,2016,diesel,57525,395699,ahmedabad,970,hatchback,manual,magna 1.1 crdi
toyota yaris,2018,petrol,23669,819299,ahmedabad,1387,sedan,manual,j mt
toyota innova crysta,2019,diesel,6880,1978184,ahmedabad,312,suv,manual,2.4 vx 8 str
honda wr-v,2018,petrol,33780,654899,ahmedabad,1919,suv,,1.2 s i - vtech  alive edition mt
jeep compass,2017,diesel,52328,1423492,ahmedabad,1150,luxury suv,manual,2.0 longitude (o)
maruti baleno,2017,petrol,36847,527699,ahmedabad,1116,hatchback,manual,delta 1.2 k12
honda accord,2010,petrol,77934,338199,ahmedabad,1972,sedan,manual,2.4 mt
maruti swift,2015,diesel,72209,445799,ahmedabad,1716,hatchback,manual,zdi
hyundai accent,2011,petrol & cng,102591,238799,ahmedabad,2041,sedan,manual,executive gle
maruti eeco,2017,petrol & cng,74816,386699,ahmedabad,811,suv,manual,5 str with ac plushtr
maruti swift,2016,petrol,68900,468499,ahmedabad,533,hatchback,manual,vxi
maruti swift,2015,petrol,66664,432499,ahmedabad,759,hatchback,manual,vxi
maruti eeco,2019,petrol & cng,47259,455499,ahmedabad,1271,suv,manual,5 str cng with ac plushtr
honda city,2019,petrol,19006,806199,ahmedabad,568,sedan,manual,sv mt petrol
honda amaze,2019,petrol,28190,596799,ahmedabad,2197,sedan,manual,1.2 smt i vtec
hyundai grand i10,2016,petrol,90217,478599,ahmedabad,691,hatchback,manual,asta at 1.2 kappa vtvt
maruti swift,2015,petrol,67640,428899,ahmedabad,1107,hatchback,manual,vxi
hyundai grand i10,2017,petrol,45843,449999,ahmedabad,711,hatchback,manual,magna 1.2 kappa vtvt
maruti swift,2014,diesel,92170,403399,ahmedabad,254,hatchback,manual,vdi
hyundai i20,2011,petrol,51344,297599,ahmedabad,1864,hatchback,manual,magna o 1.2
maruti eeco,2017,petrol & cng,43079,371299,ahmedabad,938,suv,manual,5 str with ac plushtr
hyundai i10,2012,petrol,79987,240099,ahmedabad,1883,hatchback,manual,magna 1.2 kappa2
hyundai grand i10,2017,diesel,44071,421399,ahmedabad,731,hatchback,manual,sportz1.2 crdi
mahindra xuv 3oo,2019,petrol,17328,718599,ahmedabad,447,suv,,w4 petrol
renault kwid,2019,petrol,31394,354899,ahmedabad,1236,hatchback,manual,rxl
maruti wagon r 1.0,2014,petrol & cng,74867,273399,ahmedabad,2048,hatchback,,lxi krest limited edition
maruti wagon r 1.0,2018,petrol,74601,376499,ahmedabad,959,hatchback,manual,vxi
hyundai eon,2014,petrol,62345,241499,ahmedabad,580,hatchback,manual,magna plus
maruti swift dzire,2013,petrol,80174,372499,ahmedabad,706,sedan,manual,vxi 1.2 bs iv
renault kwid,2016,petrol,58673,223699,ahmedabad,2189,hatchback,manual,rxt
maruti alto 800,2017,petrol,78989,271599,ahmedabad,452,hatchback,manual,lxi
maruti vitara brezza,2018,diesel,61410,722899,ahmedabad,778,suv,manual,vdi
maruti eeco,2017,petrol & cng,80662,418199,ahmedabad,331,suv,manual,5 str with ac plushtr
hyundai verna,2016,petrol,55578,600699,ahmedabad,485,sedan,manual,fluidic 1.6 sx vtvt
maruti ciaz,2019,petrol,24672,806199,ahmedabad,1552,sedan,,1.5 alpha shvs
hyundai grand i10,2017,petrol,41740,502799,ahmedabad,481,hatchback,manual,sportz o 1.2
hyundai creta,2015,diesel,66342,858599,ahmedabad,1362,suv,,1.6 sx (o) crdi
hyundai eon,2015,petrol & cng,77450,199499,ahmedabad,3929,hatchback,manual,d lite plus
hyundai eon,2016,petrol,61757,255199,ahmedabad,1076,hatchback,manual,era plus
maruti new  wagon-r,2020,petrol & cng,21891,488499,ahmedabad,398,,,vxi 1.0
maruti eeco,2019,petrol & cng,36040,453499,ahmedabad,522,suv,manual,5 str with ac plushtr
hyundai creta,2019,petrol,23841,986899,ahmedabad,1988,suv,manual,1.6 e + vtvt
honda brio,2015,petrol,70606,327399,ahmedabad,804,hatchback,manual,1.2 s mt i vtec
mercedes benz gla class,2015,diesel,59526,1756186,ahmedabad,4485,luxury suv,manual,200 cdi style
tata nexon,2020,petrol,18133,910599,ahmedabad,215,suv,manual,xz+ 1.2
hyundai grand i10,2015,petrol & cng,79004,392599,ahmedabad,1599,hatchback,manual,asta 1.2 kappa vtvt opt
honda wr-v,2018,petrol,29703,723099,ahmedabad,968,suv,manual,1.2 i-vtec vx mt
honda amaze,2014,petrol,104449,367899,ahmedabad,971,sedan,manual,1.2 smt i vtec
honda brio,2013,petrol & cng,86009,332499,ahmedabad,1236,hatchback,manual,1.2 s mt i vtec
maruti alto 800,2018,petrol,58283,277099,ahmedabad,599,hatchback,manual,lxi
hyundai xcent,2016,petrol,81843,466199,ahmedabad,69,sedan,manual,s 1.2
maruti alto k10,2012,petrol & cng,110924,192699,ahmedabad,1752,hatchback,manual,vxi
hyundai elite i20,2014,petrol,100810,455399,ahmedabad,969,hatchback,manual,sportz 1.2
maruti swift,2015,petrol & cng,101891,440299,ahmedabad,1048,hatchback,manual,vxi
maruti vitara brezza,2018,diesel,47471,769799,ahmedabad,995,suv,manual,zdi plus
maruti ertiga,2014,diesel,104044,484299,ahmedabad,798,suv,manual,vdi abs
maruti eeco,2017,petrol & cng,91894,444699,ahmedabad,30,suv,manual,5 str with ac plushtr
maruti swift dzire,2012,petrol & cng,100958,377399,ahmedabad,1613,sedan,manual,vxi 1.2 bs iv
maruti baleno,2018,diesel,67412,572099,ahmedabad,296,hatchback,manual,zeta ddis 190
hyundai elite i20,2017,diesel,68730,567899,ahmedabad,1331,hatchback,manual,sportz 1.4
maruti s cross,2019,diesel,53410,807599,ahmedabad,943,suv,,delta shvs
ford ecosport,2016,diesel,102479,586199,ahmedabad,618,suv,,1.5 tdci titanium plus
maruti swift,2017,diesel,73784,533899,ahmedabad,633,hatchback,manual,vdi
hyundai i10,2012,petrol,129097,240799,ahmedabad,572,hatchback,manual,magna 1.2 kappa2
maruti swift dzire,2014,petrol,101452,424699,ahmedabad,674,sedan,manual,vxi 1.2 bs iv
chevrolet spark,2010,petrol & cng,93017,93699,ahmedabad,15264,hatchback,manual,ls 1.0
maruti alto 800,2013,petrol & cng,70840,236499,ahmedabad,768,hatchback,manual,lxi
maruti dzire,2018,petrol,63508,581699,ahmedabad,638,sedan,manual,vxi
maruti ciaz,2018,petrol,62382,672299,ahmedabad,851,sedan,manual,delta 1.4 vvt
maruti swift,2016,petrol,100957,479399,ahmedabad,900,hatchback,manual,vxi
hyundai elite i20,2014,petrol & cng,96002,480499,ahmedabad,939,hatchback,manual,sportz 1.2
mahindra scorpio,2018,diesel,60233,1272598,ahmedabad,7505,suv,manual,s11
maruti ertiga,2017,diesel,83551,688899,ahmedabad,911,suv,manual,vdi shvs
maruti alto 800,2017,petrol & cng,92389,266399,ahmedabad,1108,hatchback,manual,lxi
volkswagen polo,2014,petrol,128569,381299,ahmedabad,1314,hatchback,manual,highline1.2l petrol
maruti vitara brezza,2019,diesel,39833,751999,ahmedabad,833,suv,manual,vdi
honda br-v,2016,diesel,95116,599899,ahmedabad,2294,suv,manual,1.5 i- dtec v
maruti swift,2018,diesel,71674,597999,ahmedabad,2120,hatchback,automatic,zdi amt
mg hector,2019,diesel,9865,1663266,ahmedabad,2141,,,sharp 2.0 diesel
honda amaze,2015,petrol,100181,370699,ahmedabad,1130,sedan,manual,1.2 smt i vtec
maruti celerio,2014,petrol,102682,276499,ahmedabad,957,hatchback,manual,vxi
maruti dzire,2018,diesel,80177,553499,ahmedabad,1066,sedan,manual,vdi
maruti alto 800,2014,petrol,80257,198799,ahmedabad,1859,hatchback,manual,lxi
maruti eeco,2018,petrol & cng,111610,370599,ahmedabad,1251,suv,manual,5 str with ac plushtr
maruti wagon r 1.0,2012,petrol,114885,212199,ahmedabad,859,hatchback,manual,lxi
hyundai eon,2013,petrol,89964,220499,ahmedabad,500,hatchback,manual,era plus
maruti s cross,2017,diesel,105404,630899,ahmedabad,519,suv,manual,zeta 1.3
maruti swift dzire,2015,diesel,73669,516199,ahmedabad,731,sedan,manual,vdi bs iv
toyota corolla,2008,petrol & cng,128195,94999,ahmedabad,14262,sedan,manual,he 1.8 j
maruti baleno,2017,petrol,100616,426899,ahmedabad,1006,hatchback,manual,sigma 1.2 k12
hyundai elite i20,2016,diesel,77614,423999,ahmedabad,1900,hatchback,manual,magna 1.4 crdi
mahindra xuv500,2017,diesel,94599,959499,ahmedabad,1687,luxury suv,,w10 fwd
maruti swift dzire,2012,petrol,116551,341199,ahmedabad,762,sedan,manual,vxi 1.2 bs iv
maruti vitara brezza,2019,diesel,56894,775899,ahmedabad,1337,suv,manual,vdi
hyundai eon,2016,petrol,63315,276099,ahmedabad,749,hatchback,manual,era plus
maruti vitara brezza,2017,diesel,104876,650999,ahmedabad,1278,suv,manual,zdi
maruti swift,2014,diesel,103671,378499,ahmedabad,1044,hatchback,manual,vdi
maruti alto 800,2019,petrol,61704,317099,ahmedabad,335,hatchback,manual,lxi
maruti wagon r 1.0,2012,petrol & cng,165007,233499,ahmedabad,2001,hatchback,manual,lxi cng
audi q3,2015,diesel,87155,1580244,ahmedabad,3969,luxury suv,automatic,35 tdi quattro
maruti swift,2014,diesel,180339,379199,ahmedabad,749,hatchback,manual,vdi
hyundai verna,2012,petrol & cng,121173,394399,ahmedabad,163,sedan,manual,fluidic 1.6 sx vtvt
hyundai elite i20,2014,diesel,111175,458099,ahmedabad,1123,hatchback,manual,asta 1.4 crdi
hyundai grand i10,2015,petrol,128431,380499,ahmedabad,333,hatchback,manual,magna 1.2 kappa vtvt
maruti swift,2013,petrol,122659,350499,ahmedabad,921,hatchback,manual,vxi
maruti wagon r 1.0,2012,petrol & cng,138755,228499,ahmedabad,1429,hatchback,manual,lxi
hyundai i10,2013,petrol & cng,158876,258399,ahmedabad,1047,hatchback,manual,magna 1.2 kappa2
hyundai creta,2015,diesel,127849,785699,ahmedabad,1850,suv,automatic,1.6 crdi sx plus auto
toyota etios liva,2011,petrol & cng,189615,206199,ahmedabad,2661,hatchback,manual,g
maruti ertiga,2018,diesel,86650,763999,ahmedabad,950,suv,manual,vdi shvs
nissan terrano,2014,diesel,109780,421099,ahmedabad,1678,suv,manual,xv 110 diesel
maruti ritz,2014,petrol & cng,174194,272399,ahmedabad,672,hatchback,manual,vxi bs iv
hyundai i10,2012,petrol & cng,209326,238999,ahmedabad,1406,hatchback,manual,magna 1.1 irde2
maruti wagon r 1.0,2013,petrol,112242,313799,ahmedabad,254,hatchback,manual,lxi
hyundai i10,2013,petrol & cng,178433,278399,ahmedabad,632,hatchback,manual,era 1.1 irde
toyota innova,2013,diesel,280817,726699,ahmedabad,1739,suv,manual,2.5 vx 8 str bs iv
hyundai grand i10,2017,petrol,28789,465199,ahmedabad,684,hatchback,manual,asta 1.2 vtvt
maruti swift,2020,petrol,4202,634499,ahmedabad,3477,hatchback,automatic,vxi amt
maruti eeco,2020,petrol & cng,15127,453699,ahmedabad,1401,suv,manual,5 str with ac plushtr
maruti alto k10,2010,petrol,23616,164799,ahmedabad,1868,hatchback,manual,vxi
mahindra tuv300,2015,diesel,33538,551999,ahmedabad,4878,suv,automatic,t6+ at
honda jazz,2018,petrol,26383,647499,ahmedabad,2075,hatchback,automatic,1.2 v at
hyundai eon,2013,petrol,30210,253399,ahmedabad,245,hatchback,manual,era plus
maruti eeco,2018,petrol & cng,37167,380099,ahmedabad,745,suv,manual,7 str
renault kwid,2019,petrol & cng,30199,360799,ahmedabad,2743,hatchback,manual,rxl
volkswagen polo,2015,petrol,87060,515199,ahmedabad,1912,hatchback,automatic,gt tsi 1.2 petrol at
hyundai i20,2014,petrol,87944,398599,ahmedabad,849,hatchback,manual,magna o 1.2
maruti swift,2015,petrol & cng,84118,436299,ahmedabad,1604,hatchback,manual,vxi
maruti swift dzire,2013,petrol,91134,378199,ahmedabad,1484,sedan,manual,vxi 1.2 bs iv
maruti ciaz,2017,diesel,97565,576699,ahmedabad,1338,sedan,manual,vdi+ shvs
maruti wagon r 1.0,2012,petrol,21842,255000,ahmedabad,67,hatchback,manual,lxi
volkswagen vento,2011,diesel,62428,251000,ahmedabad,281,sedan,manual,trendline diesel
maruti swift,2012,diesel,82287,320000,ahmedabad,649,hatchback,manual,vdi
hyundai creta,2016,diesel,91754,1010011,ahmedabad,216,suv,manual,1.6 sx (o)
nissan evalia,2012,diesel,138527,250000,ahmedabad,300,suv,manual,xe
maruti eeco,2019,petrol & cng,10485,415499,ahmedabad,295,suv,manual,5 str with ac plushtr
volkswagen polo,2013,petrol,35973,295799,ahmedabad,7607,hatchback,manual,comfortline 1.2l petrol
hyundai i10,2011,petrol,44783,239299,ahmedabad,1974,hatchback,manual,magna 1.1 irde2
honda city,2012,petrol,64996,362799,ahmedabad,3391,sedan,,1.5 e mt petrol
datsun redi go,2017,petrol,23201,237099,ahmedabad,814,hatchback,,s 1.0
ford freestyle,2019,petrol,8307,538999,ahmedabad,5126,,,titanium + 1.2 ti-vct
hyundai elite i20,2014,petrol,55995,423499,ahmedabad,1370,hatchback,manual,magna 1.2
maruti omni e,2017,petrol & cng,30140,199899,ahmedabad,2817,,,8 str
hyundai i10,2013,petrol & cng,47894,265099,ahmedabad,1218,hatchback,manual,era 1.1 irde
hyundai santro xing,2012,petrol,60614,280199,ahmedabad,190,hatchback,manual,gl plus
maruti swift,2018,petrol,51069,487199,ahmedabad,3369,hatchback,manual,vxi
renault duster,2014,petrol,83050,394299,ahmedabad,2482,suv,manual,rxe petrol 104
maruti ritz,2010,petrol,105854,160099,ahmedabad,2868,hatchback,manual,lxi
hyundai eon,2013,petrol,114184,192799,ahmedabad,814,hatchback,manual,era plus
hyundai creta,2016,diesel,20036,951000,ahmedabad,332,suv,,1.6 sx (o) crdi
hyundai elite i20,2018,petrol,46689,625000,ahmedabad,197,hatchback,manual,sportz 1.2
honda city,2015,petrol,39875,729000,ahmedabad,204,sedan,automatic,vx cvt petrol
maruti dzire,2019,diesel,24174,725000,ahmedabad,162,sedan,manual,zdi
hyundai verna,2018,diesel,55150,870000,ahmedabad,537,sedan,manual,sx 1.6 crdi
ford fiesta,2010,diesel,95844,175000,ahmedabad,198,sedan,manual,1.4 exi duratorq
audi a4,2018,diesel,20379,3600000,ahmedabad,585,luxury sedan,automatic,35 tdi technology
volvo s60,2015,diesel,110294,1800000,ahmedabad,170,luxury sedan,automatic,summum d4
renault scala,2012,diesel,41682,400000,ahmedabad,160,sedan,manual,rxz
maruti swift dzire,2013,diesel,200944,250000,ahmedabad,203,sedan,manual,tour
volkswagen vento,2015,petrol,62397,450000,ahmedabad,202,,,highline 1.2 tsi at
volkswagen vento,2014,diesel,81328,480000,ahmedabad,143,sedan,manual,highline diesel
volvo xc 60,2012,diesel,99307,1000000,ahmedabad,156,,,summum d3
maruti ciaz,2017,petrol,20142,780000,ahmedabad,187,sedan,manual,delta 1.4 vvt
maruti omni e,2011,petrol & cng,24242,130000,ahmedabad,283,,,8 str
maruti ciaz,2016,diesel,64851,810000,ahmedabad,134,sedan,manual,zdi shvs
mahindra xuv500,2016,diesel,109725,800000,ahmedabad,161,suv,manual,w6 4x2
hyundai i20,2012,diesel,106922,300000,ahmedabad,145,hatchback,manual,magna 1.4 crdi
tata indigo cs,2009,diesel,166740,60000,ahmedabad,299,sedan,manual,lx tdi
toyota innova,2013,diesel,186404,725000,ahmedabad,148,suv,manual,2.5 gx 8 str bs iv
ford fiesta,2007,diesel,153835,80000,ahmedabad,174,sedan,manual,1.4 zxi tdci
hyundai grand i10,2016,petrol,20970,450000,ahmedabad,170,hatchback,manual,sports 1.2 vtvt
hyundai i20,2012,diesel,108481,280000,ahmedabad,164,hatchback,manual,sportz o 1.4 crdi
maruti alto 800,2017,petrol,48410,260000,ahmedabad,202,,,lxi utsav limited addition
maruti swift,2013,diesel,94181,370000,ahmedabad,156,hatchback,manual,vdi
hyundai i20,2010,petrol,77357,270000,ahmedabad,76,hatchback,manual,sportz 1.2 o
chevrolet enjoy,2014,diesel,75179,325000,ahmedabad,36,suv,manual,1.3 ls 8 str
volkswagen polo,2012,diesel,84243,400000,ahmedabad,19,hatchback,manual,highline1.2l diesel
hyundai verna,2014,petrol,92690,600000,ahmedabad,44,sedan,manual,fluidic 1.6 sx vtvt opt
tata indica v2,2008,diesel,89663,65000,ahmedabad,128,hatchback,manual,dlg dicor bs iii
toyota corolla,2004,petrol,111479,96300,ahmedabad,300,sedan,manual,h2 1.8 e
skoda rapid,2011,diesel,165873,265000,ahmedabad,286,sedan,manual,ambition 1.6 tdi mt
ford fiesta,2006,diesel,152861,75000,ahmedabad,671,sedan,manual,1.4 exi
renault fluence,2011,diesel,74781,225000,ahmedabad,666,sedan,manual,1.5 e2
ford ecosport,2014,diesel,73708,472500,ahmedabad,205,suv,manual,1.5 trend tdci
chevrolet spark,2009,petrol,70996,63000,ahmedabad,130,hatchback,manual,ps 1.0
maruti vitara brezza,2017,diesel,8689,850000,ahmedabad,1025,suv,manual,zdi plus
tata indica v2,2006,diesel,66909,27000,ahmedabad,248,hatchback,manual,dlg bs iii
bmw x1,2013,diesel,145872,1260000,ahmedabad,217,luxury suv,automatic,sdrive 20d
maruti wagon r 1.0,2011,petrol & cng,67929,216000,ahmedabad,59,hatchback,manual,lxi
honda amaze,2014,diesel,131181,300000,ahmedabad,258,sedan,manual,1.5 smt i dtec
maruti wagon r 1.0,2014,petrol & cng,95432,270000,ahmedabad,30,hatchback,manual,vxi
renault duster,2012,diesel,89518,420000,ahmedabad,136,suv,manual,85 ps rxl opt
hyundai i10,2013,petrol,55485,300000,ahmedabad,125,hatchback,automatic,sportz 1.2 at kappa2
volkswagen polo,2011,diesel,60503,225000,ahmedabad,154,hatchback,manual,comfortline 1.2l diesel
toyota innova,2009,diesel,311463,350000,ahmedabad,114,suv,manual,2.5 g4 8 str
maruti alto,2006,petrol & cng,58542,85000,ahmedabad,117,hatchback,manual,lxi
maruti ritz,2011,diesel,89043,230000,ahmedabad,170,hatchback,manual,vdi
hyundai grand i10,2017,petrol,17233,468699,faridabad,3390,hatchback,,sportz(o) 1.2 mt
maruti swift,2014,diesel,40689,380199,faridabad,1976,hatchback,manual,vdi
maruti alto k10,2016,petrol,35786,249099,faridabad,3539,hatchback,manual,vxi
maruti alto 800,2016,petrol,26532,262599,faridabad,1543,hatchback,manual,lxi
renault kwid,2016,petrol,49295,224299,faridabad,570,hatchback,manual,rxt
maruti swift,2013,diesel,56600,323899,faridabad,1335,hatchback,manual,vdi
datsun redi go,2018,petrol,57435,221399,faridabad,1649,hatchback,manual,t (o)
maruti swift,2014,petrol,55540,364299,faridabad,887,hatchback,manual,lxi
maruti wagon r 1.0,2017,petrol,50045,345199,faridabad,1992,hatchback,manual,vxi
maruti swift,2013,petrol,50897,352599,faridabad,1080,hatchback,manual,vxi
maruti alto,2009,petrol,57864,140899,faridabad,2181,hatchback,manual,lxi
tata tiago,2017,diesel,87473,367099,faridabad,3502,hatchback,manual,xz 1.05 revotorq
toyota etios liva,2015,diesel,64927,446799,faridabad,819,hatchback,manual,d 4d gd
maruti ciaz,2016,petrol,52602,587999,faridabad,950,sedan,manual,vxi plus
hyundai i10,2008,petrol,66404,179899,faridabad,1589,hatchback,manual,sportz 1.2
volkswagen polo,2013,petrol,48211,320099,faridabad,1501,hatchback,manual,trendline 1.2l petrol
maruti swift,2012,diesel,73900,330499,faridabad,889,hatchback,manual,vdi
honda city,2009,petrol,64498,230499,faridabad,2584,sedan,manual,s mt petrol
hyundai elite i20,2015,diesel,52659,477199,faridabad,1142,hatchback,manual,magna 1.4 crdi
maruti baleno,2019,petrol,9823,730599,faridabad,1101,hatchback,automatic,zeta 1.2 k12 amt
maruti swift dzire,2014,diesel,76425,375099,faridabad,1354,sedan,manual,vdi bs iv
honda city,2014,diesel,70139,480099,faridabad,1547,sedan,manual,v mt diesel
hyundai creta,2015,diesel,60226,817899,faridabad,2382,suv,automatic,1.6 crdi sx plus auto
hyundai i20,2013,diesel,84346,339299,faridabad,989,hatchback,manual,sportz 1.4 crdi
hyundai grand i10,2016,petrol,69203,376199,faridabad,794,hatchback,manual,sportz 1.2 kappa vtvt
hyundai i10,2010,petrol,67372,220299,faridabad,712,hatchback,manual,magna 1.2 kappa2
maruti wagon r 1.0,2011,petrol & cng,85316,236299,faridabad,1548,hatchback,manual,lxi cng
maruti baleno,2016,diesel,69278,535499,faridabad,761,hatchback,manual,alpha ddis 190
maruti swift,2012,diesel,95400,306799,faridabad,382,hatchback,manual,vdi
maruti swift,2015,diesel,114204,369199,faridabad,505,hatchback,manual,ldi o
hyundai elite i20,2015,diesel,69785,525499,faridabad,882,hatchback,manual,asta 1.4 crdi
maruti vitara brezza,2016,diesel,95231,695399,faridabad,621,suv,manual,zdi
maruti swift,2012,diesel,96637,292399,faridabad,1258,hatchback,manual,zdi
honda city,2010,petrol,113004,353299,faridabad,477,sedan,manual,s mt petrol
hyundai grand i10,2013,petrol,127420,311299,faridabad,615,hatchback,manual,magna 1.2 vtvt
honda crv,2014,petrol,115886,925299,faridabad,1537,luxury suv,,2.4 at 4wd avn
maruti vitara brezza,2016,diesel,146339,585899,faridabad,988,suv,manual,zdi plus dual tone
maruti baleno,2019,petrol,13156,595999,faridabad,1291,hatchback,manual,delta 1.2 k12
maruti alto 800,2013,petrol,35998,228699,faridabad,76,hatchback,manual,lxi
maruti swift,2012,diesel,47140,359899,faridabad,72,hatchback,manual,vdi
maruti alto,2009,petrol,55752,148099,faridabad,1586,hatchback,manual,lxi
hyundai i10,2010,petrol,81321,207099,faridabad,1221,hatchback,manual,magna 1.2 kappa2
maruti wagon r 1.0,2017,petrol & cng,92544,327399,faridabad,1177,hatchback,manual,lxi cng
hyundai creta,2018,diesel,44510,1272901,faridabad,1021,suv,,1.6 sx at crdi
maruti dzire,2017,diesel,60278,583699,faridabad,554,sedan,manual,vdi
mahindra xuv500,2012,diesel,90241,411399,faridabad,849,luxury suv,manual,w8 fwd
maruti celerio,2016,petrol & cng,129497,388299,faridabad,381,hatchback,manual,vxi cng
maruti ciaz,2015,diesel,161213,517899,faridabad,364,sedan,manual,vdi+ shvs
maruti celerio,2017,petrol,19584,354899,faridabad,3768,hatchback,manual,lxi
maruti swift,2018,petrol,23224,462299,faridabad,4074,hatchback,manual,lxi
maruti swift,2016,diesel,35253,436599,faridabad,2827,hatchback,manual,vdi abs
toyota etios,2011,petrol,30101,280899,faridabad,1525,sedan,manual,g
maruti new  wagon-r,2019,petrol & cng,14890,480399,faridabad,3534,,,lxi cng 1.0 l
renault kwid,2019,petrol,32015,338099,faridabad,1635,hatchback,manual,1.0 rxt opt
maruti ignis,2017,petrol,37687,394099,faridabad,2413,hatchback,manual,delta 1.2 k12
toyota innova,2013,diesel,46674,661899,faridabad,2555,suv,manual,2.5 gx 7 str bs iv
honda jazz,2011,petrol,58348,269299,faridabad,1904,hatchback,manual,1.2 base i vtec
hyundai creta,2018,diesel,15451,1301484,faridabad,4071,suv,,1.6 sx (o) crdi
maruti vitara brezza,2019,diesel,22386,786999,faridabad,1056,suv,manual,vdi
hyundai i20,2010,petrol,82874,194599,faridabad,1803,hatchback,manual,magna o 1.2
mahindra thar,2019,diesel,5503,894499,faridabad,3537,suv,manual,crde 4x4 bs iv
ford ecosport,2016,diesel,57761,525099,faridabad,2511,suv,manual,1.5 trend+ tdci
skoda superb,2012,petrol,84629,380699,faridabad,2880,luxury sedan,automatic,elegance 1.8 tsi at
maruti ertiga,2012,petrol,86976,396299,faridabad,6292,suv,manual,zxi
ford ecosport,2013,diesel,89057,394199,faridabad,2431,suv,manual,1.5 trend tdci
volkswagen jetta,2012,petrol,95562,397099,faridabad,1305,sedan,manual,comfortline 1.4 tsi mt
maruti swift dzire,2012,petrol,87048,288999,faridabad,826,sedan,manual,vxi 1.2 bs iv
maruti ertiga,2014,petrol,81799,443899,faridabad,2549,suv,manual,lxi
maruti swift,2014,diesel,117196,328599,faridabad,584,hatchback,manual,vdi
mahindra xuv500,2013,diesel,79920,489599,faridabad,3916,luxury suv,manual,w6 4x2
maruti alto 800,2012,petrol & cng,141484,175099,faridabad,2883,hatchback,manual,lxi cng
maruti eeco,2018,petrol & cng,76497,312699,faridabad,1716,suv,manual,5 str cng with ac plushtr
maruti alto 800,2013,petrol & cng,82921,185399,faridabad,6938,hatchback,manual,lxi cng
honda mobilio,2014,diesel,97612,389999,faridabad,1721,suv,manual,1.5 v i dtec
maruti sx4,2011,diesel,155467,175899,faridabad,4881,sedan,manual,vdi
mahindra tuv300,2015,diesel,92818,486299,faridabad,1145,suv,manual,t6+
hyundai creta,2015,diesel,207822,662999,faridabad,1846,suv,,1.6 sx crdi
maruti swift dzire,2013,diesel,139528,335399,faridabad,810,sedan,manual,zdi
maruti baleno,2017,petrol,40613,453754,faridabad,5,hatchback,manual,delta 1.2 k12
tata harrier,2019,diesel,2583,1300000,faridabad,9,,,xe 2.0l kryotec
maruti wagon r 1.0,2011,petrol & cng,76138,180000,faridabad,366,hatchback,manual,lxi cng
nissan sunny,2013,diesel,126968,300000,faridabad,73,sedan,manual,xl diesel
maruti swift,2018,petrol,43627,566099,faridabad,981,hatchback,automatic,vxi amt
mahindra scorpio,2013,diesel,88252,458000,faridabad,456,suv,manual,vlx airbag bs iv
hyundai santa fe,2013,diesel,58594,652000,faridabad,316,luxury suv,manual,4wd
hyundai santro xing,2012,petrol,81210,150000,faridabad,272,hatchback,manual,gl plus
mahindra kuv100,2016,petrol & cng,20008,300000,faridabad,338,suv,manual,k4 6 str
toyota innova,2013,diesel,152265,650000,faridabad,153,suv,manual,2.5 vx 7 str bs iv
maruti swift dzire,2016,diesel,147536,390000,faridabad,215,sedan,manual,ldi opt
toyota corolla altis,2008,petrol,107631,215000,faridabad,411,,,1.8 g
bmw 3 series,2012,diesel,71923,925000,faridabad,242,luxury sedan,automatic,320d
toyota innova,2011,diesel,129051,495000,faridabad,154,suv,manual,2.5 v 8 str
hyundai elite i20,2014,diesel,121358,450000,faridabad,216,hatchback,manual,asta 1.4 crdi
hyundai santro xing,2010,petrol & lpg,103139,100000,faridabad,241,hatchback,manual,gls
maruti zen,1996,petrol,45876,70000,faridabad,189,hatchback,manual,std
toyota innova,2013,diesel,103300,800000,faridabad,171,suv,manual,2.5 vx 7 str bs iv
nissan terrano,2014,diesel,75757,400000,faridabad,281,suv,manual,xv 110 diesel
maruti swift dzire,2015,diesel,68462,440000,faridabad,51,,,vdi abs
honda amaze,2014,diesel,73671,350000,faridabad,111,sedan,manual,1.5 smt i dtec
nissan terrano,2014,diesel,107200,450000,faridabad,107,suv,manual,xv 110 diesel
maruti wagon r,2006,petrol,47880,75000,faridabad,110,hatchback,manual,lxi
ford ecosport,2016,diesel,27982,700000,faridabad,648,suv,manual,1.5titanium tdci
maruti swift dzire,2012,diesel,19010,366399,ghaziabad,8077,sedan,manual,vdi bs iv
maruti alto k10,2018,petrol,4397,352299,ghaziabad,5148,hatchback,,vxi (o) amt
maruti alto k10,2017,petrol,5064,349199,ghaziabad,2133,hatchback,manual,vxi
maruti ritz,2015,diesel,22091,369599,ghaziabad,1388,hatchback,manual,vdi
maruti alto 800,2013,petrol,28929,199799,ghaziabad,1710,hatchback,manual,lxi
maruti alto k10,2014,petrol,33627,257499,ghaziabad,3514,hatchback,,vxi amt
renault kwid,2016,petrol,14463,282499,ghaziabad,679,hatchback,manual,rxt
hyundai grand i10,2014,petrol,44076,369499,ghaziabad,881,hatchback,manual,sports 1.2 vtvt
renault kwid,2018,petrol,5568,319499,ghaziabad,4473,hatchback,manual,rxl
honda brio,2013,petrol,55463,219999,ghaziabad,3641,hatchback,manual,1.2 ex mt i vtec
maruti alto 800,2014,petrol,38526,265799,ghaziabad,487,hatchback,manual,vxi
renault kwid,2019,petrol,22226,360499,ghaziabad,763,hatchback,manual,1.0 rxt opt
hyundai elite i20,2017,petrol,26464,473999,ghaziabad,4883,hatchback,manual,magna executive 1.2
nissan terrano,2013,diesel,47811,490399,ghaziabad,3542,suv,manual,xv 110 diesel
renault duster,2013,diesel,47019,454499,ghaziabad,1841,suv,manual,110 ps rxz diesel opt
renault kwid,2016,petrol,20114,291399,ghaziabad,1544,hatchback,manual,rxl
maruti ciaz,2017,petrol,41048,609399,ghaziabad,1454,sedan,manual,zeta 1.4 vvt
hyundai venue,2019,diesel,8026,845099,ghaziabad,5701,suv,,1.4 crdi s mt
maruti a star,2011,petrol,53953,194899,ghaziabad,1083,hatchback,manual,lxi
maruti wagon r 1.0,2014,petrol,54909,274199,ghaziabad,1444,hatchback,manual,vxi
hyundai verna,2015,diesel,63987,559799,ghaziabad,3064,sedan,manual,fluidic 1.6 crdi s
maruti alto,2008,petrol,58267,115899,ghaziabad,4563,hatchback,manual,lxi
hyundai i10,2015,petrol,30896,310299,ghaziabad,1065,hatchback,manual,magna 1.1 irde2
volkswagen polo,2013,petrol,69745,288199,ghaziabad,2917,hatchback,manual,comfortline 1.2l petrol
maruti vitara brezza,2018,diesel,26212,791399,ghaziabad,1877,suv,manual,zdi
jeep compass,2019,petrol,31532,1320472,ghaziabad,5138,luxury suv,,sport plus petrol
maruti baleno,2015,diesel,61215,466099,ghaziabad,1108,hatchback,manual,zeta ddis 190
maruti a star,2009,petrol,74979,167599,ghaziabad,1774,hatchback,manual,zxi
maruti alto k10,2010,petrol,94362,156199,ghaziabad,1702,hatchback,manual,vxi
maruti ciaz,2015,diesel,86813,541499,ghaziabad,717,sedan,manual,vdi+ shvs
toyota etios liva,2012,petrol,77552,242099,ghaziabad,3045,hatchback,manual,g
volkswagen polo,2010,petrol,120582,210299,ghaziabad,2458,hatchback,manual,comfortline 1.2l petrol
maruti swift,2015,diesel,67081,438399,ghaziabad,1096,hatchback,manual,vdi abs
hyundai i20,2012,diesel,79907,285499,ghaziabad,2220,hatchback,manual,sportz 1.4 crdi
maruti swift dzire,2008,petrol,89412,189399,ghaziabad,4295,sedan,manual,vxi
honda amaze,2013,diesel,98889,259199,ghaziabad,3096,sedan,manual,1.5 emt i dtec
honda brio,2012,petrol,89214,207599,ghaziabad,306,hatchback,manual,1.2 s mt i vtec
renault duster,2013,petrol,69719,406899,ghaziabad,580,suv,manual,rxl petrol 104
maruti swift,2014,diesel,71382,371599,ghaziabad,226,hatchback,manual,vdi
volkswagen polo,2010,petrol,123572,184199,ghaziabad,2539,hatchback,manual,comfortline 1.2l petrol
honda amaze,2014,diesel,141685,310499,ghaziabad,1859,sedan,manual,1.5 smt i dtec
maruti swift dzire,2012,diesel,115770,315299,ghaziabad,1291,sedan,manual,vdi bs iv
maruti swift,2013,diesel,144263,295599,ghaziabad,561,hatchback,manual,vdi
hyundai i20,2012,diesel,141069,294499,ghaziabad,711,hatchback,manual,sportz 1.4 crdi
honda city,2011,petrol,144078,304599,ghaziabad,1406,sedan,manual,v mt petrol
maruti vitara brezza,2016,diesel,101948,529999,ghaziabad,2253,suv,manual,ldi
bmw 3 series,2014,diesel,62225,1517018,ghaziabad,6742,luxury sedan,automatic,320d luxuryline
maruti swift dzire,2012,diesel,127042,287399,ghaziabad,628,sedan,manual,vdi bs iv
toyota etios liva,2012,diesel,133608,249599,ghaziabad,603,hatchback,manual,gd
mahindra xuv500,2015,diesel,120710,639999,ghaziabad,2452,luxury suv,manual,w8 fwd
hyundai verna,2014,diesel,109559,482799,ghaziabad,1140,sedan,manual,fluidic 1.6 sx crdi
hyundai elite i20,2015,diesel,143079,440199,ghaziabad,719,hatchback,manual,asta 1.4 crdi
honda city,2018,petrol,119791,750799,ghaziabad,3172,sedan,,v cvt
maruti vitara brezza,2018,diesel,114832,647599,ghaziabad,1566,suv,manual,vdi opt
audi a6,2012,diesel,91533,1049792,ghaziabad,2704,luxury sedan,automatic,2.0 tdi premium plus
honda city,2010,petrol,22415,344299,ghaziabad,45,sedan,manual,v mt petrol
maruti swift,2014,diesel,44528,378399,ghaziabad,1391,hatchback,manual,vdi
maruti swift,2015,petrol,37327,419599,ghaziabad,1992,hatchback,manual,zxi
maruti baleno,2015,petrol,33351,486199,ghaziabad,1022,hatchback,manual,delta 1.2 k12
honda amaze,2014,diesel,38914,335799,ghaziabad,1322,sedan,manual,1.5 emt i dtec
ford figo aspire,2015,petrol,28775,412799,ghaziabad,1750,sedan,manual,1.2 trend petrol
hyundai elite i20,2015,petrol,46217,474199,ghaziabad,1514,hatchback,manual,sportz 1.2
maruti dzire,2019,petrol,13075,641999,ghaziabad,1480,sedan,manual,vxi
hyundai grand i10,2017,petrol,33097,439899,ghaziabad,1322,hatchback,,sportz(o) 1.2 mt
maruti alto k10,2012,petrol,63678,215799,ghaziabad,600,hatchback,manual,vxi
maruti ritz,2012,diesel,63608,285799,ghaziabad,265,hatchback,manual,vdi
maruti ritz,2012,petrol,39650,311699,ghaziabad,585,hatchback,manual,zxi abs
hyundai i10,2008,petrol,94707,157099,ghaziabad,2522,hatchback,manual,magna 1.2
maruti swift,2008,petrol,76422,204499,ghaziabad,1461,hatchback,manual,lxi 1.3
hyundai verna,2013,diesel,73501,433699,ghaziabad,653,sedan,manual,fluidic 1.6 sx crdi
maruti swift,2012,diesel,80682,322199,ghaziabad,382,hatchback,manual,vdi
honda city,2010,petrol,87756,358599,ghaziabad,930,sedan,manual,s mt petrol
honda jazz,2015,petrol,80469,400699,ghaziabad,176,hatchback,,1.2 vx i-vtech
maruti alto 800,2017,petrol & cng,56807,302199,ghaziabad,995,hatchback,manual,lxi
ford ecosport,2017,diesel,73743,714899,ghaziabad,1019,suv,manual,1.5 titaniumtdci opt
ford figo,2014,diesel,82718,253599,ghaziabad,64,hatchback,manual,1.4 zxi duratorq
honda city,2009,petrol,144292,237999,ghaziabad,1816,sedan,,1.5 e mt petrol
honda city,2009,petrol,173017,229499,ghaziabad,121,sedan,manual,s mt petrol
maruti wagon r 1.0,2013,petrol,95840,253499,ghaziabad,697,hatchback,manual,vxi
honda amaze,2015,diesel,108988,348599,ghaziabad,884,sedan,manual,1.5 sx mt i dtec
hyundai grand i10,2015,diesel,70872,352399,ghaziabad,23,hatchback,manual,magna 1.1 crdi
hyundai new elantra,2015,diesel,150351,645299,ghaziabad,1563,luxury sedan,,1.6 sx at
toyota fortuner,2012,diesel,121632,1147459,ghaziabad,70,luxury suv,automatic,3.0 at 4x2
maruti alto,2010,petrol,29166,161199,ghaziabad,1549,hatchback,manual,lxi
maruti alto,2020,petrol,3639,322099,ghaziabad,1776,hatchback,manual,lxi
maruti swift,2012,petrol,31999,310799,ghaziabad,5702,hatchback,manual,lxi
maruti alto,2011,petrol,19599,172699,ghaziabad,8493,hatchback,manual,lxi
maruti s presso,2020,petrol,3176,402199,ghaziabad,16029,hatchback,,vxi
maruti celerio,2017,petrol,8433,404699,ghaziabad,2225,hatchback,automatic,zxi amt
hyundai grand i10,2014,petrol,23794,307599,ghaziabad,7372,hatchback,manual,era 1.2 vtvt
hyundai i10,2011,petrol,17407,247499,ghaziabad,4608,hatchback,manual,sportz 1.2 kappa2
hyundai eon,2013,petrol,11048,223499,ghaziabad,1181,hatchback,manual,sportz
honda city,2011,petrol,35568,329599,ghaziabad,3780,sedan,manual,s mt petrol
maruti eeco,2020,petrol,5445,384599,ghaziabad,4214,suv,manual,7 str
maruti new  wagon-r,2019,petrol,8812,432199,ghaziabad,5673,hatchback,,lxi 1.0 l
maruti swift dzire,2012,petrol,53422,283399,ghaziabad,2176,sedan,manual,vxi 1.2 bs iv
hyundai i10,2011,petrol,41648,229799,ghaziabad,1445,hatchback,manual,magna 1.2 kappa2
hyundai santro xing,2013,petrol,13531,231399,ghaziabad,2052,hatchback,manual,gl
honda city,2012,petrol,27694,382299,ghaziabad,397,sedan,,1.5 e mt petrol
maruti baleno,2018,petrol,11025,575299,ghaziabad,945,hatchback,manual,zeta 1.2 k12
honda city,2010,petrol,54826,308899,ghaziabad,2889,sedan,manual,s mt petrol
maruti swift,2017,petrol,29989,415299,ghaziabad,661,hatchback,manual,lxi
maruti alto 800,2016,petrol & cng,34760,232499,ghaziabad,2537,hatchback,manual,lxi cng
mahindra tuv300,2017,diesel,19481,569999,ghaziabad,8265,suv,,t8 dual tone
maruti celerio,2014,petrol & cng,44911,359599,ghaziabad,3679,hatchback,automatic,vxi at
maruti ertiga,2012,diesel,27242,440299,ghaziabad,4578,suv,manual,vdi abs
maruti swift,2018,petrol,22459,495599,ghaziabad,2099,hatchback,manual,vxi
maruti wagon r 1.0,2011,petrol & cng,60621,227399,ghaziabad,2428,hatchback,manual,lxi cng
mahindra tuv300,2015,diesel,26118,544799,ghaziabad,3428,suv,automatic,t8 at
hyundai i10,2011,petrol,55874,227899,ghaziabad,1427,hatchback,manual,magna 1.2 kappa2
ford figo,2013,diesel,62712,176199,ghaziabad,2064,hatchback,manual,1.4 zxi duratorq
honda brio,2013,petrol,48711,229499,ghaziabad,590,hatchback,manual,1.2 s mt i vtec
audi q3,2014,diesel,13800,1414199,ghaziabad,2465,luxury suv,automatic,30 tdi quattro
maruti wagon r 1.0,2010,petrol,64752,175299,ghaziabad,3678,hatchback,manual,vxi
toyota innova crysta,2017,diesel,43641,1294599,ghaziabad,2253,suv,manual,2.4 gx 7 str
renault duster,2016,diesel,45930,528199,ghaziabad,4219,suv,,rxl 85ps explore
maruti ciaz,2018,petrol,17483,726499,ghaziabad,1891,sedan,,delta 1.5 shvs vvt at
toyota corolla altis,2010,petrol,79324,255699,ghaziabad,825,luxury sedan,,1.8 g
maruti ciaz,2018,petrol,11400,741799,ghaziabad,2817,sedan,,zeta 1.5 shvs vvt mt
jeep compass,2017,diesel,46533,1226744,ghaziabad,3776,luxury suv,manual,2.0 limited
toyota etios liva,2012,diesel,69430,258699,ghaziabad,1841,hatchback,manual,gd
maruti eeco,2018,petrol & cng,49286,305299,ghaziabad,1451,suv,manual,5 str cng with ac plushtr
hyundai i20,2012,diesel,77969,274599,ghaziabad,1102,hatchback,manual,magna o 1.4 crdi
maruti swift,2015,diesel,81468,444599,ghaziabad,1313,hatchback,manual,vdi abs
maruti wagon r 1.0,2018,petrol & cng,40328,379799,ghaziabad,1535,hatchback,manual,vxi
mahindra scorpio,2013,diesel,89139,437099,ghaziabad,11826,suv,manual,sle bs iii
honda city,2012,petrol,98344,353699,ghaziabad,898,sedan,manual,s mt petrol
hyundai elite i20,2016,diesel,76651,436399,ghaziabad,926,hatchback,manual,sportz 1.4
maruti eeco,2018,petrol & cng,41721,374299,ghaziabad,1098,suv,manual,5 str cng with ac plushtr
honda amaze,2014,petrol,71800,323299,ghaziabad,1155,sedan,manual,1.2 exmt i vtec
ssangyong rexton,2014,diesel,89990,595799,ghaziabad,675,luxury suv,manual,rx 6
maruti vitara brezza,2018,diesel,74994,607799,ghaziabad,1045,suv,manual,ldi opt
mahindra tuv300,2015,diesel,75863,523599,ghaziabad,852,suv,manual,t8
mahindra xuv500,2017,diesel,93769,1017371,ghaziabad,1552,luxury suv,,w10 fwd
bmw 3 series,2015,diesel,59109,1469199,ghaziabad,4398,luxury sedan,automatic,320d
toyota innova,2012,diesel,110004,515299,ghaziabad,2016,suv,manual,2.5 gx 7 str bs iv
hyundai creta,2016,diesel,94738,762099,ghaziabad,1434,suv,manual,1.6 sx plus diesel
maruti eeco,2014,petrol & cng,124808,204999,ghaziabad,2445,suv,manual,5 str with ac plushtr
maruti alto,2007,petrol,94734,92499,ghaziabad,12959,hatchback,manual,lxi
maruti swift,2013,diesel,107134,305299,ghaziabad,1090,hatchback,manual,vdi
mahindra xuv500,2015,diesel,102722,706299,ghaziabad,2111,luxury suv,manual,w8 fwd
hyundai accent,2010,petrol & cng,123137,203099,ghaziabad,2405,sedan,manual,executive
renault duster,2012,diesel,125269,279499,ghaziabad,2968,suv,manual,rxl diesel 110
tata zest,2014,petrol,29301,250000,ghaziabad,879,sedan,manual,xm rt
hyundai elite i20,2016,petrol,57507,450000,ghaziabad,83,hatchback,manual,era 1.2
hyundai i10,2010,petrol,84181,135000,ghaziabad,126,hatchback,manual,era 1.1 irde
chevrolet optra,2005,petrol,102538,100000,ghaziabad,293,,,1.6
maruti alto,2010,petrol,84151,100000,ghaziabad,77,hatchback,manual,lx
tata safari,2013,diesel,82737,285000,ghaziabad,616,suv,manual,4x2 ex dicor bs iv
audi a4,2013,diesel,39944,1050000,ghaziabad,287,luxury sedan,automatic,2.0 tdi 174bhp
volkswagen vento,2016,petrol,26450,800000,ghaziabad,88,,,highline 1.2 tsi at
maruti ignis,2020,petrol,7770,432099,ghaziabad,2104,hatchback,manual,sigma 1.2 k12
renault kwid,2019,petrol,5965,393299,ghaziabad,1391,hatchback,manual,1.0 rxt opt
bmw 3 series,2013,petrol,122153,1185000,ghaziabad,664,luxury sedan,automatic,328i sportline
hyundai i10,2010,petrol & cng,79091,141899,ghaziabad,1266,hatchback,manual,era
maruti swift,2012,petrol & cng,65573,249799,ghaziabad,3094,hatchback,manual,vxi
maruti celerio,2014,petrol,59061,381484,ghaziabad,141,hatchback,manual,zxi
maruti ertiga,2016,petrol & cng,87712,571999,ghaziabad,1590,suv,,vxi cng anniversary edition
maruti eeco,2018,petrol & cng,37274,350000,ghaziabad,152,suv,manual,5 str cng with ac plushtr
hyundai i10,2011,petrol,29300,161100,ghaziabad,81,hatchback,manual,magna 1.1 irde2
maruti swift,2014,petrol,30297,425000,ghaziabad,161,hatchback,manual,vxi
honda civic,2008,petrol,84397,140000,ghaziabad,584,sedan,automatic,1.8v at
hyundai eon,2012,petrol,44993,140000,ghaziabad,333,hatchback,manual,d lite plus
maruti alto,2004,petrol & cng,89567,20000,ghaziabad,811,hatchback,manual,std
mahindra xuv500,2014,diesel,69786,580000,ghaziabad,220,suv,manual,w8 fwd
maruti alto,2005,petrol,68951,45000,ghaziabad,323,hatchback,manual,lx
maruti alto,2011,petrol,79894,130000,ghaziabad,272,hatchback,manual,lxi
honda amaze,2014,petrol,36846,356000,ghaziabad,202,sedan,manual,1.2 sx mt i vtec
renault fluence,2013,diesel,67212,285000,ghaziabad,283,sedan,manual,1.5 e2
maruti swift dzire,2011,diesel,148007,200000,ghaziabad,146,sedan,manual,ldi bs iv
maruti swift,2008,petrol & cng,52233,135000,ghaziabad,358,hatchback,manual,vxi 1.3
maruti ritz,2013,diesel,80551,250000,ghaziabad,159,hatchback,manual,ldi
hyundai accent,2004,petrol,94396,50160,ghaziabad,228,sedan,manual,gle
maruti ciaz,2018,petrol,8847,900000,ghaziabad,195,sedan,manual,alpha 1.4 vvt
hyundai i10,2010,petrol,189456,123000,ghaziabad,537,hatchback,manual,magna 1.1 irde2
toyota etios,2011,petrol & cng,133922,255000,ghaziabad,202,sedan,manual,vx
hyundai i10,2012,petrol,44511,230000,ghaziabad,137,hatchback,manual,magna 1.2 kappa2
maruti ritz,2013,diesel,47220,335000,ghaziabad,163,hatchback,manual,vdi
mahindra scorpio,2013,diesel,46217,700000,ghaziabad,800,suv,manual,vlx airbag bs iv
hyundai verna,2008,diesel,149942,160000,ghaziabad,316,sedan,manual,vgt crdi sx 1.5
hyundai i20,2014,diesel,57299,320000,ghaziabad,149,hatchback,manual,magna 1.4 crdi
nissan micra,2011,petrol,78354,190000,ghaziabad,84,hatchback,manual,xv petrol
honda amaze,2014,diesel,63187,400000,ghaziabad,47,sedan,manual,1.5 smt i dtec
renault duster,2014,diesel,101655,370000,ghaziabad,83,suv,manual,85 ps rxe
hyundai creta,2018,diesel,24814,1500000,ghaziabad,149,,,1.6 sx crdi dual tone
mahindra scorpio,2011,diesel,81239,360000,ghaziabad,173,suv,manual,sle bs iii
hyundai i10,2010,petrol,62675,130000,ghaziabad,36,hatchback,manual,era 1.1 irde
maruti swift dzire,2010,diesel,110833,240000,ghaziabad,22,sedan,manual,vdi bs iv
maruti swift,2009,petrol,147254,160000,ghaziabad,96,hatchback,manual,zxi 1.3
maruti alto 800,2013,petrol,44427,200000,ghaziabad,67,hatchback,manual,lxi
maruti wagon r,2007,petrol,134909,80000,ghaziabad,141,hatchback,manual,lxi minor
hyundai xcent,2014,petrol,10922,340000,ghaziabad,65,sedan,manual,sx 1.2
mahindra quanto,2013,diesel,48237,250000,ghaziabad,146,suv,manual,c4
hyundai grand i10,2013,diesel,82685,300000,ghaziabad,47,hatchback,manual,magna 1.1 crdi
maruti baleno,2017,diesel,29886,567299,lucknow,8629,hatchback,manual,alpha ddis 190
mahindra scorpio,2016,diesel,142341,929199,lucknow,8039,suv,manual,s10
maruti alto 800,2015,petrol,3628,282399,lucknow,4498,hatchback,manual,lxi
maruti alto,2011,petrol,21743,186499,lucknow,8691,hatchback,manual,lxi
maruti alto 800,2018,petrol,20535,289099,lucknow,7813,hatchback,manual,lxi
maruti alto 800,2015,petrol,17391,275299,lucknow,5155,hatchback,manual,lxi
maruti baleno,2015,petrol,14828,527299,lucknow,5036,hatchback,manual,delta 1.2 k12
hyundai eon,2016,petrol,43257,266199,lucknow,1827,hatchback,manual,era plus
maruti alto 800,2015,petrol,7222,272399,lucknow,1694,hatchback,manual,lxi
maruti ignis,2017,petrol,49227,411999,lucknow,6943,hatchback,manual,delta 1.2 k12
hyundai eon,2018,petrol,8204,318599,lucknow,3001,hatchback,manual,era plus
maruti swift,2013,diesel,50998,379399,lucknow,5892,hatchback,manual,vdi
maruti baleno,2020,petrol,4874,608799,lucknow,4640,hatchback,manual,sigma 1.2 k12
maruti ritz,2013,diesel,38591,309799,lucknow,1700,hatchback,manual,vdi
maruti swift dzire,2013,petrol,47952,415299,lucknow,2408,sedan,manual,vxi 1.2 bs iv
hyundai eon,2016,petrol,40610,233599,lucknow,3301,hatchback,manual,era plus (o)
maruti swift dzire,2017,petrol,14048,543799,lucknow,7026,sedan,manual,vxi 1.2 bs iv
maruti swift dzire,2013,petrol,31324,442499,lucknow,2875,sedan,manual,vxi 1.2 bs iv
hyundai elite i20,2017,petrol,21346,540399,lucknow,3671,hatchback,manual,sportz 1.2
tata zest,2015,petrol,52398,336199,lucknow,3756,sedan,manual,xt rt
maruti alto 800,2013,petrol,27913,245799,lucknow,2052,hatchback,manual,lxi
maruti baleno,2019,petrol,31519,614099,lucknow,2438,hatchback,manual,zeta 1.2 k12
hyundai new santro,2019,petrol,7743,492299,lucknow,1389,,,sportz 1.1
maruti swift,2015,petrol,43943,430699,lucknow,3021,hatchback,manual,vxi
maruti alto k10,2018,petrol,30599,331999,lucknow,2574,hatchback,manual,vxi
hyundai grand i10,2017,petrol,53626,373799,lucknow,5820,hatchback,manual,magna 1.2 kappa vtvt
maruti alto 800,2018,petrol,60362,321999,lucknow,617,hatchback,manual,lxi
maruti swift,2018,petrol,29890,536899,lucknow,2960,hatchback,manual,vxi
hyundai grand i10,2019,petrol,20254,499999,lucknow,1699,hatchback,manual,sportz 1.2 kappa vtvt
hyundai i20,2013,petrol,54844,339999,lucknow,2084,hatchback,manual,magna o 1.2
maruti wagon r 1.0,2016,petrol,51267,386299,lucknow,3463,hatchback,automatic,vxi amt
mahindra bolero,2018,diesel,23085,720799,lucknow,6578,suv,manual,power+ slx
maruti baleno,2017,petrol,45181,511799,lucknow,1617,hatchback,manual,delta 1.2 k12
maruti alto 800,2013,petrol,69746,190099,lucknow,2741,hatchback,manual,lxi
maruti swift,2018,petrol,40464,565399,lucknow,2578,hatchback,manual,vxi
hyundai grand i10,2018,petrol,31220,494299,lucknow,1365,hatchback,manual,sportz 1.2 kappa vtvt
hyundai accent,2008,petrol,76434,150399,lucknow,4219,sedan,manual,executive gle
honda city,2018,petrol,26347,869899,lucknow,5686,sedan,manual,v mt petrol
hyundai grand i10,2017,petrol,55502,461499,lucknow,560,hatchback,manual,sportz o 1.2
mahindra bolero,2017,diesel,65063,600399,lucknow,2747,suv,manual,power+ slx
datsun redi go,2016,petrol,39608,226099,lucknow,3023,hatchback,manual,t (o)
maruti vitara brezza,2018,diesel,32079,880799,lucknow,3460,suv,manual,zdi plus
hyundai santro xing,2010,petrol,62432,183499,lucknow,2949,hatchback,manual,gls
honda wr-v,2018,petrol,44406,644099,lucknow,5646,suv,,1.2 i-vtec s mt edge edition
hyundai elite i20,2015,petrol,56058,494599,lucknow,1101,hatchback,manual,sportz 1.2
hyundai eon,2013,petrol,56218,219999,lucknow,2974,hatchback,manual,era plus
hyundai creta,2017,diesel,57122,1098575,lucknow,1863,suv,automatic,1.6 crdi sx plus auto
maruti new  wagon-r,2019,petrol,62420,522499,lucknow,1482,,,zxi 1.2
renault kwid,2016,petrol,78540,335099,lucknow,1167,hatchback,,rxt 1.0 easy-r  at
hyundai grand i10,2017,diesel,97271,468299,lucknow,699,hatchback,manual,magna 1.2 crdi
tata nexon,2017,diesel,83833,627599,lucknow,4831,suv,manual,xz+ 1.5
hyundai xcent,2018,diesel,59830,539999,lucknow,2344,sedan,,1.2 s crdi
maruti swift,2014,diesel,64286,423299,lucknow,1728,hatchback,manual,vdi
bmw 5 series,2014,diesel,109183,1561660,lucknow,5312,luxury sedan,automatic,525d luxury
maruti swift,2015,diesel,106173,394799,lucknow,2146,hatchback,manual,vdi abs
toyota etios,2017,diesel,232482,542599,lucknow,2104,sedan,manual,gd
hyundai verna,2011,diesel,122631,381499,lucknow,3747,sedan,manual,fluidic 1.6 ex crdi
maruti ciaz,2016,petrol,85834,522499,lucknow,2108,sedan,manual,vxi plus
maruti celerio,2014,petrol,104925,273099,lucknow,2150,hatchback,manual,lxi
maruti swift,2015,petrol,105850,372099,lucknow,1543,hatchback,manual,vxi
maruti s cross,2015,diesel,146707,496099,lucknow,3400,suv,manual,alpha 1.3
toyota fortuner,2014,diesel,182082,1268053,lucknow,4787,luxury suv,manual,3.0 mt 4x4
hyundai creta,2015,diesel,132967,730099,lucknow,3386,suv,,1.6 sx crdi
mahindra scorpio,2015,diesel,159969,804099,lucknow,3708,suv,,s10 7 str
maruti alto k10,2010,petrol,104540,229899,lucknow,509,hatchback,manual,vxi
maruti baleno,2018,diesel,117688,725999,lucknow,642,hatchback,manual,alpha ddis 190
maruti alto 800,2014,petrol & cng,173730,244099,lucknow,2050,hatchback,manual,lxi cng
mahindra xuv500,2015,diesel,185977,609399,lucknow,3215,luxury suv,manual,w6 4x2
ford ecosport,2016,diesel,127560,430125,lucknow,271,suv,manual,1.5 trend tdci
hyundai grand i10,2018,petrol,1355,507599,lucknow,1579,hatchback,manual,magna 1.2 kappa vtvt
maruti dzire,2019,petrol,15547,668999,lucknow,4675,sedan,manual,vxi
maruti alto k10,2013,petrol,26586,218499,lucknow,2144,hatchback,manual,vxi
hyundai elite i20,2015,petrol,21477,461699,lucknow,4220,hatchback,manual,magna 1.2
hyundai grand i10,2017,diesel,20888,477299,lucknow,3561,hatchback,manual,sportz1.2 crdi
maruti swift dzire,2016,diesel,41739,537999,lucknow,2610,sedan,manual,vdi opt
maruti alto 800,2018,petrol,78869,288899,lucknow,2202,hatchback,manual,vxi
maruti swift dzire,2016,diesel,62899,528199,lucknow,1826,sedan,,vdi abs
maruti ignis,2019,petrol,55048,380799,lucknow,1657,hatchback,manual,sigma 1.2 k12
renault kwid,2018,petrol,43035,315899,lucknow,2559,hatchback,manual,1.0 rxt
hyundai verna,2015,diesel,148250,531399,lucknow,3680,sedan,manual,fluidic 1.6 sx crdi
maruti swift,2010,diesel,77518,215000,lucknow,225,hatchback,manual,vdi
tata safari,2011,diesel,126285,210000,lucknow,553,suv,manual,4x2 ex dicor 2.2 vtt
tata tiago,2018,diesel,62362,360000,lucknow,418,hatchback,manual,xe 1.05 revotorq
skoda octavia,2013,diesel,77251,630000,lucknow,356,luxury sedan,manual,ambition 2.0 tdi cr
mahindra tuv300,2016,diesel,60337,580000,lucknow,257,suv,manual,t6+
hyundai verna,2010,diesel,87220,250000,lucknow,175,sedan,manual,vgt crdi sx
toyota fortuner,2012,diesel,116838,1100000,lucknow,327,luxury suv,manual,3.0 mt 4x2
hyundai i20,2012,diesel,47317,370000,lucknow,214,hatchback,manual,sportz 1.4 crdi 6 speed bs iv
toyota innova,2009,diesel,274167,415000,lucknow,247,suv,manual,2.5 g4 7 str
tata indica ev2,2011,diesel,119634,150000,lucknow,157,hatchback,manual,lx
hyundai grand i10,2015,diesel,101527,350000,lucknow,144,hatchback,manual,sportz 1.1 crdi
maruti swift dzire,2012,petrol,69029,364299,pune,2068,sedan,manual,vxi 1.2 bs iv
hyundai eon,2013,petrol,45721,216799,gurgaon,903,hatchback,manual,era plus
honda amaze,2013,diesel,37395,387399,pune,2809,sedan,manual,1.5 smt i dtec
hyundai i20,2012,petrol,37652,364699,bengaluru,1054,hatchback,manual,magna o 1.2
hyundai creta,2017,diesel,53648,1082011,lucknow,2927,suv,automatic,1.6 crdi sx plus auto
renault duster,2016,petrol,55724,695999,bengaluru,889,suv,manual,rxl petrol 104
hyundai i10,2010,petrol,59295,286399,chennai,506,hatchback,manual,sportz 1.2 kappa2
maruti alto k10,2014,petrol,50294,283299,bengaluru,1281,hatchback,manual,vxi
maruti eeco,2018,petrol & cng,54422,346399,new delhi,864,suv,manual,5 str cng with ac plushtr
maruti alto k10,2013,petrol,116848,205299,bengaluru,1069,hatchback,manual,vxi
hyundai venue,2019,petrol,5450,1211594,mumbai,215,suv,,1.0 turbo gdi sx+ at
mahindra xuv500,2015,diesel,85560,715299,faridabad,245,luxury suv,manual,w8 fwd
maruti swift,2015,petrol,43743,499099,bengaluru,1233,hatchback,manual,vxi
maruti ritz,2012,diesel,72428,203899,new delhi,1164,hatchback,manual,ldi
hyundai eon,2014,petrol,26839,224999,new delhi,1010,hatchback,manual,era plus
toyota corolla altis,2009,petrol,246967,307999,mumbai,528,luxury sedan,,1.8 g
hyundai santro xing,2008,petrol,71758,157399,mumbai,263,hatchback,manual,gls
hyundai i10,2012,petrol,41632,383999,hyderabad,2472,hatchback,automatic,sportz 1.2 at kappa2
honda city,2015,petrol,121587,620299,hyderabad,935,sedan,manual,vx mt petrol
maruti alto,2011,petrol,26173,188399,ghaziabad,1657,hatchback,manual,lxi
maruti swift,2015,diesel,61537,450000,ahmedabad,361,,,vdi glory edition
maruti wagon r 1.0,2010,petrol,29699,210099,mumbai,843,hatchback,manual,vxi
hyundai creta,2019,petrol,31118,1155236,ahmedabad,31420,suv,,1.6 sx (o) vtvt
hyundai santro xing,2008,petrol,20719,242299,bengaluru,61930,hatchback,manual,gls
hyundai i10,2012,petrol,11420,270799,pune,863,hatchback,manual,sportz 1.2 kappa2
hyundai i20,2011,petrol,82120,387899,hyderabad,1489,hatchback,manual,asta 1.2
maruti swift dzire,2012,diesel,92029,417399,mumbai,252,sedan,manual,vdi bs iv
maruti dzire,2019,petrol,7723,651999,pune,978,sedan,manual,vxi
volkswagen polo,2011,petrol,50372,305099,mumbai,1219,hatchback,manual,highline1.2l petrol
mahindra scorpio,2014,diesel,156184,830699,mumbai,957,suv,manual,s10
maruti swift dzire,2013,diesel,59531,504899,bengaluru,1016,sedan,manual,zdi
tata nano,2010,petrol,9278,89099,bengaluru,5908,hatchback,manual,lx
maruti vitara brezza,2016,diesel,25881,802199,ahmedabad,709,suv,manual,zdi plus dual tone
jeep compass,2017,diesel,25491,1389758,mumbai,2578,luxury suv,manual,2.0 limited
renault kwid,2019,petrol,1222,397799,mumbai,3254,hatchback,manual,rxt opt
honda city,2011,petrol,80062,394099,pune,1387,sedan,automatic,v at
maruti baleno,2017,petrol,76112,564299,mumbai,469,hatchback,,rs 1.0 petrol
maruti swift,2017,petrol,29996,546199,hyderabad,1290,hatchback,manual,vxi opt
honda jazz,2010,petrol,49945,288499,new delhi,584,hatchback,manual,1.2 base i vtec
maruti omni e,2017,petrol,13072,349299,chennai,811,,,8 str
honda amaze,2018,petrol,28944,570399,bengaluru,1858,sedan,manual,1.2 smt i vtec
maruti ciaz,2014,diesel,162517,541499,mumbai,288,sedan,manual,zdi
maruti eeco,2016,petrol & cng,81717,240899,new delhi,2332,suv,,5 str with ac plus htr
hyundai i10,2013,petrol,23298,443099,bengaluru,573,hatchback,automatic,sportz 1.2 at kappa2
hyundai verna,2016,diesel,107150,694399,pune,2774,sedan,automatic,fluidic 1.6 crdi  s at
ford figo,2010,diesel,82800,180000,pune,299,hatchback,manual,1.4 exi duratorq
hyundai i20,2011,petrol,58055,416299,bengaluru,404,hatchback,manual,asta 1.2
honda city zx,2007,petrol,155004,141399,gurgaon,5819,sedan,manual,gxi
ford ecosport,2013,petrol,63466,500000,bengaluru,272,suv,manual,1.0 ecoboost titanium
hyundai i10,2012,petrol,72110,237199,gurgaon,577,hatchback,manual,magna 1.2 kappa2
hyundai elite i20,2016,petrol,14894,560999,bengaluru,1536,hatchback,manual,magna 1.2
maruti ertiga,2015,petrol,66221,616799,mumbai,512,suv,manual,vxi
maruti eeco,2019,petrol,15028,465599,chennai,442,suv,manual,5 str with ac plushtr
maruti wagon r 1.0,2015,petrol,31796,386799,bengaluru,1075,hatchback,manual,vxi
toyota etios,2013,diesel,96343,382799,pune,1905,sedan,manual,vd sp
maruti ignis,2017,petrol,34470,377299,faridabad,913,hatchback,manual,delta 1.2 k12
tata safari storme,2015,diesel,135250,626999,lucknow,5477,suv,manual,2.2 ex 4x2
maruti alto 800,2016,petrol,27100,336699,bengaluru,355,hatchback,manual,lxi
maruti swift dzire,2015,diesel,62761,567199,chennai,835,sedan,manual,zdi
maruti swift,2016,diesel,73401,520499,chennai,889,hatchback,manual,vdi abs
hyundai i10,2007,petrol,86033,249599,hyderabad,339,hatchback,manual,era
maruti wagon r 1.0,2018,petrol & cng,8452,487499,mumbai,1192,hatchback,manual,lxi cng
maruti celerio,2014,petrol,32033,419199,mumbai,73,hatchback,automatic,vxi amt
toyota innova crysta,2017,diesel,88398,1248358,noida,3277,suv,manual,2.4 gx 7 str
hyundai xcent,2015,diesel,89930,340199,ghaziabad,1832,sedan,manual,sx 1.1 crdi
maruti swift,2012,diesel,62307,410599,hyderabad,3864,hatchback,manual,vdi
maruti swift dzire,2012,petrol,83548,366799,lucknow,2427,sedan,manual,vxi 1.2 bs iv
maruti ertiga,2014,petrol & cng,99514,571799,mumbai,1391,suv,manual,vxi cng
tata tigor,2018,diesel,49270,438299,hyderabad,3782,sedan,,xm revotorq
hyundai creta,2019,diesel,13212,1447530,new delhi,3796,suv,,1.6 sx at crdi
hyundai i20,2013,diesel,51472,415699,bengaluru,2572,hatchback,manual,magna o 1.4 crdi
maruti wagon r 1.0,2018,petrol & cng,52539,401799,noida,3716,hatchback,manual,vxi
maruti wagon r,2007,petrol,117800,182199,hyderabad,1552,hatchback,manual,lxi
maruti zen estilo,2007,petrol & cng,110646,89000,ghaziabad,186,hatchback,manual,lxi
maruti wagon r 1.0,2012,petrol,31540,312499,mumbai,136,hatchback,manual,vxi
toyota innova crysta,2018,diesel,61729,1490758,ahmedabad,2404,suv,automatic,2.8 gx at 8 str
toyota innova,2012,diesel,103935,639499,gurgaon,817,suv,manual,2.5 vx 7 str bs iv
hyundai santro xing,2007,petrol,64809,102499,new delhi,6268,hatchback,manual,xo erlx euro iii
honda city,2015,petrol,36119,673999,pune,2840,sedan,automatic,vx cvt petrol
ford fiesta,2008,diesel,114310,111000,ahmedabad,920,sedan,manual,1.4 sxi tdci abs
hyundai eon,2015,petrol,43748,267899,bengaluru,1376,hatchback,manual,era plus
tata tigor,2017,petrol,26386,491499,pune,2254,sedan,manual,xz 1.2 revotron opt
hyundai grand i10,2014,petrol,51206,371899,ahmedabad,753,hatchback,manual,sportz 1.2 kappa vtvt
hyundai elite i20,2018,diesel,33080,726099,mumbai,699,hatchback,manual,asta 1.4 crdi
hyundai verna,2020,petrol,22747,1112008,ahmedabad,3500,sedan,,sx petrol at
maruti ertiga,2013,diesel,97585,595999,bengaluru,957,suv,manual,zdi
ford freestyle,2018,petrol,20175,509099,ghaziabad,2240,,,titanium 1.2 ti-vct
maruti ciaz,2015,diesel,78595,444499,noida,2496,sedan,manual,vdi plus
maruti swift,2016,petrol,36179,367999,new delhi,1510,hatchback,manual,lxi opt
jeep compass,2018,diesel,62683,1367538,ahmedabad,2539,luxury suv,manual,2.0 limited
maruti sx4,2010,petrol,58590,227099,mumbai,574,sedan,manual,vxi
mahindra kuv100,2016,petrol,28640,328099,new delhi,2219,suv,manual,k4 6 str
honda brio,2012,petrol,30254,302799,mumbai,345,hatchback,manual,1.2 s mt i vtec
hyundai grand i10,2018,petrol,14673,450399,gurgaon,1698,hatchback,manual,magna 1.2 kappa vtvt
maruti swift dzire,2012,petrol,121979,359899,ahmedabad,277,sedan,manual,vxi 1.2 bs iv
toyota innova,2014,diesel,227391,1129683,bengaluru,1189,suv,manual,2.5 vx 7 str bs iv
mahindra xylo,2010,diesel,132687,200000,ahmedabad,220,suv,manual,d2 bs iv
honda city,2014,petrol,104666,493399,gurgaon,781,sedan,manual,v mt petrol
ford ecosport,2015,petrol,110966,490999,new delhi,1503,suv,manual,1.5ambiente ti vct
maruti alto,2010,petrol,71122,234399,bengaluru,537,hatchback,manual,lxi
hyundai i10,2009,petrol,68132,174099,pune,3567,hatchback,manual,sportz 1.2
maruti swift dzire,2015,petrol,80800,481199,bengaluru,1185,sedan,manual,zxi 1.2 bs iv
maruti wagon r 1.0,2018,petrol & cng,9582,465699,mumbai,1942,hatchback,manual,lxi cng
maruti ertiga,2019,petrol,22770,1011199,pune,2751,suv,,zxi plus shvs
maruti alto 800,2012,petrol,40911,269599,bengaluru,356,hatchback,manual,lxi
hyundai elite i20,2019,petrol,8781,782899,bengaluru,1677,hatchback,,1.2 sportz plus dual tone vtvt
maruti swift,2012,diesel,84213,324199,gurgaon,504,hatchback,manual,vdi
maruti swift,2019,petrol,5419,574999,ahmedabad,2798,hatchback,manual,vxi
hyundai i10,2009,petrol,85240,151999,pune,1482,hatchback,manual,magna 1.2
honda civic,2010,petrol,168462,270099,pune,2154,sedan,manual,1.8s mt
hyundai santro xing,2008,petrol,29650,157299,pune,4162,hatchback,manual,gls
maruti swift dzire,2012,diesel,79396,373799,new delhi,1344,sedan,manual,zdi
chevrolet spark,2010,petrol,71080,237399,bengaluru,552,hatchback,manual,lt 1.0
hyundai verna,2015,diesel,70207,766599,bengaluru,2254,sedan,automatic,fluidic 1.6 crdi sx at
honda amaze,2013,diesel,132070,250000,noida,172,sedan,manual,1.5 smt i dtec
mahindra kuv100,2016,diesel,62601,333799,ghaziabad,1542,suv,manual,k8 d 5 str
honda city,2015,diesel,110600,600000,pune,31,sedan,manual,v mt diesel
hyundai i10,2012,petrol,71853,336999,chennai,163,hatchback,manual,magna 1.2 kappa2
hyundai i20,2014,diesel,56549,340699,ghaziabad,2055,hatchback,manual,magna o 1.4 crdi
hyundai grand i10,2015,petrol,2546,563799,bengaluru,658,hatchback,manual,asta 1.2 (o) vtvt
hyundai accent,2012,petrol,170597,197799,new delhi,3748,sedan,manual,executive gle
maruti alto k10,2013,petrol,81944,257299,hyderabad,571,hatchback,manual,vxi
hyundai i20,2009,petrol & cng,119627,240899,mumbai,1389,hatchback,manual,asta 1.2
hyundai santro xing,2011,petrol,47989,227199,chennai,2130,hatchback,manual,gls
hyundai creta,2015,diesel,55867,916099,hyderabad,2990,suv,manual,1.6 sx plus diesel
toyota innova,2010,diesel,150832,582199,mumbai,1205,suv,manual,2.5 v 8 str
renault kwid,2016,petrol,23226,265699,faridabad,3001,hatchback,manual,rxt
honda city,2013,petrol,68016,424499,ghaziabad,2403,sedan,manual,v mt petrol
maruti ciaz,2014,diesel,103397,442899,new delhi,1628,sedan,manual,zdi
maruti eeco,2019,petrol & cng,5715,386499,noida,3447,suv,manual,5 str cng with ac plushtr
hyundai i10,2009,petrol,65198,169299,mumbai,2043,hatchback,manual,magna 1.2
mahindra xuv500,2015,diesel,92400,858799,gurgaon,1039,luxury suv,manual,w10
volkswagen vento,2014,diesel,82081,310299,new delhi,1428,sedan,manual,comfortline diesel
maruti celerio,2015,petrol,7187,455899,bengaluru,849,hatchback,automatic,vxi amt
maruti celerio,2016,petrol & cng,95404,411599,mumbai,576,hatchback,manual,vxi cng
maruti ritz,2009,petrol,53231,275299,hyderabad,801,hatchback,manual,vxi
ford ecosport,2015,petrol,52758,640299,noida,1095,suv,automatic,1.5 titanium ti vct at
maruti ertiga,2012,diesel,242900,521099,mumbai,196,suv,manual,vdi abs
maruti baleno,2017,petrol,49405,674199,bengaluru,663,hatchback,automatic,zeta 1.2 k12 amt
maruti alto k10,2014,petrol,66079,347099,bengaluru,283,hatchback,manual,vxi
maruti celerio,2016,petrol,48395,461299,bengaluru,355,hatchback,automatic,zxi opt amt
maruti wagon r duo,2008,petrol & lpg,69982,193499,chennai,511,hatchback,manual,lxi lpg
tata hexa,2019,diesel,46337,1914453,chennai,1300,suv,manual,varicor 400 xt
honda city,2014,diesel,110899,620199,chennai,1172,sedan,manual,vx mt diesel
maruti celerio,2016,petrol,83735,461099,chennai,179,hatchback,automatic,zxi amt
maruti wagon r 1.0,2011,petrol,30640,266399,pune,693,hatchback,manual,lxi
ford ecosport,2014,petrol,29000,464499,mumbai,1940,suv,manual,1.5 trend ti vct
maruti baleno,2016,petrol,36146,570599,hyderabad,1456,hatchback,automatic,delta 1.2 k12 amt
honda civic,2010,petrol,60291,270000,ghaziabad,249,sedan,automatic,1.8v at
maruti ritz,2011,petrol,76919,251199,new delhi,375,hatchback,manual,vxi bs iv
ford figo,2012,petrol,45635,238099,pune,1751,hatchback,manual,1.2 titanium duratec
maruti vitara brezza,2017,diesel,51514,668999,mumbai,959,suv,manual,ldi
maruti ciaz,2018,diesel,72536,674299,chennai,1366,sedan,manual,delta 1.3 ddis shvs
maruti celerio,2018,petrol & cng,84119,423899,hyderabad,726,hatchback,manual,vxi
mahindra xuv500,2016,diesel,105691,920999,pune,204,luxury suv,,w10 fwd
tata tigor,2018,petrol,3399,571199,mumbai,853,sedan,manual,xz 1.2 revotron
maruti wagon r 1.0,2010,petrol,71422,210099,new delhi,296,hatchback,manual,lxi
maruti swift,2014,petrol,80728,362899,mumbai,978,hatchback,manual,vxi
maruti eeco,2016,petrol,38114,392099,bengaluru,509,suv,manual,5 str with ac plushtr
honda accord,2009,petrol & cng,103556,210000,new delhi,390,sedan,manual,2.4 mt
hyundai new elantra,2017,diesel,35617,1134935,mumbai,5414,luxury sedan,automatic,1.6 sx at o
maruti swift dzire,2015,petrol,45865,437299,bengaluru,1533,sedan,manual,lxi 1.2 bs iv
maruti swift,2008,petrol,75701,180599,mumbai,2208,hatchback,manual,vxi 1.3
maruti s cross,2018,diesel,57069,769599,new delhi,1554,suv,,zeta 1.3 shvs
maruti wagon r 1.0,2011,petrol,126386,326599,bengaluru,305,hatchback,manual,vxi
mercedes benz e class,2012,diesel,53597,1047570,new delhi,2491,luxury sedan,,e 220 cdi classic
ford figo,2010,diesel,128317,187099,pune,2876,hatchback,manual,1.4 zxi duratorq
maruti swift,2018,petrol,57889,691299,bengaluru,903,hatchback,automatic,zxi amt
mahindra xuv 3oo,2019,diesel,16746,1154428,mumbai,2376,suv,,w8(o)
maruti alto 800,2014,petrol,48657,272899,bengaluru,403,hatchback,manual,lxi
maruti wagon r 1.0,2011,petrol & cng,72151,253799,mumbai,1983,hatchback,manual,vxi
toyota corolla altis,2010,petrol,85763,287299,mumbai,816,luxury sedan,,1.8 j
audi a6,2012,diesel,29177,1184223,faridabad,4913,luxury sedan,automatic,2.0 tdi
maruti alto,2009,petrol,54904,185599,hyderabad,1169,hatchback,manual,lxi
volkswagen ameo,2016,petrol,43771,460099,pune,1460,sedan,manual,highline 1.2
maruti wagon r 1.0,2016,petrol,111279,295000,new delhi,119,hatchback,manual,lxi
maruti vitara brezza,2016,diesel,52520,595999,new delhi,4066,suv,manual,vdi
maruti vitara brezza,2017,diesel,59023,604999,new delhi,3855,suv,manual,vdi opt
maruti swift dzire,2015,petrol,41516,448399,new delhi,831,sedan,,vxi regalia
hyundai xcent,2014,petrol,51147,375000,ghaziabad,41,sedan,manual,s 1.2
volkswagen polo,2015,petrol,35743,622599,bengaluru,5297,hatchback,automatic,gt tsi 1.2 petrol at
volkswagen vento,2012,diesel,52977,367799,chennai,8118,sedan,manual,highline diesel
maruti eeco,2020,petrol,7449,472799,ahmedabad,838,suv,manual,5 str with ac plushtr
maruti ritz,2011,petrol,39325,286099,new delhi,430,hatchback,manual,vxi bs iv
maruti ciaz,2018,petrol,3330,839099,bengaluru,1600,sedan,,1.4 s
mahindra tuv300,2016,diesel,60135,671999,bengaluru,2435,suv,automatic,t8 at
maruti alto k10,2014,petrol,22656,306999,bengaluru,822,hatchback,manual,vxi
honda jazz,2012,petrol,110108,331799,new delhi,169,hatchback,manual,1.2 select i vtec
toyota innova crysta,2018,diesel,52726,1972932,mumbai,1802,suv,automatic,2.8 zx at 7 str
maruti alto 800,2014,petrol,55269,241499,pune,554,hatchback,manual,lxi
maruti swift dzire,2012,petrol,56269,408899,pune,643,sedan,manual,vxi 1.2 bs iv
renault duster,2013,diesel,109600,413499,ahmedabad,407,suv,manual,85 ps rxl opt
hyundai i20,2012,petrol,62165,312699,ahmedabad,2084,hatchback,manual,magna o 1.2
mercedes benz c class,2009,petrol,58102,554499,bengaluru,3575,luxury sedan,manual,230 avantgarde
honda city,2014,diesel,82735,524699,hyderabad,2691,sedan,manual,s mt diesel
maruti s presso,2019,petrol,30598,441299,hyderabad,538,hatchback,,vxi plus
maruti alto,2012,petrol,35190,212999,chennai,1791,hatchback,manual,lxi
maruti swift dzire,2014,diesel,82140,374799,new delhi,1280,sedan,manual,vdi bs iv
maruti alto k10,2018,petrol,6193,409199,bengaluru,466,hatchback,,vxi (o) amt
maruti swift,2008,petrol,48435,246199,hyderabad,3416,hatchback,,vxi 1.3 abs
maruti swift dzire,2013,diesel,30011,517499,bengaluru,1596,sedan,manual,zdi
volkswagen vento,2013,petrol,68210,401000,mumbai,127,sedan,automatic,highline petrol at
honda amaze,2019,petrol,21863,625799,ahmedabad,1968,sedan,,1.2 v mt i-vtec
maruti vitara brezza,2018,diesel,55960,788399,bengaluru,935,suv,manual,vdi opt
maruti alto 800,2014,petrol & cng,82605,244499,pune,1567,hatchback,manual,lxi cng
renault kwid,2018,petrol,24872,364899,chennai,1817,hatchback,manual,1.0 rxt opt
hyundai i10,2008,petrol,78054,235999,hyderabad,518,hatchback,manual,magna 1.1 irde2
maruti eeco,2014,petrol & cng,39790,371599,pune,610,suv,manual,5 str cng with ac plushtr
maruti swift dzire,2014,petrol,241014,315299,ghaziabad,905,sedan,manual,vxi 1.2 bs iv
hyundai grand i10 nios,2020,petrol,2259,766099,bengaluru,1487,hatchback,,sportz 1.2 at
renault kwid,2018,petrol,21973,325299,ahmedabad,1030,hatchback,manual,1.0 rxt
hyundai i20,2014,petrol,39007,432099,ahmedabad,2259,hatchback,manual,sportz 1.2 vtvt
maruti swift dzire,2009,petrol,90418,209599,new delhi,808,sedan,manual,vxi 1.3
volkswagen vento,2017,diesel,49616,773199,chennai,2456,sedan,automatic,highline tdi at
maruti s cross,2018,diesel,44813,803399,ahmedabad,2338,suv,manual,alpha shvs
hyundai grand i10,2015,petrol,10520,557099,bengaluru,553,hatchback,manual,asta at 1.2 kappa vtvt
hyundai eon,2012,petrol,66327,196999,ahmedabad,1154,hatchback,manual,d lite plus
maruti alto k10,2018,petrol,9861,436999,bengaluru,593,hatchback,,vxi (o) amt
maruti alto,2009,petrol,58959,201899,bengaluru,561,hatchback,manual,xcite
maruti dzire,2019,petrol,5115,625199,noida,2872,sedan,manual,vxi
nissan terrano,2014,diesel,64628,500000,faridabad,420,suv,manual,xl plus 85 ps deisel
maruti alto,2019,petrol,27799,338099,ahmedabad,354,hatchback,manual,lxi
volkswagen polo,2016,petrol,95987,552599,hyderabad,917,hatchback,manual,highline1.2l petrol
honda amaze,2014,petrol,72201,371499,new delhi,1152,sedan,manual,1.2 sx mt i vtec
maruti alto k10,2010,petrol,56095,240599,bengaluru,696,hatchback,manual,vxi
hyundai i20 active,2017,petrol,10754,637399,pune,1326,hatchback,manual,1.2 sx
hyundai grand i10,2017,petrol,71494,386599,new delhi,963,hatchback,manual,magna 1.2 kappa vtvt
maruti eeco,2018,petrol & cng,52420,380000,new delhi,139,suv,manual,5 str cng with ac plushtr
hyundai i20,2012,diesel,138000,264199,gurgaon,1500,hatchback,manual,sportz o 1.4 crdi
hyundai i10,2009,petrol,101931,221899,hyderabad,1909,hatchback,manual,sportz 1.2
renault kwid,2016,petrol,57111,251299,new delhi,688,hatchback,manual,rxt
honda wr-v,2017,petrol,23780,723199,mumbai,703,suv,manual,1.2 i-vtec vx mt
maruti ertiga,2014,diesel,116278,593599,bengaluru,814,suv,manual,vdi abs
maruti ritz,2011,petrol,74518,218899,new delhi,468,hatchback,manual,vxi bs iv
honda br-v,2016,diesel,40746,775000,mumbai,10,suv,manual,1.5 i- dtec s
hyundai i20,2013,petrol,57900,324199,new delhi,777,hatchback,manual,magna o 1.2
honda amaze,2013,petrol,91004,380699,mumbai,454,sedan,manual,1.2 smt i vtec
hyundai elite i20,2018,petrol,11962,659499,hyderabad,2269,hatchback,manual,asta 1.2
maruti alto 800,2013,petrol,41967,249299,bengaluru,566,hatchback,manual,lxi
toyota innova,2008,diesel,182406,391999,pune,1875,suv,manual,2.5 g4 8 str
toyota etios,2011,petrol,156589,207499,new delhi,1181,sedan,manual,g
maruti ertiga,2018,petrol,3783,882599,mumbai,2547,suv,,vxi smart hybrid
maruti baleno,2020,petrol,6679,622999,noida,15999,hatchback,manual,delta 1.2 k12
volkswagen polo,2016,petrol,17430,772499,bengaluru,2811,hatchback,automatic,gt tsi 1.2 petrol at
maruti alto k10,2015,petrol,12593,394199,bengaluru,634,hatchback,,vxi amt
hyundai xcent,2015,petrol,91984,421099,hyderabad,1156,sedan,manual,s 1.2
toyota innova,2013,diesel,287219,676699,gurgaon,133,suv,manual,2.5 gx 7 str bs iv
maruti alto,2012,petrol,64259,252199,hyderabad,714,hatchback,manual,lxi
hyundai i20,2011,petrol,62904,387599,bengaluru,87,hatchback,manual,asta 1.2
maruti alto k10,2011,petrol,68153,241799,bengaluru,365,hatchback,manual,vxi
maruti wagon r 1.0,2012,petrol & cng,47729,289699,mumbai,478,hatchback,manual,lxi cng
hyundai i20,2011,petrol,18974,359199,mumbai,318,hatchback,manual,sportz 1.2 o
hyundai i20,2011,petrol,123568,290699,pune,656,hatchback,manual,magna o 1.2
hyundai verna,2018,petrol,1827,1182304,mumbai,2595,sedan,automatic,1.6 sx vtvt at (o)
maruti alto 800,2015,petrol,30242,257499,pune,2748,hatchback,manual,lxi
maruti swift,2008,petrol & cng,64425,199999,pune,9411,hatchback,manual,vxi 1.3
hyundai grand i10,2016,petrol,2751,469999,mumbai,681,hatchback,manual,sportz 1.2 kappa vtvt
honda jazz,2012,petrol,59949,335099,mumbai,755,hatchback,manual,1.2 base i vtec
hyundai eon,2013,petrol,25052,238299,ahmedabad,548,hatchback,manual,era plus
maruti a star,2010,petrol & cng,34181,199199,ghaziabad,2631,hatchback,manual,vxi
maruti swift dzire,2010,diesel,160205,280799,pune,914,sedan,manual,vdi bs iv
maruti dzire,2017,diesel,110111,467399,new delhi,1356,sedan,manual,ldi
hyundai grand i10,2015,petrol,58570,396499,mumbai,662,hatchback,manual,sportz 1.2 kappa vtvt
hyundai i10,2013,petrol,115427,292799,chennai,746,hatchback,manual,asta 1.2 kappa2
maruti alto,2007,petrol,149025,81000,ghaziabad,56,hatchback,manual,lxi
maruti alto,2009,petrol,62353,199299,bengaluru,589,hatchback,manual,lxi
hyundai i20,2013,diesel,69046,378299,new delhi,536,hatchback,manual,sportz 1.4 crdi
maruti swift,2013,petrol,44431,481699,bengaluru,1205,hatchback,manual,vxi
hyundai elite i20,2014,petrol,29094,490799,hyderabad,1256,hatchback,manual,magna 1.2
skoda rapid,2012,diesel,81154,457799,bengaluru,3716,sedan,manual,1.6 tdi mt ambition
hyundai verna,2012,petrol,10253,374799,mumbai,5600,sedan,automatic,fluidic 1.6 ex vtvt at
toyota corolla altis,2008,petrol,222344,228699,mumbai,37,luxury sedan,,1.8 g
maruti alto 800,2016,petrol,32339,277099,new delhi,920,hatchback,manual,vxi
maruti celerio,2014,petrol,30338,362699,mumbai,474,hatchback,manual,zxi opt
hyundai verna,2019,petrol,22647,822899,mumbai,1501,sedan,manual,1.4 vtvt ex
maruti vitara brezza,2018,diesel,12608,855999,bengaluru,1657,suv,manual,vdi
maruti swift,2015,diesel,92086,419699,new delhi,1000,hatchback,manual,vdi abs
hyundai santro xing,2006,petrol & cng,106500,70000,new delhi,64,hatchback,manual,xo erlx euro iii
mg hector,2019,diesel,37965,1826684,mumbai,1367,,,sharp 2.0 diesel
maruti alto 800,2017,petrol,5359,270000,ahmedabad,420,hatchback,manual,lxi
maruti s cross,2015,diesel,64085,680199,bengaluru,927,suv,manual,zeta 1.3
maruti wagon r 1.0,2015,petrol & cng,19570,374199,mumbai,1649,hatchback,,lxi cng avance limited edition
hyundai creta,2015,diesel,58003,841699,new delhi,1892,suv,,1.6 sx (o) crdi
maruti celerio,2018,petrol,13638,541799,bengaluru,669,hatchback,manual,zxi
maruti ritz,2009,petrol,72623,180699,mumbai,1302,hatchback,manual,vxi bs iv
maruti swift dzire,2012,diesel,94644,333299,new delhi,698,sedan,manual,vdi bs iv
honda jazz,2009,petrol,215809,202799,ghaziabad,698,hatchback,manual,1.2 base i vtec
maruti wagon r 1.0,2011,petrol & cng,114593,235299,hyderabad,393,hatchback,manual,lxi cng
ford ikon,2004,petrol,28484,50000,new delhi,243,sedan,manual,1.3 flair
ford fiesta,2008,petrol,155454,242499,bengaluru,2256,sedan,manual,1.6 zxi
maruti ertiga,2015,petrol,31048,660199,mumbai,1366,suv,manual,zxi
skoda superb,2010,petrol,106039,506299,hyderabad,1786,luxury sedan,manual,elegance 1.8 tsi mt
maruti swift dzire,2014,petrol,43981,517199,bengaluru,721,sedan,manual,zxi 1.2 bs iv
datsun go plus,2017,petrol,5994,393499,mumbai,1129,hatchback,manual,t
maruti celerio,2014,petrol,52108,380199,chennai,753,hatchback,automatic,vxi amt
maruti ciaz,2015,petrol,100330,537599,noida,1007,sedan,manual,zxi plus
maruti alto k10,2014,petrol,87237,200399,ghaziabad,375,hatchback,manual,vxi
maruti alto 800,2013,petrol,29454,252999,bengaluru,962,hatchback,manual,lxi
maruti ertiga,2017,diesel,51203,768199,pune,785,suv,manual,vdi shvs
maruti vitara brezza,2017,diesel,150584,731399,ahmedabad,664,suv,manual,zdi plus
hyundai i10,2010,petrol,87770,199699,new delhi,1159,hatchback,manual,magna 1.2 kappa2
maruti swift,2012,diesel,95000,260000,ahmedabad,120,,,vdi
maruti ertiga,2018,petrol & cng,150635,740799,ahmedabad,1709,suv,manual,vxi cng
maruti swift,2009,petrol,74034,246999,pune,1628,hatchback,manual,zxi 1.3
honda civic,2011,petrol,640251,346299,noida,5072,sedan,automatic,1.8v at sun roof
maruti alto k10,2012,petrol,49323,182099,mumbai,2442,hatchback,manual,vxi
mahindra xuv500,2019,diesel,28580,1125744,ahmedabad,1556,luxury suv,,w5 fwd
honda city,2010,petrol,119260,247099,pune,2363,sedan,,1.5 e mt petrol
honda jazz,2016,diesel,58682,500000,new delhi,355,,,1.5 sv i dtec
maruti baleno,2017,petrol,19792,545999,pune,1943,hatchback,manual,delta 1.2 k12
maruti celerio,2014,petrol,53916,398299,bengaluru,475,hatchback,automatic,vxi amt
maruti wagon r 1.0,2017,petrol & cng,51063,409299,mumbai,1221,hatchback,manual,lxi cng
renault duster,2013,diesel,79962,365099,noida,1875,suv,manual,rxz diesel 110
hyundai verna,2018,petrol,35859,973399,chennai,241,sedan,manual,1.6 sx vtvt
maruti ritz,2014,petrol,55075,269099,faridabad,2392,hatchback,manual,lxi
maruti alto k10,2010,petrol,63843,180699,new delhi,794,hatchback,manual,vxi
maruti alto,2009,petrol,89307,173699,hyderabad,852,hatchback,manual,lxi
maruti ciaz,2017,petrol,53935,548599,ahmedabad,167,sedan,manual,vxi plus
volkswagen vento,2015,petrol,22078,567599,pune,1199,sedan,,highline 1.2 tsi at
maruti ignis,2017,petrol,4347,500000,new delhi,524,hatchback,manual,zeta 1.2 k12
honda brio,2013,petrol,44622,289799,mumbai,1268,hatchback,manual,1.2 s mt i vtec
maruti eeco,2020,petrol,5076,481099,ahmedabad,999,suv,manual,5 str with ac plushtr
honda amaze,2013,petrol,20924,411499,mumbai,1783,sedan,manual,1.2 smt i vtec
ford ecosport,2013,diesel,111690,384299,noida,903,suv,manual,1.5titanium tdci
ford figo,2014,petrol,37000,375000,bengaluru,128,hatchback,,1.2 exi duratec
maruti sx4,2007,petrol & cng,100178,100000,pune,284,sedan,manual,zxi mt bs iv
maruti sx4,2008,petrol,117930,163199,new delhi,2807,sedan,manual,vxi
hyundai i10,2009,petrol,111095,187099,new delhi,228,hatchback,manual,magna 1.2
volkswagen vento,2016,petrol,96726,623899,bengaluru,1280,sedan,automatic,comfortline tsi at
hyundai accent,2008,petrol & cng,102602,150000,new delhi,178,sedan,manual,executive gle
maruti alto 800,2016,petrol,70380,259599,ahmedabad,400,hatchback,manual,lxi
honda brio,2013,petrol,68916,338699,mumbai,121,hatchback,manual,1.2 s mt i vtec
maruti wagon r 1.0,2012,petrol & cng,80909,174000,new delhi,836,hatchback,manual,lxi cng
maruti swift,2010,diesel,103406,152000,new delhi,310,hatchback,manual,ldi bs iv
maruti ignis,2019,petrol,19564,567099,chennai,173,hatchback,manual,delta 1.2 k12
renault kwid,2019,petrol,16685,386599,ghaziabad,2183,hatchback,manual,1.0 rxt opt
maruti alto,2008,petrol,90892,70000,pune,1092,hatchback,manual,lxi
honda city,2010,petrol,86559,431499,bengaluru,403,sedan,manual,s mt petrol
hyundai verna,2013,petrol,68242,367699,mumbai,2771,sedan,manual,fluidic 1.6 sx vtvt
honda city,2014,petrol,67597,631699,bengaluru,531,sedan,manual,v mt petrol
hyundai verna,2012,diesel,115457,356599,ghaziabad,796,sedan,manual,fluidic 1.6 sx crdi
maruti dzire,2018,diesel,52996,709499,mumbai,738,sedan,manual,vdi
maruti ertiga,2013,diesel,115820,456899,new delhi,1319,suv,manual,vdi abs
hyundai creta,2018,diesel,40049,878999,new delhi,3148,suv,,1.4 e plus crdi
hyundai verna,2014,petrol,39756,483899,pune,2823,sedan,manual,fluidic 1.6 sx vtvt
maruti swift,2015,diesel,71640,536399,hyderabad,967,hatchback,manual,vdi abs
hyundai eon,2014,petrol,31287,286499,bengaluru,557,hatchback,manual,d lite plus
maruti alto k10,2016,petrol,47833,351199,hyderabad,579,hatchback,,vxi amt
maruti alto k10,2011,petrol,55810,206999,new delhi,548,hatchback,manual,vxi
maruti alto k10,2017,petrol,38079,334299,mumbai,378,hatchback,manual,vxi
maruti swift,2014,petrol,83300,394499,ahmedabad,528,hatchback,manual,vxi
chevrolet beat,2010,petrol,98553,224699,bengaluru,557,hatchback,manual,ls petrol
mahindra xuv500,2015,diesel,113208,918099,new delhi,953,luxury suv,manual,w10
hyundai elite i20,2014,diesel,95243,526999,mumbai,76,hatchback,manual,asta 1.4 crdi
hyundai i20,2010,petrol,87265,268299,mumbai,79,hatchback,manual,asta 1.2
chevrolet aveo u va,2006,petrol & cng,63992,80000,ahmedabad,187,hatchback,manual,ls 1.2
maruti alto,2011,petrol,35039,238599,hyderabad,4266,hatchback,manual,lxi
maruti wagon r 1.0,2012,petrol,53558,279599,mumbai,321,hatchback,manual,vxi
toyota etios liva,2011,petrol,36419,257399,mumbai,1690,hatchback,manual,g
maruti omni e,2015,petrol,67455,280099,bengaluru,1152,,,8 str
maruti swift dzire,2014,petrol,53935,411099,lucknow,3038,sedan,manual,vxi 1.2 bs iv
toyota etios liva,2015,petrol,60954,435099,chennai,602,hatchback,manual,g
maruti dzire,2019,diesel,65709,691699,chennai,183,sedan,manual,vdi
maruti swift,2012,diesel,123846,327799,new delhi,409,hatchback,manual,vdi
maruti baleno,2018,diesel,27623,658899,chennai,1243,hatchback,manual,delta ddis 190
honda city,2017,petrol,57969,790299,ahmedabad,2308,sedan,manual,vx mt petrol
volkswagen polo,2015,petrol,24134,555899,mumbai,1056,hatchback,automatic,gt tsi 1.2 petrol at
hyundai venue,2019,petrol,28932,1071103,mumbai,1090,suv,,1.0 turbo gdi sx+ at
hyundai eon,2015,petrol,82350,260299,ahmedabad,502,hatchback,manual,era plus
mahindra e2o,2016,electric,58133,350000,bengaluru,261,hatchback,manual,t2
maruti wagon r 1.0,2011,petrol,36503,290699,chennai,2027,hatchback,manual,vxi
volkswagen passat,2011,diesel,73715,582899,mumbai,2293,luxury sedan,automatic,highline dsg
honda city,2012,petrol,87615,478299,hyderabad,1505,sedan,manual,v mt petrol
toyota corolla altis,2016,petrol,40705,1122108,mumbai,685,luxury sedan,automatic,vl at
toyota corolla altis,2011,petrol,55925,401099,bengaluru,2685,luxury sedan,,1.8 g
maruti alto 800,2016,petrol,34151,311399,chennai,83,hatchback,manual,vxi
maruti vitara brezza,2016,diesel,71468,623799,ghaziabad,787,suv,manual,vdi
maruti vitara brezza,2016,diesel,28987,777299,hyderabad,2614,suv,manual,zdi
maruti a star,2009,petrol,107840,184699,pune,831,hatchback,manual,vxi
maruti swift dzire,2014,petrol,30411,460899,mumbai,370,sedan,manual,vxi 1.2 bs iv
hyundai grand i10 nios,2020,petrol,379,680899,hyderabad,11041,hatchback,,sportz 1.2 at
renault duster,2019,petrol,14779,936699,bengaluru,1077,suv,automatic,rxs cvt 106 ps
maruti baleno,2017,petrol,62516,614099,hyderabad,678,hatchback,manual,zeta 1.2 k12
hyundai i10,2011,petrol,66622,189499,new delhi,490,hatchback,manual,magna 1.2 kappa2
maruti ertiga,2012,diesel,51209,590899,mumbai,484,suv,manual,zdi
maruti vitara brezza,2016,diesel,82420,756099,bengaluru,1350,suv,manual,zdi
hyundai verna,2012,diesel,88815,413899,bengaluru,4125,sedan,manual,fluidic 1.6 sx crdi
maruti ritz,2009,petrol & cng,70095,170000,new delhi,159,hatchback,manual,lxi
maruti ciaz,2018,petrol,49072,690699,ahmedabad,1099,sedan,manual,delta 1.4 vvt
maruti eeco,2020,petrol,3822,476499,ahmedabad,2952,suv,manual,5 str with ac plushtr
tata tiago,2017,petrol,33205,489599,bengaluru,1235,hatchback,manual,xz 1.2 revotron
hyundai i10,2013,petrol,63162,306000,bengaluru,219,hatchback,manual,sportz 1.2 kappa2
maruti swift,2019,petrol,8940,575099,chennai,2260,hatchback,manual,lxi
ford ecosport,2013,petrol,48861,474499,chennai,1207,suv,manual,1.0 ecoboost titanium opt
hyundai elite i20,2015,diesel,106123,480399,new delhi,269,hatchback,manual,magna 1.4 crdi
maruti swift,2012,diesel,113073,291999,gurgaon,615,hatchback,manual,vdi
hyundai xcent,2014,petrol,9571,460899,mumbai,931,sedan,manual,sx 1.2 opt
maruti alto 800,2018,petrol,6662,343299,ahmedabad,1241,hatchback,manual,lxi
maruti swift,2012,diesel,95321,324599,gurgaon,580,hatchback,manual,zdi
maruti ertiga,2018,diesel,82508,884399,mumbai,602,suv,manual,vdi shvs
maruti alto 800,2018,petrol,14275,304399,bengaluru,1142,hatchback,manual,lxi opt
renault duster,2016,diesel,85369,522599,gurgaon,820,suv,automatic,rxl amt 110 ps
maruti swift,2015,diesel,171277,511499,hyderabad,1052,hatchback,manual,zdi
hyundai santro xing,2008,petrol & lpg,84985,166199,hyderabad,9481,hatchback,manual,gl
hyundai grand i10,2017,petrol,14965,533399,chennai,1741,hatchback,manual,magna 1.2 kappa vtvt
maruti swift dzire,2014,diesel,88835,354099,new delhi,1485,sedan,manual,vdi bs iv
tata nano,2014,petrol,9392,187599,pune,3525,hatchback,automatic,twist xta
volkswagen polo,2014,diesel,107465,366399,noida,896,hatchback,manual,highline1.2l diesel
hyundai elite i20,2017,petrol,38526,623899,hyderabad,1175,hatchback,manual,sportz 1.2
maruti swift,2010,petrol,72363,202899,new delhi,2187,hatchback,manual,lxi
bmw 3 series,2011,diesel,90696,694299,pune,3650,luxury sedan,automatic,320 d performance edition
mercedes benz c class,2014,petrol,23856,1335521,mumbai,2632,luxury sedan,,c200 cgi grand edition
maruti dzire,2017,diesel,76040,707799,chennai,1107,sedan,automatic,zdi plus amt
tata nexon,2019,diesel,20995,973899,mumbai,3270,suv,,xza+ 1.5
renault kwid,2015,petrol,23144,286899,hyderabad,2395,hatchback,manual,rxt
nissan micra,2015,petrol,79035,384699,bengaluru,1293,hatchback,automatic,xl cvt (petrol)
honda br-v,2017,petrol,54562,806099,chennai,2046,suv,automatic,1.5 i-vtec v cvt
ford ecosport,2017,petrol,18510,606699,mumbai,3623,suv,manual,1.5 trend ti vct
hyundai i10,2013,petrol,22201,469299,bengaluru,461,hatchback,automatic,sportz 1.2 at kappa2
renault duster,2017,diesel,46220,887499,pune,2424,suv,automatic,rxz amt 110 ps
audi q3,2012,diesel,113771,1119381,gurgaon,1241,luxury suv,automatic,2.0 tdi quattro
hyundai grand i10,2016,petrol,41357,352299,gurgaon,348,hatchback,manual,magna 1.2 vtvt
toyota innova,2010,diesel,233928,536199,mumbai,259,suv,manual,2.5 g4 8 str
maruti wagon r 1.0,2014,petrol,23233,357399,hyderabad,2906,hatchback,manual,vxi
maruti wagon r,2012,petrol,71968,298599,bengaluru,3092,hatchback,manual,vxi
hyundai i10,2008,petrol,85606,304599,bengaluru,543,hatchback,automatic,magna 1.2 at
mahindra tuv300,2015,diesel,74825,490000,new delhi,95,suv,manual,t6
nissan micra,2011,petrol,48380,199699,mumbai,3523,hatchback,manual,xv petrol
maruti alto k10,2013,petrol,9676,299599,bengaluru,5709,hatchback,manual,vxi
maruti alto,2010,petrol,57695,205199,hyderabad,550,hatchback,manual,lxi
maruti ritz,2010,petrol,19432,241199,mumbai,817,hatchback,manual,zxi
maruti a star,2010,petrol,46021,246699,bengaluru,2276,hatchback,manual,vxi
honda city,2014,diesel,90426,523899,new delhi,356,sedan,manual,v mt diesel
volkswagen polo,2015,petrol,58384,531899,bengaluru,917,hatchback,manual,highline1.2l petrol
nissan micra,2013,petrol,46281,283099,chennai,2605,hatchback,manual,xl petrol
maruti dzire,2017,petrol,29115,664399,hyderabad,693,sedan,manual,vxi
hyundai eon,2015,petrol,36995,297799,hyderabad,573,hatchback,manual,era plus
maruti baleno,2017,diesel,80193,581099,gurgaon,1514,hatchback,manual,alpha ddis 190
hyundai creta,2015,diesel,78599,959399,pune,2261,suv,automatic,1.6 crdi sx plus auto
mahindra bolero,2013,diesel,85256,378999,noida,4708,suv,manual,zlx
maruti alto,2007,petrol,33538,189599,bengaluru,3590,hatchback,manual,lxi
honda amaze,2014,petrol,100187,400099,new delhi,62,sedan,manual,1.2 smt i vtec
honda city,2014,diesel,101866,531399,pune,1356,sedan,manual,v mt diesel
hyundai xcent,2014,petrol,50672,358799,lucknow,4945,sedan,manual,sx 1.2 opt
maruti swift dzire,2015,diesel,74575,536099,chennai,664,sedan,manual,vdi bs iv
volkswagen polo,2015,petrol,84281,421499,mumbai,556,hatchback,manual,highline1.2l petrol
maruti wagon r 1.0,2014,petrol,43955,387199,bengaluru,784,hatchback,manual,vxi
maruti swift,2015,diesel,72955,390000,ahmedabad,409,hatchback,manual,vdi
maruti ciaz,2018,petrol,47051,664599,ahmedabad,1742,sedan,manual,zeta 1.4 vvt
maruti ritz,2009,diesel,170681,313799,bengaluru,649,hatchback,manual,vdi
hyundai verna,2012,diesel,109303,358399,new delhi,2826,sedan,manual,fluidic 1.6 sx crdi
maruti swift,2014,petrol,113481,383599,mumbai,731,hatchback,manual,vxi
maruti ertiga,2013,diesel,54021,645099,mumbai,1343,suv,manual,zdi
maruti eeco,2019,petrol & cng,45317,452399,ahmedabad,501,suv,manual,5 str with ac plushtr
ford figo,2011,petrol,26569,263199,hyderabad,2156,hatchback,manual,1.2 zxi duratec
maruti ciaz,2018,petrol,30904,828499,new delhi,2139,sedan,,alpha 1.5 at vtvt shvs
maruti alto k10,2018,petrol & cng,53156,302099,new delhi,2160,hatchback,,lxi cng (o)
maruti baleno,2019,petrol,12583,695599,bengaluru,1089,hatchback,manual,delta 1.2 k12
ford ecosport,2015,petrol,61188,607999,mumbai,631,suv,automatic,1.5 titanium ti vct at
hyundai i10,2009,petrol,101199,179199,new delhi,714,hatchback,manual,magna 1.2
hyundai i10,2009,petrol,37982,197099,new delhi,1913,hatchback,manual,magna 1.2
maruti ciaz,2014,petrol,56469,479999,new delhi,1184,sedan,manual,zxi
hyundai elite i20,2019,petrol,11855,628299,chennai,495,hatchback,,1.2 magna plus vtvt
maruti swift,2014,petrol,12720,510899,chennai,2427,hatchback,manual,zxi
maruti swift,2009,petrol,76508,195059,gurgaon,6,hatchback,manual,vxi
hyundai grand i10,2017,petrol,14538,478299,ahmedabad,579,hatchback,manual,magna 1.2 kappa vtvt
tata nano,2010,petrol,53390,35000,ghaziabad,740,hatchback,manual,lx
maruti swift,2015,petrol,57036,485399,bengaluru,569,hatchback,manual,vxi
maruti alto 800,2017,petrol,43072,270000,new delhi,166,hatchback,manual,lxi
honda amaze,2020,petrol,9344,685399,noida,3461,sedan,manual,1.2 smt i vtec
renault kwid,2019,petrol,7343,400699,bengaluru,3550,hatchback,manual,rxt opt
ford ecosport,2020,diesel,11371,981199,hyderabad,6143,suv,manual,1.5titanium tdci
volkswagen polo,2014,petrol,56316,420099,mumbai,994,hatchback,manual,highline1.2l petrol
tata manza,2012,diesel,107319,256499,pune,521,sedan,manual,ex quadrajet
ford ecosport,2017,diesel,52212,692899,gurgaon,1746,suv,,1.5 tdci titanium plus
honda wr-v,2017,petrol,37386,727299,mumbai,539,suv,manual,1.2 i-vtec vx mt
maruti wagon r 1.0,2011,petrol & cng,109283,274299,ghaziabad,27,hatchback,manual,lxi cng
honda city,2017,petrol,89362,921799,hyderabad,1296,sedan,automatic,vx cvt petrol
maruti wagon r 1.0,2012,petrol,37135,295599,pune,3420,hatchback,manual,vxi
hyundai verna,2016,petrol,22884,618799,ahmedabad,2996,sedan,manual,fluidic 1.6 vtvt s
maruti ertiga,2017,diesel,43634,811699,hyderabad,2279,suv,manual,vdi shvs limited edition
hyundai tucson new,2018,diesel,72527,1651146,bengaluru,2410,luxury suv,automatic,2wd at gls diesel
volkswagen polo,2010,petrol,42795,285599,pune,1985,hatchback,manual,highline1.2l petrol
honda amaze,2014,petrol,46348,408899,bengaluru,1847,sedan,manual,1.2 exmt i vtec
mercedes benz e class,2012,petrol,98842,1139985,mumbai,1373,luxury sedan,manual,e 200 avantgarde
hyundai elite i20,2016,petrol,95260,453799,pune,1876,hatchback,manual,magna 1.2
maruti alto 800,2012,petrol,28610,256399,bengaluru,4326,hatchback,manual,lxi
maruti alto 800,2016,petrol,41120,302099,chennai,317,hatchback,manual,lxi
maruti swift dzire,2014,diesel,81540,547899,hyderabad,465,sedan,manual,vdi bs iv
tata zest,2016,diesel,46455,300000,new delhi,230,sedan,manual,xms quadrajet 90ps
maruti ritz,2013,diesel,70687,285299,new delhi,852,hatchback,manual,vdi
maruti zen estilo,2011,petrol,33717,200799,faridabad,536,hatchback,manual,lxi
maruti eeco,2018,petrol & cng,92405,422299,ahmedabad,427,suv,manual,5 str with ac plushtr
hyundai i10,2013,petrol,59555,370299,bengaluru,770,hatchback,automatic,sportz 1.2 at kappa2
maruti celerio,2014,petrol,101361,367399,pune,420,hatchback,manual,vxi
maruti wagon r 1.0,2014,petrol,62642,410099,bengaluru,273,hatchback,manual,vxi
honda city,2017,petrol,52028,850000,new delhi,196,sedan,manual,vx mt petrol
hyundai eon,2015,petrol,26270,263999,ghaziabad,2034,hatchback,manual,era plus
volkswagen polo,2012,petrol,56032,295299,new delhi,2826,hatchback,manual,comfortline 1.2l petrol
maruti s cross,2017,diesel,113808,662399,pune,1045,suv,manual,zeta 1.3
hyundai grand i10,2015,petrol,15839,504799,bengaluru,338,hatchback,manual,sportz 1.2 kappa vtvt
jaguar xj l,2014,diesel,2288,3866000,gurgaon,410,luxury sedan,automatic,3.0 v 6 premium luxury
nissan sunny,2014,diesel,22411,478899,chennai,1700,sedan,manual,xv diesel
hyundai i10,2010,petrol,84850,216999,new delhi,482,hatchback,manual,sportz 1.2
maruti alto,2020,petrol,6942,363499,ahmedabad,870,hatchback,manual,vxi
renault kwid,2015,petrol,32671,288699,chennai,5251,hatchback,manual,rxt opt
hyundai grand i10,2015,petrol,41688,401999,bengaluru,994,hatchback,manual,era 1.2 kappa vtvt
maruti ertiga,2019,petrol,25469,874799,new delhi,1637,suv,,zxi plus shvs
ford ecosport,2013,diesel,90309,383699,ghaziabad,1111,suv,manual,1.5 ambiente tdci
maruti celerio,2015,petrol,5972,377899,mumbai,1591,hatchback,manual,zxi
honda amaze,2016,petrol,43240,435599,mumbai,748,sedan,manual,1.2 sx mt i vtec
maruti swift dzire,2012,petrol,112871,417799,hyderabad,628,sedan,manual,vxi 1.2 bs iv
volkswagen ameo,2019,petrol,47782,430399,ahmedabad,2318,sedan,,trendline 1.0
hyundai elite i20,2015,petrol,37023,507799,new delhi,2064,hatchback,manual,sportz (o) 1.2
toyota fortuner,2013,diesel,205697,1105948,noida,1695,luxury suv,manual,3.0 mt 4x2
maruti alto k10,2017,petrol,23023,361899,bengaluru,770,hatchback,,vxi amt
honda amaze,2015,diesel,136775,291999,noida,1801,sedan,manual,1.5 smt i dtec
honda amaze,2015,petrol,72343,376799,mumbai,1842,sedan,manual,1.2 smt i vtec
hyundai i20,2011,petrol,58202,337399,pune,256,hatchback,manual,magna o 1.2
renault duster,2013,diesel,81382,476899,mumbai,396,suv,manual,rxz diesel 110
maruti ertiga,2015,petrol,62928,531499,ahmedabad,2536,suv,manual,vxi
maruti swift,2012,petrol,70522,407299,new delhi,741,hatchback,manual,zxi
hyundai i10,2010,petrol,88895,175199,new delhi,1831,hatchback,manual,era 1.1 irde
hyundai elite i20,2015,petrol,36307,552599,new delhi,1378,hatchback,manual,asta 1.2
datsun redi go,2016,petrol,36414,200000,hyderabad,422,hatchback,manual,t (o)
maruti baleno,2016,petrol,16491,669799,mumbai,1296,hatchback,automatic,zeta 1.2 k12 amt
hyundai i20,2010,petrol,90062,373299,bengaluru,419,hatchback,manual,sportz 1.2 o
hyundai verna,2012,petrol,25375,376799,mumbai,900,sedan,manual,fluidic 1.4 vtvt
hyundai creta,2016,diesel,28787,1021411,mumbai,2640,suv,manual,1.6 sx plus diesel
hyundai i10,2012,petrol,47840,379999,chennai,989,hatchback,automatic,asta 1.2 at kappa2 with sunroof
maruti swift dzire,2008,petrol,143363,156899,new delhi,4491,sedan,manual,lxi 1.3
maruti alto k10,2012,petrol,81759,218999,hyderabad,992,hatchback,manual,lxi
ford ecosport,2019,petrol,29962,855199,mumbai,2041,suv,manual,1.5 titanium ti vct
maruti ritz,2010,petrol,61156,362699,bengaluru,373,hatchback,manual,lxi
hyundai creta,2015,diesel,94412,812499,chennai,1544,suv,automatic,1.6 crdi sx plus auto
hyundai santro xing,2008,petrol,53131,205799,hyderabad,746,hatchback,manual,gls
hyundai i10,2011,petrol,35533,317399,hyderabad,2054,hatchback,manual,magna 1.2 kappa2
maruti sx4,2011,petrol,77761,233699,mumbai,1628,sedan,manual,zxi mt bs iv
audi a4,2013,diesel,94895,1063528,ghaziabad,2582,luxury sedan,automatic,2.0 tdi 174bhp prm plus
honda city zx,2008,petrol,113515,80000,new delhi,707,sedan,automatic,gxi cvt
hyundai i20,2012,petrol,83304,405099,bengaluru,933,hatchback,manual,sportz 1.2 vtvt
maruti wagon r 1.0,2016,petrol,45170,385499,bengaluru,823,hatchback,manual,vxi
maruti swift,2012,petrol,63009,470799,bengaluru,421,hatchback,manual,vxi
tata hexa,2018,diesel,24707,1189172,ahmedabad,2565,suv,automatic,varicor 400 xta
honda city,2014,diesel,122250,400000,ghaziabad,184,sedan,manual,s mt diesel
maruti wagon r 1.0,2015,petrol,39094,383199,pune,339,hatchback,manual,vxi
toyota innova,2014,diesel,80584,668299,noida,1724,suv,manual,2.5 gx 8 str bs iv
hyundai creta,2018,diesel,18794,880799,chennai,671,suv,,1.4 e plus crdi
maruti ciaz,2015,petrol,37429,520499,mumbai,955,sedan,manual,vxi
maruti swift dzire,2013,diesel,85864,524399,hyderabad,571,sedan,manual,vdi bs iv
maruti vitara brezza,2019,diesel,39910,928599,mumbai,1291,suv,automatic,zdi + amt
maruti swift,2010,petrol,47861,264499,new delhi,955,hatchback,manual,vxi
renault kwid,2016,petrol,14773,381599,bengaluru,755,hatchback,manual,rxt opt
honda city,2014,petrol,66724,529899,mumbai,617,sedan,manual,v mt petrol
toyota etios,2011,petrol & cng,82523,252499,new delhi,1743,sedan,manual,g
hyundai grand i10,2016,petrol,27015,492199,hyderabad,967,hatchback,manual,sports 1.2 vtvt
tata tiago,2017,petrol,8280,542499,bengaluru,1279,hatchback,manual,xz 1.2 revotron
toyota innova,2012,diesel,300672,540000,mumbai,126,suv,manual,2.5 g4 7 str
maruti ertiga,2014,petrol,73364,523499,new delhi,1010,suv,manual,vxi
hyundai grand i10,2016,petrol,32496,492399,chennai,1177,hatchback,automatic,1.2 asta (o) at
hyundai i10,2008,petrol,119960,199299,pune,751,hatchback,manual,magna 1.2
hyundai i10,2013,petrol & lpg,64318,302499,hyderabad,425,hatchback,manual,magna 1.1 lpg
hyundai i10,2010,petrol,21013,244699,new delhi,1230,hatchback,manual,magna 1.2 kappa2
skoda laura,2011,petrol,62555,252799,mumbai,307,luxury sedan,manual,ambiente 1.8 tsi
volkswagen vento,2010,petrol,42013,248999,mumbai,2400,sedan,manual,trendline petrol
volkswagen vento,2012,petrol,100609,301199,mumbai,410,sedan,manual,trendline petrol
hyundai i10,2008,petrol,82148,199899,pune,1805,hatchback,manual,magna o with sunroof
toyota etios,2014,petrol,47920,357399,new delhi,2304,sedan,manual,g
tata tiago,2018,petrol,16534,472599,pune,1884,hatchback,manual,xz 1.2 revotron
chevrolet beat,2013,diesel,45258,259099,bengaluru,2910,hatchback,manual,lt diesel
hyundai i20,2013,petrol,50232,424299,pune,3016,hatchback,manual,asta 1.2
ford ecosport,2016,diesel,121507,503199,ghaziabad,1863,suv,manual,1.5 trend+ tdci
maruti swift,2018,petrol,41350,592499,bengaluru,1063,hatchback,manual,vxi
maruti swift dzire,2010,petrol,44505,268799,gurgaon,1116,sedan,manual,vxi
volkswagen polo,2015,diesel,133949,403499,pune,1323,hatchback,manual,comfortline 1.5l diesel
maruti new  wagon-r,2019,petrol,4792,473799,ghaziabad,6533,,,vxi 1.0
honda city,2010,petrol,93671,332899,pune,1469,sedan,automatic,v at
honda civic,2007,petrol,98787,251899,hyderabad,6599,sedan,manual,1.8s mt
honda city,2014,diesel,122226,590000,hyderabad,41,sedan,manual,sv mt diesel
hyundai creta,2018,diesel,30872,1449045,mumbai,1317,suv,,1.6 sx at crdi
honda amaze,2014,petrol,75156,389899,mumbai,445,sedan,manual,1.2 exmt i vtec
maruti wagon r 1.0,2015,petrol,27767,323099,mumbai,1814,hatchback,manual,vxi
maruti alto 800,2012,petrol,81861,186999,faridabad,978,hatchback,manual,lxi
hyundai i20,2013,diesel,41999,341999,new delhi,4499,hatchback,manual,sportz 1.4 crdi
maruti swift dzire,2013,diesel,129364,344799,gurgaon,534,sedan,manual,vdi bs iv
hyundai grand i10,2013,petrol,76084,312199,new delhi,1014,hatchback,manual,sportz 1.2 kappa vtvt
honda city,2012,petrol,99219,351499,new delhi,776,sedan,manual,v mt petrol
skoda superb,2012,petrol,76434,351399,mumbai,3265,luxury sedan,manual,elegance 1.8 tsi mt
maruti swift dzire,2009,petrol,191532,186299,new delhi,1490,sedan,manual,vxi 1.3
maruti wagon r 1.0,2013,petrol & cng,227458,274399,pune,1532,hatchback,manual,lxi cng
maruti ritz,2011,petrol,36916,240499,new delhi,3420,hatchback,manual,vxi bs iv
maruti alto 800,2016,petrol,32883,287299,chennai,1222,hatchback,manual,lxi
maruti alto k10,2017,petrol,11733,358699,chennai,1642,hatchback,manual,vxi opt
hyundai i10,2009,petrol,72858,165199,new delhi,1442,hatchback,manual,magna 1.2
hyundai creta,2016,diesel,51353,837999,new delhi,1935,suv,,1.6 sx crdi
maruti swift,2015,petrol,48615,415299,ghaziabad,1343,hatchback,manual,vxi
maruti wagon r 1.0,2011,petrol,36084,273899,mumbai,188,hatchback,manual,vxi
maruti swift,2018,diesel,65207,684199,hyderabad,2465,hatchback,manual,zdi
maruti ritz,2011,petrol,17980,270699,noida,1841,hatchback,manual,vxi bs iv
hyundai elite i20,2016,petrol,33044,570599,hyderabad,1218,hatchback,manual,sportz 1.2
hyundai i10,2015,petrol,15440,337199,kolkata,2882,hatchback,manual,sportz 1.1 irde2
hyundai eon,2012,petrol,88747,290299,chennai,272,hatchback,manual,era plus
honda brio,2013,petrol,51650,274099,new delhi,1150,hatchback,manual,1.2 s mt i vtec
maruti wagon r 1.0,2012,petrol & cng,47356,235199,new delhi,828,hatchback,manual,lxi cng
maruti alto 800,2014,petrol,65487,259099,chennai,162,hatchback,manual,lxi
maruti swift,2015,diesel,114221,478699,hyderabad,888,hatchback,manual,vdi abs
toyota corolla altis,2011,petrol & cng,121163,357399,mumbai,1452,luxury sedan,,1.8 g
hyundai i10,2009,petrol,71126,300499,bengaluru,315,hatchback,manual,sportz 1.2
volkswagen polo,2014,diesel,70965,468999,chennai,326,hatchback,manual,trendline 1.5l diesel
maruti swift,2015,diesel,97868,381699,gurgaon,98,hatchback,manual,vdi abs
ford ecosport,2014,diesel,59818,435899,gurgaon,3047,suv,manual,1.5 ambiente tdci
toyota corolla altis,2008,petrol,81426,223599,mumbai,1632,luxury sedan,,1.8 g
hyundai i10,2011,petrol,73867,291599,hyderabad,997,hatchback,manual,magna 1.2 kappa2
hyundai creta,2017,petrol,41831,949799,noida,1472,suv,manual,1.6 sx plus petrol
maruti zen estilo,2010,petrol & cng,107892,133199,ahmedabad,2858,hatchback,manual,lxi
maruti ritz,2010,petrol,101633,233999,new delhi,20,hatchback,manual,lxi
tata tiago,2020,petrol,3282,499199,pune,1242,hatchback,manual,xt 1.2 revotron
hyundai verna,2013,petrol,190199,480799,bengaluru,773,sedan,manual,fluidic 1.6 sx vtvt opt
hyundai i10,2010,petrol & cng,37321,257999,mumbai,595,hatchback,manual,magna 1.2 kappa2
hyundai elite i20,2019,diesel,22902,700000,new delhi,240,hatchback,,1.4 magna plus crdi
renault kwid,2016,petrol,53414,352399,bengaluru,550,hatchback,manual,rxt opt
honda city,2014,petrol,171211,405499,new delhi,2013,sedan,manual,s mt petrol
toyota innova,2012,diesel,170924,483299,noida,3513,suv,manual,2.5 gx 8 str bs iv
chevrolet beat,2012,petrol,15914,182799,mumbai,2247,hatchback,manual,lt petrol
datsun redi go,2019,petrol,18090,248099,new delhi,15652,hatchback,manual,t (o)
maruti alto 800,2016,petrol,56491,244399,gurgaon,936,hatchback,manual,lxi
honda city zx,2008,petrol,94396,299699,chennai,616,sedan,manual,gxi
maruti swift dzire,2013,diesel,63674,350000,new delhi,152,sedan,manual,vdi bs iv
hyundai elite i20,2017,petrol,19606,615799,new delhi,2891,hatchback,manual,asta 1.2 (o)
maruti swift dzire,2016,petrol,17477,549299,chennai,1656,sedan,manual,vxi 1.2 bs iv
honda city,2017,petrol,35805,758099,hyderabad,4137,sedan,manual,v mt petrol
maruti wagon r 1.0,2013,petrol & cng,115213,279999,mumbai,500,hatchback,manual,lxi cng
maruti alto k10,2012,petrol,43367,288599,bengaluru,309,hatchback,manual,vxi
renault kwid,2018,petrol,24199,395399,bengaluru,1164,hatchback,,1.0 rxt opt marvel edition
maruti wagon r 1.0,2018,petrol,12409,396999,new delhi,2541,hatchback,automatic,vxi amt
maruti alto k10,2012,petrol,50282,274599,bengaluru,521,hatchback,manual,vxi
hyundai i10,2010,petrol,95624,297499,hyderabad,171,hatchback,manual,sportz 1.2
hyundai i10,2011,petrol,55421,274399,hyderabad,1376,hatchback,manual,magna 1.2 kappa2
hyundai i20,2011,petrol,82861,329099,chennai,504,hatchback,manual,magna o 1.2
mahindra xuv500,2014,diesel,88029,700000,mumbai,134,suv,manual,w6 4x2
maruti alto 800,2014,petrol,35406,290399,bengaluru,381,hatchback,manual,lxi
maruti swift dzire,2012,diesel,105522,326599,noida,465,sedan,manual,vdi bs iv
honda city,2011,petrol,56727,342699,mumbai,1052,sedan,manual,s mt petrol
hyundai i10,2010,petrol,38567,312299,bengaluru,3172,hatchback,manual,magna 1.1 irde2
hyundai elite i20,2019,petrol,7146,812999,mumbai,857,hatchback,,1.2  asta (o) cvt
hyundai verna,2014,diesel,84647,496099,mumbai,3030,sedan,manual,fluidic 1.6 sx crdi opt
maruti ertiga,2013,diesel,167408,391899,new delhi,2036,suv,manual,zdi
maruti alto 800,2016,petrol,18251,305599,chennai,215,hatchback,manual,lxi
mercedes benz c class,2011,petrol,81190,669799,ahmedabad,3426,luxury sedan,manual,200 cgi avantgarde
maruti swift dzire,2014,petrol,63051,388799,pune,1688,sedan,manual,vxi 1.2 bs iv
maruti swift dzire,2014,petrol,42968,439399,mumbai,1726,sedan,manual,zxi 1.2 bs iv
maruti alto k10,2014,petrol,45043,272399,chennai,1264,hatchback,manual,vxi
maruti alto k10,2012,petrol,33186,272199,bengaluru,620,hatchback,manual,vxi
honda city,2012,petrol,88489,355799,new delhi,2829,sedan,manual,v mt petrol
tata tigor,2017,petrol,46394,393299,new delhi,4991,sedan,manual,revotron xt
renault scala,2013,diesel,89370,256999,gurgaon,2528,sedan,manual,rxz
maruti ertiga,2016,petrol & cng,138691,655599,mumbai,1548,suv,manual,vxi cng
maruti swift,2013,diesel,69448,401899,pune,2983,hatchback,manual,vdi
maruti swift,2019,petrol,17518,505799,ahmedabad,3633,hatchback,manual,lxi
chevrolet beat,2011,petrol,46479,248699,bengaluru,1489,hatchback,manual,lt petrol
hyundai grand i10,2014,petrol,41556,429199,pune,642,hatchback,manual,sports 1.2 vtvt
maruti swift,2017,diesel,23886,550000,new delhi,295,hatchback,manual,ldi o
hyundai eon,2012,petrol,70135,239199,bengaluru,1120,hatchback,manual,era plus
hyundai i20,2013,petrol,34999,481899,bengaluru,1168,hatchback,manual,magna o 1.2
hyundai eon,2011,petrol,38721,145799,faridabad,5489,hatchback,manual,d lite
hyundai i10,2009,petrol,88322,259199,hyderabad,357,hatchback,manual,sportz 1.2
hyundai grand i10,2017,petrol,24433,432299,ghaziabad,1842,hatchback,,sportz(o) 1.2 mt
renault kwid,2016,petrol,52417,219899,new delhi,2964,hatchback,manual,rxt
hyundai new elantra,2015,petrol,99951,607799,mumbai,3608,luxury sedan,automatic,sx 1.8 at
volkswagen vento,2014,petrol,74950,430699,mumbai,711,sedan,manual,highline petrol
kia seltos,2019,petrol,6243,1041510,chennai,6590,,,htk 1.5 petrol
hyundai i20,2011,petrol,44007,264999,new delhi,2445,hatchback,manual,magna o 1.2
maruti swift,2011,diesel,181733,374299,pune,597,hatchback,manual,vdi
maruti alto,2008,petrol,72819,206499,bengaluru,29,hatchback,manual,lxi
maruti swift dzire,2013,diesel,154164,310299,new delhi,1473,sedan,manual,vdi bs iv
maruti vitara brezza,2016,diesel,101529,647999,new delhi,513,suv,manual,zdi
maruti alto,2012,petrol,12377,220899,pune,671,hatchback,manual,lxi
hyundai i10,2011,petrol,68764,293099,hyderabad,1881,hatchback,manual,sportz 1.2 kappa2
maruti swift dzire,2013,petrol,43859,482099,chennai,459,sedan,manual,vxi 1.2 bs iv
maruti wagon r 1.0,2015,petrol & cng,68611,344999,pune,1210,hatchback,manual,lxi cng
maruti ritz,2009,petrol,87557,232799,new delhi,358,hatchback,manual,vxi
maruti eeco,2019,petrol & cng,50814,444499,ahmedabad,550,suv,manual,5 str with ac plushtr
maruti ciaz,2017,diesel,76837,565699,noida,1458,sedan,manual,vdi+ shvs
hyundai verna,2013,petrol,66517,397099,mumbai,2802,sedan,manual,fluidic 1.6 ex vtvt
hyundai elite i20,2015,diesel,76322,572699,pune,1503,hatchback,manual,asta 1.4 crdi
maruti a star,2011,petrol,31715,179399,mumbai,1202,hatchback,manual,vxi
nissan sunny,2011,petrol,137729,307199,chennai,1102,sedan,manual,xv petrol
hyundai elite i20,2016,petrol,14540,575000,pune,312,hatchback,manual,asta 1.2 (o)
maruti celerio,2015,petrol,52458,350599,new delhi,1398,hatchback,automatic,zxi amt
maruti baleno,2018,petrol,24627,607899,chennai,735,hatchback,manual,delta 1.2 k12
ford figo,2010,diesel,61379,301199,bengaluru,148,hatchback,manual,1.4 zxi duratorq
datsun redi go,2017,petrol,16389,303899,hyderabad,4661,hatchback,manual,s
maruti alto,2007,petrol,59676,103599,faridabad,5986,hatchback,manual,lxi
hyundai elite i20,2015,petrol,21236,567499,new delhi,4720,hatchback,manual,asta 1.2
maruti wagon r 1.0,2015,petrol,47506,304399,pune,1643,hatchback,manual,vxi
hyundai verna,2013,diesel,92521,359199,new delhi,2478,sedan,manual,fluidic 1.6 sx crdi
toyota etios liva,2012,diesel,190416,306599,mumbai,893,hatchback,manual,gd
renault kwid,2016,petrol,62730,303099,pune,1023,hatchback,manual,1.0 rxt
hyundai i20,2012,petrol,36697,389399,mumbai,99,hatchback,manual,sportz 1.2 vtvt
datsun redi go,2017,petrol,26725,282399,bengaluru,1653,hatchback,manual,t (o)
hyundai i10,2011,petrol,116983,247999,hyderabad,2050,hatchback,manual,magna 1.2 kappa2
toyota etios,2013,diesel,73361,320000,new delhi,19,sedan,manual,gd
hyundai grand i10,2016,petrol,24665,427299,gurgaon,1216,hatchback,manual,sportz 1.2 kappa vtvt
maruti eeco,2017,petrol,15251,384799,bengaluru,1293,suv,manual,5 str with ac plushtr
hyundai verna,2013,petrol,49259,584799,bengaluru,873,sedan,manual,fluidic 1.6 sx vtvt
maruti baleno,2016,petrol,34682,494999,bengaluru,1804,hatchback,automatic,delta 1.2 k12 amt
renault kwid,2016,petrol,64939,297899,mumbai,106,hatchback,manual,rxt
renault duster,2013,diesel,73503,370999,mumbai,2565,suv,manual,85 ps rxl
renault duster,2014,diesel,74016,507899,hyderabad,2497,suv,manual,85 ps rxl
toyota etios liva,2012,petrol,85100,257999,new delhi,1356,hatchback,manual,g
hyundai i10,2009,petrol,48964,278699,chennai,320,hatchback,manual,magna 1.2
mahindra scorpio,2015,diesel,60362,865399,ghaziabad,3679,suv,manual,s8
mercedes benz e class,2013,diesel,41294,1445409,noida,4846,luxury sedan,manual,e 250 cdi avantgarde
maruti ertiga,2016,diesel,48085,825999,bengaluru,1378,suv,manual,zdi plus shvs
mahindra xuv500,2014,diesel,97537,694799,mumbai,1130,luxury suv,manual,w8 fwd
maruti xl6,2019,petrol,14911,1012119,pune,300,suv,,alpha shvs  mt
maruti wagon r 1.0,2014,petrol & cng,174675,307999,mumbai,277,hatchback,manual,lxi cng
maruti alto k10,2014,petrol,50599,323299,bengaluru,526,hatchback,manual,vxi
volkswagen polo,2010,diesel,59580,371299,bengaluru,665,hatchback,manual,highline1.2l diesel
tata indigo cs,2009,petrol,42165,143399,hyderabad,4000,sedan,manual,glx
maruti alto,2010,petrol,137382,117099,new delhi,2909,hatchback,manual,lxi
maruti alto k10,2014,petrol,37168,214699,mumbai,449,hatchback,manual,lxi
maruti swift,2014,petrol,91931,385399,new delhi,324,hatchback,manual,vxi
audi q3,2015,diesel,73656,1646803,chennai,7538,luxury suv,automatic,35 tdi quattro
hyundai i20,2012,petrol,66504,314999,pune,2453,hatchback,manual,asta 1.2
honda city,2010,petrol,85037,301999,mumbai,364,sedan,manual,s mt petrol
maruti wagon r 1.0,2012,petrol,29425,313899,bengaluru,5013,hatchback,manual,vxi
maruti alto 800,2014,petrol,5383,285699,noida,8359,hatchback,manual,vxi
skoda laura,2009,petrol,67343,300000,new delhi,275,luxury sedan,manual,ambiente 1.8 tsi
hyundai verna,2013,petrol,58233,439499,new delhi,1449,sedan,manual,fluidic 1.6 ex vtvt
renault duster,2017,petrol,49922,661599,mumbai,2368,suv,automatic,rxs cvt 106 ps
hyundai getz prime,2008,petrol,43423,233099,bengaluru,689,hatchback,manual,1.3 gvs
hyundai i20,2011,petrol,39597,338399,hyderabad,1079,hatchback,manual,magna o 1.2
hyundai elite i20,2015,petrol,35706,431999,noida,1831,hatchback,manual,magna 1.2
maruti alto k10,2011,petrol,70996,257199,bengaluru,551,hatchback,manual,vxi
toyota innova crysta,2016,diesel,51851,1708615,mumbai,2005,suv,automatic,2.8 zx at 7 str
maruti wagon r 1.0,2013,petrol & cng,62965,298599,new delhi,1652,hatchback,manual,lxi cng
hyundai i10,2011,petrol,52311,313999,bengaluru,755,hatchback,manual,magna 1.2 kappa2
maruti wagon r,2009,petrol,66777,209999,bengaluru,2617,hatchback,manual,vxi bs iii
maruti wagon r 1.0,2015,petrol & cng,6799,378099,mumbai,2161,hatchback,manual,lxi cng
maruti swift dzire,2014,diesel,155205,476299,hyderabad,1542,sedan,manual,vdi bs iv
maruti swift dzire,2012,diesel,120777,336299,noida,389,sedan,manual,vdi bs iv
maruti dzire,2017,petrol,20149,508499,new delhi,3071,sedan,manual,vxi
honda city,2012,petrol,51808,411499,mumbai,5881,sedan,automatic,v at
mercedes benz b class,2013,diesel,88600,719499,ahmedabad,3724,luxury suv,manual,b180
maruti ritz,2011,petrol,66475,241699,mumbai,465,hatchback,manual,vxi bs iv
maruti wagon r,2010,petrol,37650,232499,lucknow,2573,hatchback,manual,lxi
maruti alto,2010,petrol,135052,224999,bengaluru,282,hatchback,manual,lxi
hyundai santro xing,2011,petrol,16261,334199,bengaluru,1670,hatchback,manual,gl plus
maruti swift dzire,2009,petrol,70988,240599,new delhi,159,sedan,manual,vxi 1.3
mahindra renault logan,2010,diesel,104324,90000,faridabad,855,sedan,manual,dlx 1.5 dci bs iv
honda city zx,2006,petrol,53377,100000,lucknow,194,,,1.5 exi
maruti swift,2012,diesel,164127,273199,gurgaon,907,hatchback,manual,vdi
hyundai eon,2013,petrol,44854,213599,gurgaon,473,hatchback,manual,era plus
hyundai elite i20,2014,petrol,65178,420099,noida,1405,hatchback,manual,sportz 1.2
hyundai new elantra,2012,diesel,108532,488599,mumbai,2221,luxury sedan,,1.6 sx at
honda city,2010,petrol,113701,353199,new delhi,303,sedan,manual,s mt petrol
maruti swift,2019,petrol,2576,648899,chennai,1333,hatchback,manual,vxi
maruti wagon r 1.0,2017,petrol & cng,47637,400299,mumbai,936,hatchback,manual,lxi cng
maruti alto k10,2015,petrol,11366,329999,pune,1416,hatchback,,vxi amt
mahindra tuv300,2016,diesel,34658,534599,bengaluru,2323,suv,manual,t6+
honda city,2015,petrol,38614,702299,bengaluru,1700,sedan,manual,v mt petrol
hyundai santro xing,2009,petrol & lpg,68306,239999,bengaluru,361,hatchback,manual,gls
tata tiago,2016,petrol,83614,321099,ahmedabad,981,hatchback,manual,xz 1.2 revotron
maruti wagon r 1.0,2010,petrol,115045,230999,chennai,536,hatchback,manual,lxi
honda city,2011,petrol,73611,317299,mumbai,696,sedan,manual,s mt petrol
maruti alto k10,2013,petrol,36750,236999,gurgaon,1884,hatchback,manual,vxi
honda jazz,2010,petrol,102047,231899,pune,3321,hatchback,manual,1.2 base i vtec
hyundai santro xing,2009,petrol,102210,181399,bengaluru,2330,hatchback,manual,gls
honda amaze,2014,diesel,68279,325000,new delhi,118,sedan,manual,1.5 smt i dtec
skoda rapid,2017,diesel,38359,826299,pune,3778,sedan,automatic,style 1.5 tdi at
maruti celerio x,2018,petrol & cng,57877,391699,ahmedabad,5038,hatchback,manual,zxi
toyota etios,2011,petrol,106451,200000,mumbai,154,sedan,manual,vx
datsun go,2015,petrol,63585,224499,pune,3923,hatchback,manual,t
maruti alto,2011,petrol,29879,223999,bengaluru,2102,hatchback,manual,lxi
maruti wagon r 1.0,2018,petrol,32446,358899,ghaziabad,2198,hatchback,manual,vxi
maruti ignis,2017,petrol,8480,555699,mumbai,1564,hatchback,automatic,zeta 1.2 k12 amt
skoda rapid,2014,petrol,83429,505999,bengaluru,1754,sedan,automatic,1.6 mpi at ambition plus
hyundai i20,2013,petrol,45714,328599,mumbai,2786,hatchback,manual,magna 1.2 vtvt
hyundai i20,2013,diesel,81344,285199,gurgaon,1027,hatchback,manual,magna 1.4 crdi
maruti ertiga,2015,petrol & cng,148319,548299,mumbai,817,suv,manual,vxi cng
maruti celerio,2017,petrol,8865,480000,bengaluru,80,hatchback,manual,vxi (o)
maruti wagon r 1.0,2015,petrol & cng,207086,247799,ghaziabad,1370,hatchback,manual,lxi cng
hyundai grand i10,2013,petrol,60133,360699,chennai,1212,hatchback,manual,sports 1.2 vtvt
honda city,2010,petrol,98807,388199,bengaluru,1214,sedan,automatic,v at
maruti wagon r 1.0,2012,petrol & cng,41964,259499,mumbai,1226,hatchback,manual,lxi cng
honda city,2010,petrol,122773,263899,new delhi,1590,sedan,manual,s mt petrol
mahindra xuv500,2012,diesel,163110,531599,pune,1873,luxury suv,manual,w8 fwd
hyundai i10,2010,petrol,124364,130000,new delhi,166,hatchback,manual,era 1.1 irde
hyundai verna,2012,diesel,67818,358099,noida,2261,sedan,manual,fluidic 1.6 sx crdi
hyundai eon,2013,petrol,53063,208499,mumbai,410,hatchback,manual,era plus
datsun redi go,2018,petrol,1676,243099,pune,2857,hatchback,manual,a
maruti ciaz,2016,petrol,53647,572999,mumbai,1485,sedan,manual,vxi plus
hyundai i10,2015,petrol,48590,374499,mumbai,373,hatchback,manual,sportz 1.1 irde2
maruti alto 800,2016,petrol,23105,224399,noida,3909,hatchback,manual,lxi
maruti ritz,2011,petrol,97812,262399,mumbai,337,hatchback,manual,zxi
volkswagen vento,2011,petrol,152770,245599,mumbai,1035,sedan,manual,trendline petrol
hyundai i10,2011,petrol,93562,294399,hyderabad,260,hatchback,manual,magna 1.2 kappa2
maruti alto 800,2014,petrol,21725,284399,bengaluru,420,hatchback,manual,lxi
nissan micra,2011,diesel,105520,259099,chennai,1955,hatchback,manual,xv diesel
mahindra kuv100,2016,petrol,21041,313099,noida,3978,suv,manual,k4+ 6 str
honda city,2010,petrol,27657,317499,mumbai,1694,sedan,manual,s mt petrol
hyundai elite i20,2015,diesel,20971,678399,bengaluru,2117,hatchback,manual,asta 1.4 crdi
hyundai i20,2012,petrol,91465,298099,pune,686,hatchback,manual,magna 1.2 vtvt
maruti wagon r 1.0,2013,petrol,54361,248999,pune,1318,hatchback,manual,vxi
maruti swift dzire,2014,petrol,56002,472699,mumbai,258,sedan,manual,vxi 1.2 bs iv
hyundai i10,2011,petrol,5044,357399,bengaluru,2859,hatchback,manual,magna 1.2 kappa2
hyundai grand i10,2014,petrol,110017,323499,noida,480,hatchback,manual,sportz 1.2 kappa vtvt
hyundai santro xing,2012,petrol,43847,210699,mumbai,659,hatchback,manual,gls
honda amaze,2018,petrol,12824,681899,bengaluru,1374,sedan,manual,1.2 vxmt i vtec
hyundai santro xing,2014,petrol & cng,94746,285899,ahmedabad,1338,hatchback,manual,gl plus
skoda rapid,2011,diesel,154355,374499,bengaluru,1155,sedan,manual,elegance 1.6 tdi mt
hyundai i10,2010,petrol,111674,176099,new delhi,3638,hatchback,manual,magna 1.2 kappa2
volkswagen vento,2013,diesel,81479,420299,mumbai,772,sedan,manual,highline diesel
mahindra kuv100,2016,petrol,27265,369999,chennai,4043,suv,manual,k8 6 str
hyundai grand i10,2015,petrol,56019,447599,bengaluru,616,hatchback,manual,asta at 1.2 kappa vtvt
hyundai creta,2019,petrol,9130,900799,new delhi,5318,suv,manual,1.6 e + vtvt
maruti wagon r 1.0,2017,petrol,12889,432099,pune,3185,hatchback,manual,vxi plus
hyundai i20,2013,petrol,113370,345299,mumbai,1156,hatchback,manual,sportz 1.2 vtvt
hyundai grand i10,2013,petrol,120438,373599,bengaluru,658,hatchback,manual,asta 1.2 vtvt
hyundai verna,2016,petrol,49323,700000,mumbai,534,sedan,manual,fluidic 1.6 sx vtvt
maruti wagon r 1.0,2012,petrol,98462,238799,mumbai,1205,hatchback,manual,vxi
hyundai elite i20,2017,petrol,10302,618199,mumbai,556,hatchback,manual,sportz 1.2
maruti wagon r 1.0,2013,petrol & cng,96602,329499,pune,529,hatchback,manual,lxi cng
honda amaze,2017,petrol,10143,550000,ahmedabad,226,sedan,manual,1.2 s (o) mt i vtec
maruti ritz,2013,petrol,75842,238599,mumbai,1588,hatchback,manual,vxi bs iv
maruti ertiga,2016,diesel,169374,703899,chennai,1108,suv,manual,zdi plus shvs
hyundai creta,2015,petrol,58585,732299,new delhi,960,suv,manual,1.6 sx plus petrol
renault kwid,2016,petrol,30632,346499,bengaluru,1173,hatchback,manual,rxt opt
maruti ertiga,2012,petrol,41547,476999,mumbai,2809,suv,manual,vxi
maruti baleno,2017,diesel,76217,582299,new delhi,273,hatchback,manual,alpha ddis 190
hyundai i20,2011,petrol,30746,251099,gurgaon,2193,hatchback,manual,era 1.2
maruti wagon r 1.0,2012,petrol,21852,302099,mumbai,367,hatchback,manual,vxi
maruti ertiga,2016,diesel,43399,761399,mumbai,1128,suv,manual,vdi shvs
maruti alto 800,2016,petrol & cng,57923,237199,new delhi,1091,hatchback,manual,lxi
hyundai i10,2013,petrol,100679,246499,ahmedabad,882,hatchback,manual,era 1.1 irde
maruti swift,2014,petrol & cng,39571,376099,new delhi,1759,hatchback,manual,vxi
maruti swift,2012,diesel,82585,302399,new delhi,67,hatchback,manual,vdi
hyundai i20,2011,petrol,80612,251799,mumbai,455,hatchback,manual,sportz 1.2 o
hyundai elite i20,2015,petrol,23973,559399,ahmedabad,2926,hatchback,manual,asta 1.2
mercedes benz c class,2008,diesel,83474,200000,new delhi,803,luxury sedan,,c 220 cdi elegance mt
hyundai new santro,2019,petrol,13427,500199,lucknow,2870,,,sportz 1.1
hyundai eon,2014,petrol,29661,291899,bengaluru,848,hatchback,manual,era plus
audi q3,2016,diesel,68290,2750000,mumbai,185,luxury suv,automatic,35 tdi premium plus
maruti swift,2012,petrol,61782,300000,new delhi,742,hatchback,manual,zxi
hyundai grand i10,2013,petrol,85110,341799,new delhi,904,hatchback,manual,sportz 1.2 kappa vtvt
hyundai elite i20,2016,diesel,88378,508499,new delhi,1541,hatchback,manual,1.4 crdi asta (o)
hyundai grand i10,2017,petrol,21830,574799,hyderabad,2545,hatchback,,sportz (o) 1.2 at vtvt
hyundai i10,2009,petrol,97719,228299,bengaluru,550,hatchback,manual,sportz 1.2
honda civic,2010,petrol,66894,423899,bengaluru,1861,sedan,automatic,1.8v at
volkswagen jetta,2015,diesel,96631,1052216,pune,894,sedan,automatic,highline tdi at
mahindra xuv500,2015,diesel,119932,733899,mumbai,1235,luxury suv,manual,w8 fwd
mahindra thar,2014,diesel,78542,420000,pune,567,suv,manual,crde 4x4 bs iv
renault duster,2013,diesel,120039,331799,ghaziabad,1213,suv,manual,85 ps rxl
mahindra scorpio,2014,diesel,24847,880799,ghaziabad,5473,suv,manual,s10
hyundai i10,2010,petrol,43890,322399,bengaluru,112,hatchback,manual,magna 1.2
maruti swift dzire,2013,diesel,108631,471799,hyderabad,551,sedan,manual,vdi bs iv
tata tiago,2019,petrol,43346,453399,chennai,1422,hatchback,manual,xz 1.2 revotron
hyundai i10,2011,petrol,95082,252799,ahmedabad,407,hatchback,manual,magna 1.2 kappa2
maruti ertiga,2017,petrol & cng,73340,612000,pune,546,suv,manual,vxi cng
honda wr-v,2017,diesel,31874,714199,new delhi,840,suv,manual,1.5 i-dtec vx mt
hyundai verna,2013,diesel,49718,397499,new delhi,3558,sedan,manual,fluidic 1.6 sx crdi
toyota etios,2011,petrol,13579,402399,bengaluru,23375,sedan,manual,v
maruti wagon r 1.0,2016,petrol & cng,48003,347699,mumbai,2450,hatchback,manual,lxi cng
skoda rapid,2015,diesel,78966,457099,bengaluru,1818,sedan,manual,1.5 tdi mt ambition
hyundai santro xing,2010,petrol & lpg,44077,263599,hyderabad,901,hatchback,manual,gls lpg
hyundai creta,2017,petrol,17713,987199,hyderabad,3784,suv,manual,1.6 sx plus petrol
hyundai i20,2010,petrol,75640,256099,new delhi,357,hatchback,manual,sportz 1.2 o
maruti swift,2018,petrol,14695,607399,bengaluru,1304,hatchback,manual,vxi
honda amaze,2016,petrol,24434,504699,ahmedabad,1415,sedan,manual,1.2 smt i vtec
maruti eeco,2018,petrol,31895,430999,bengaluru,415,suv,manual,5 str with ac plushtr
hyundai santro xing,2009,petrol,71417,215899,ahmedabad,153,hatchback,manual,gls
maruti zen estilo,2010,petrol,67593,184799,mumbai,741,hatchback,manual,vxi
hyundai i20,2011,petrol,38857,371199,bengaluru,2038,hatchback,manual,magna o 1.2
hyundai i20,2014,petrol,51261,499000,mumbai,39,hatchback,manual,sportz 1.2 vtvt
hyundai i10,2014,petrol,13068,386099,mumbai,1029,hatchback,manual,magna 1.1 irde2
hyundai i20,2013,petrol,74457,386299,chennai,1359,hatchback,manual,asta 1.2
renault duster,2015,diesel,171979,475399,mumbai,1458,suv,manual,85 ps rxe
mercedes benz e class,2013,diesel,52110,1352489,gurgaon,2555,luxury sedan,manual,e 220 cdi elegance
hyundai grand i10,2017,petrol,10172,460999,pune,774,hatchback,manual,magna 1.2 kappa vtvt
maruti wagon r 1.0,2012,petrol & cng,104227,275599,mumbai,1257,hatchback,manual,lxi cng
hyundai elite i20,2015,diesel,47644,491399,new delhi,2709,hatchback,manual,magna 1.4 crdi
renault duster,2012,diesel,115024,484199,bengaluru,1546,suv,manual,85 ps rxl
toyota etios,2011,diesel,130494,380299,bengaluru,1135,sedan,manual,gd
toyota innova,2010,diesel,205948,530699,pune,963,suv,manual,2.5 g4 7 str
maruti alto,2009,petrol,39622,164499,pune,881,hatchback,manual,lxi
volkswagen polo,2012,petrol,38023,322699,pune,2580,hatchback,manual,highline1.2l petrol
honda city,2015,petrol,59851,559599,noida,1133,sedan,manual,v mt petrol
mg hector,2019,petrol,83351,1477426,gurgaon,1328,,,sharp dct petrol
honda br-v,2016,petrol,14173,676899,pune,3308,suv,manual,1.5 i-vtec vx
volkswagen polo,2015,petrol,84079,474999,pune,522,hatchback,manual,highline1.2l petrol
mahindra scorpio,2012,diesel,87063,390000,new delhi,547,suv,manual,sle bs iv
tata tiago,2016,petrol,43387,329199,new delhi,2933,hatchback,manual,xm 1.2 revotron
mahindra tuv300,2017,diesel,32394,705499,mumbai,1714,suv,manual,t8
maruti celerio,2014,petrol,43981,291699,ahmedabad,4552,hatchback,manual,vxi
hyundai santro xing,2011,petrol,88720,261699,hyderabad,1991,hatchback,manual,gl plus
maruti swift,2018,petrol,50364,589399,bengaluru,2657,hatchback,manual,vxi
bmw x1,2016,diesel,25485,1818604,new delhi,7453,luxury suv,automatic,sdrive 20d
hyundai elite i20,2019,petrol,8746,650999,bengaluru,2850,hatchback,,1.2 magna plus vtvt
maruti alto 800,2012,petrol,126375,202099,gurgaon,372,hatchback,manual,lxi
hyundai verna,2014,diesel,186575,400599,noida,1511,sedan,manual,fluidic 1.6 sx crdi
maruti alto k10,2016,petrol,8545,361299,chennai,940,hatchback,,vxi (o) amt
hyundai elite i20,2014,petrol & cng,78930,431399,faridabad,1659,hatchback,manual,asta 1.2
maruti alto k10,2016,petrol,23199,376499,chennai,147,hatchback,,vxi amt
mahindra xuv500,2012,diesel,59608,438099,new delhi,10575,luxury suv,manual,w8 fwd
maruti ertiga,2016,diesel,59802,788499,pune,1491,suv,manual,zdi plus shvs
hyundai grand i10,2014,petrol,138853,322499,new delhi,634,hatchback,manual,magna 1.2 kappa vtvt
hyundai elite i20,2015,petrol,41701,516000,bengaluru,328,hatchback,manual,sportz 1.2
hyundai elite i20,2016,petrol,39768,650799,bengaluru,900,hatchback,manual,asta 1.2 (o)
volkswagen polo,2014,petrol,49253,517299,mumbai,888,hatchback,automatic,gt tsi 1.2 petrol at
toyota fortuner,2017,diesel,81861,2571559,mumbai,1827,luxury suv,automatic,2.8 4x2 at
mercedes benz c class,2017,diesel,10579,3250000,gurgaon,414,luxury sedan,manual,c 220 cdi style
datsun go plus,2016,petrol,32405,300399,hyderabad,3878,hatchback,manual,t
maruti wagon r,2008,petrol,77123,138299,pune,2470,hatchback,manual,lxi
maruti ciaz,2015,petrol,60900,620299,bengaluru,797,sedan,manual,vxi plus
maruti baleno,2016,petrol,60068,556199,chennai,157,hatchback,manual,delta 1.2 k12
maruti alto k10,2015,petrol,12657,293899,mumbai,481,hatchback,manual,vxi
maruti swift dzire,2013,diesel,83315,372199,new delhi,319,sedan,manual,vdi bs iv
hyundai i20,2010,petrol,38182,259399,mumbai,1579,hatchback,manual,magna o 1.2
nissan micra active,2016,petrol,63814,404399,bengaluru,1059,hatchback,manual,xv s
mahindra tuv300,2016,diesel,69884,504299,faridabad,1504,suv,manual,t6+
maruti alto,2009,petrol,35094,156599,pune,1522,hatchback,manual,lxi
maruti eeco,2017,petrol & cng,111095,297299,new delhi,1398,suv,manual,5 str with ac plushtr
hyundai creta,2015,diesel,97803,888899,mumbai,457,suv,automatic,1.6 crdi sx plus auto
toyota etios,2011,diesel,100743,231699,new delhi,1605,sedan,manual,vd
maruti wagon r 1.0,2012,petrol,50014,255199,mumbai,1502,hatchback,manual,vxi
maruti alto k10,2013,petrol & cng,99985,201799,noida,1415,hatchback,manual,vxi
ford figo,2011,petrol,97608,181899,pune,2959,hatchback,manual,1.2 zxi duratec
maruti wagon r 1.0,2011,petrol,63165,320599,hyderabad,693,hatchback,manual,lxi
maruti vitara brezza,2019,diesel,39681,771599,new delhi,3101,suv,manual,vdi
hyundai grand i10,2018,petrol,21074,562399,bengaluru,1196,hatchback,manual,sports 1.2 vtvt
chevrolet spark,2013,petrol,28778,180899,mumbai,3684,hatchback,manual,lt 1.0
ford figo,2012,diesel,60930,216199,faridabad,4561,hatchback,manual,1.4 lxi duratorq
kia seltos,2019,petrol,5348,1734168,mumbai,1446,,,gtx+ 1.4 mt
hyundai creta,2015,diesel,86573,934599,bengaluru,1848,suv,,1.6 sx crdi
toyota etios,2013,diesel,60472,492099,bengaluru,1410,sedan,manual,vd
ford ecosport,2018,diesel,71483,797399,hyderabad,3012,suv,manual,1.5titanium tdci
hyundai verna,2014,diesel,84023,491399,ghaziabad,2035,sedan,manual,fluidic 1.6 sx crdi opt
maruti ertiga,2018,petrol & cng,10312,775000,mumbai,472,suv,manual,vxi cng
maruti swift,2014,petrol,32555,397899,new delhi,1488,hatchback,manual,vxi
hyundai i10,2015,petrol,30511,316699,ahmedabad,2881,hatchback,manual,sportz 1.1 irde2
ford figo,2010,diesel,116520,251099,bengaluru,1293,hatchback,manual,1.4 titanium duratorq
hyundai grand i10,2017,petrol,30373,425699,new delhi,553,hatchback,manual,sportz o 1.2
chevrolet sail uva,2015,diesel,57445,199799,mumbai,4971,hatchback,manual,1.3 base
maruti eeco,2010,petrol,51536,232199,chennai,2019,suv,manual,5 str
tata nano,2016,petrol,14330,205899,bengaluru,931,hatchback,automatic,twist xta
maruti alto,2010,petrol,42016,133199,new delhi,412,hatchback,manual,lxi
maruti zen estilo,2011,petrol,43511,252699,bengaluru,887,hatchback,manual,vxi
maruti ritz,2013,petrol,57033,323699,chennai,1196,hatchback,manual,vxi bs iv
hyundai i10,2012,petrol,24076,244799,mumbai,642,hatchback,manual,era 1.1 irde
maruti ciaz,2017,diesel,69848,615099,ghaziabad,1377,sedan,manual,vdi+ shvs
tata tiago,2016,petrol,39149,341599,new delhi,1894,hatchback,manual,xm 1.2 revotron
maruti eeco,2010,petrol,58745,222999,pune,1609,suv,manual,5 str with ac plushtr
maruti ritz,2009,petrol,75433,203099,gurgaon,513,hatchback,manual,vxi
hyundai santro xing,2013,petrol,50603,231299,pune,716,hatchback,manual,gls
maruti swift dzire,2013,diesel,53065,407799,mumbai,925,sedan,manual,ldi bs iv
maruti ciaz,2014,diesel,46586,605099,bengaluru,986,sedan,manual,zdi
maruti celerio,2016,petrol & cng,37772,426399,mumbai,900,hatchback,manual,vxi cng
maruti alto k10,2014,petrol,24316,274399,new delhi,1809,hatchback,,vxi amt
renault kwid,2016,petrol,44582,237499,mumbai,4632,hatchback,manual,rxt
maruti ciaz,2017,petrol,83043,630899,mumbai,810,sedan,automatic,zxi amt
hyundai i10,2011,petrol,65816,354199,hyderabad,523,hatchback,automatic,sportz 1.2 at kappa2
hyundai eon,2017,petrol,35926,332999,hyderabad,812,hatchback,manual,sportz
maruti swift,2019,petrol,12889,582599,chennai,1982,hatchback,manual,vxi
hyundai verna,2014,diesel,74024,456999,pune,2141,sedan,manual,fluidic 1.4 crdi cx
maruti baleno,2016,petrol,48541,533599,gurgaon,796,hatchback,,zeta 1.2 k12 cvt
honda city,2012,petrol,81212,325799,new delhi,2509,sedan,automatic,s at
maruti swift dzire,2014,diesel,87125,493599,bengaluru,801,sedan,manual,vdi bs iv
volkswagen polo,2011,petrol,61129,217299,new delhi,1875,hatchback,manual,comfortline 1.2l petrol
maruti swift,2014,diesel,40375,443599,chennai,3940,hatchback,manual,vdi
renault kwid,2018,petrol,3517,422099,pune,1401,hatchback,automatic,rxt 1.0 easy-r at option
maruti swift,2015,petrol,65380,441799,ahmedabad,818,hatchback,manual,vxi
hyundai venue,2019,petrol,7857,1031006,lucknow,2844,suv,,1.0 turbo gdi sx+ at
maruti swift dzire,2014,petrol,88009,416599,mumbai,198,sedan,manual,vxi 1.2 bs iv
volkswagen polo,2012,diesel,149569,238699,ghaziabad,88,hatchback,manual,comfortline 1.2l diesel
maruti ignis,2017,petrol,31152,526899,mumbai,1242,hatchback,automatic,zeta 1.2 k12 amt
hyundai i20,2013,diesel,81363,387199,chennai,1741,hatchback,manual,sportz 1.4 crdi
maruti ciaz,2017,petrol,61838,603699,noida,1577,sedan,manual,zxi plus
maruti celerio,2017,petrol,163124,389899,bengaluru,663,hatchback,manual,vxi
hyundai grand i10,2014,petrol & cng,75691,377199,pune,663,hatchback,manual,sportz 1.2 kappa vtvt
tata zest,2016,diesel,61903,397999,chennai,1310,sedan,,xm quadrajet 75ps
skoda rapid,2012,petrol,53525,293599,mumbai,1889,sedan,manual,elegance 1.6 mpfi mt
hyundai verna,2015,diesel,72206,550000,new delhi,122,sedan,manual,fluidic 1.6 sx crdi
maruti eeco,2019,petrol & cng,27346,449199,ahmedabad,644,suv,manual,5 str with ac plushtr
toyota fortuner,2011,diesel,190068,829399,mumbai,2157,luxury suv,manual,3.0 mt 4x4
skoda rapid,2012,diesel,182075,258499,new delhi,1616,sedan,manual,1.6 tdi mt ambition
maruti swift,2018,petrol,26202,624999,bengaluru,401,hatchback,manual,vxi
maruti swift,2017,petrol,24104,535399,hyderabad,2835,hatchback,manual,vxi
maruti alto k10,2017,petrol,18913,294299,gurgaon,2151,hatchback,manual,vxi
maruti wagon r,2010,petrol,66102,150000,new delhi,138,hatchback,manual,lxi
maruti wagon r 1.0,2012,petrol,40091,310599,mumbai,245,hatchback,manual,vxi
maruti zen estilo,2010,petrol,40225,213599,bengaluru,1453,hatchback,manual,lxi
maruti alto 800,2015,petrol,32821,232199,ahmedabad,1733,hatchback,manual,vxi
maruti alto k10,2010,petrol,40666,189699,new delhi,1327,hatchback,manual,vxi
volkswagen jetta,2012,petrol,88973,448699,new delhi,1171,sedan,manual,trendline 1.4 tsi mt
maruti 800,2002,petrol & lpg,77323,35000,ahmedabad,492,hatchback,manual,ac
honda amaze,2018,diesel,53486,604299,ghaziabad,2756,sedan,,1.5 v cvt i-dtec
maruti ignis,2018,petrol,8854,562599,chennai,640,hatchback,manual,delta 1.2 k12
honda amaze,2015,petrol,46300,400499,pune,795,sedan,manual,1.2 smt i vtec
maruti alto k10,2016,petrol,27245,284099,new delhi,1155,hatchback,manual,lxi
mahindra thar,2017,diesel,37134,671399,new delhi,4603,suv,manual,crde 4x4 bs iv
